{"level":"info","message":"Incoming Request","method":"OPTIONS","requestId":"ac4eebbe-941d-496c-a280-12048787ea8a","timestamp":"2024-12-15T15:41:49.885Z","type":"REQUEST","url":"/api/note"}
{"level":"info","message":"Outgoing Response","method":"OPTIONS","requestId":"ac4eebbe-941d-496c-a280-12048787ea8a","statusCode":204,"timestamp":"2024-12-15T15:41:49.887Z","type":"RESPONSE","url":"/api/note"}
{"level":"info","message":"Incoming Request","method":"POST","requestId":"822b1826-92af-4a55-b42d-2de0617db84c","timestamp":"2024-12-15T15:41:49.889Z","type":"REQUEST","url":"/api/note"}
{"class":"UserController","funtion":"createNote","level":"info","message":"Create Note Request","payload":{"confirmBeforeDestruction":false,"email":"","noteText":"hah","password":"","referenceName":"","selfDestructTime":"After reading it"},"requestId":"822b1826-92af-4a55-b42d-2de0617db84c","timestamp":"2024-12-15T15:41:49.901Z","type":"REQUEST"}
{"class":"NoteService","function":"createNote","level":"info","message":"Create Note Request","payload":{"confirmBeforeDestruction":false,"email":"","noteText":"hah","password":"","referenceName":"","selfDestructTime":"After reading it"},"requestId":"MISSING","timestamp":"2024-12-15T15:41:49.902Z","type":"REQUEST"}
{"class":"NoteService","function":"createNote","level":"info","message":"Note Created Successfully","noteId":"92678a7d95399e070e2c81ac337d23c2","requestId":"MISSING","statusCode":201,"timestamp":"2024-12-15T15:41:49.954Z","type":"RESPONSE"}
{"class":"UserController","funtion":"createNote","level":"info","message":"Note Created Successfully","requestId":"822b1826-92af-4a55-b42d-2de0617db84c","response":{"message":"Note created","noteId":"92678a7d95399e070e2c81ac337d23c2"},"statusCode":200,"timestamp":"2024-12-15T15:41:49.955Z","type":"RESPONSE"}
{"level":"info","message":"Outgoing Response","method":"POST","requestId":"822b1826-92af-4a55-b42d-2de0617db84c","statusCode":200,"timestamp":"2024-12-15T15:41:49.957Z","type":"RESPONSE","url":"/api/note"}
{"level":"info","message":"Incoming Request","method":"OPTIONS","requestId":"84fd3168-f40a-442d-8086-3b9727243d50","timestamp":"2024-12-15T15:41:57.026Z","type":"REQUEST","url":"/api/note/92678a7d95399e070e2c81ac337d23c2"}
{"level":"info","message":"Outgoing Response","method":"OPTIONS","requestId":"84fd3168-f40a-442d-8086-3b9727243d50","statusCode":204,"timestamp":"2024-12-15T15:41:57.029Z","type":"RESPONSE","url":"/api/note/92678a7d95399e070e2c81ac337d23c2"}
{"level":"info","message":"Incoming Request","method":"OPTIONS","requestId":"48dc0027-5bad-4a61-8ab7-2d5f35ee09b9","timestamp":"2024-12-15T15:41:57.030Z","type":"REQUEST","url":"/api/note/92678a7d95399e070e2c81ac337d23c2"}
{"level":"info","message":"Incoming Request","method":"GET","requestId":"dc48dcd1-ed7d-41dc-bda6-a3ec8d5f7758","timestamp":"2024-12-15T15:41:57.033Z","type":"REQUEST","url":"/api/note/92678a7d95399e070e2c81ac337d23c2"}
{"class":"UserController","customId":"92678a7d95399e070e2c81ac337d23c2","funtion":"getNoteById","level":"info","message":"Get Note By ID Request","requestId":"dc48dcd1-ed7d-41dc-bda6-a3ec8d5f7758","timestamp":"2024-12-15T15:41:57.034Z","type":"REQUEST"}
{"class":"NoteService","customId":"92678a7d95399e070e2c81ac337d23c2","function":"getNoteByIdAndStatus","level":"info","message":"Get Note By ID and Status Request","requestId":"dc48dcd1-ed7d-41dc-bda6-a3ec8d5f7758","timestamp":"2024-12-15T15:41:57.035Z","type":"REQUEST"}
{"class":"GenericService","function":"findOne","level":"info","message":"Find Document Request","model":"Note","query":{"customId":"92678a7d95399e070e2c81ac337d23c2"},"requestId":"dc48dcd1-ed7d-41dc-bda6-a3ec8d5f7758","timestamp":"2024-12-15T15:41:57.036Z","type":"REQUEST"}
{"level":"info","message":"Outgoing Response","method":"OPTIONS","requestId":"48dc0027-5bad-4a61-8ab7-2d5f35ee09b9","statusCode":204,"timestamp":"2024-12-15T15:41:57.042Z","type":"RESPONSE","url":"/api/note/92678a7d95399e070e2c81ac337d23c2"}
{"class":"GenericService","documentId":"675ef8bdf457c85f3c35eb95","function":"findOne","level":"info","message":"Document Found Successfully","model":"Note","requestId":"dc48dcd1-ed7d-41dc-bda6-a3ec8d5f7758","timestamp":"2024-12-15T15:41:57.077Z","type":"RESPONSE"}
{"class":"NoteService","customId":"92678a7d95399e070e2c81ac337d23c2","function":"getNoteByIdAndStatus","level":"info","message":"Note Retrieved Successfully","note":{"text":"hah"},"requestId":"dc48dcd1-ed7d-41dc-bda6-a3ec8d5f7758","statusCode":200,"timestamp":"2024-12-15T15:41:57.078Z","type":"RESPONSE"}
{"class":"UserController","customId":"92678a7d95399e070e2c81ac337d23c2","funtion":"getNoteById","level":"info","message":"Note Retrieved Successfully","note":{"confirmBeforeDestruction":false,"text":"hah"},"requestId":"dc48dcd1-ed7d-41dc-bda6-a3ec8d5f7758","statusCode":200,"timestamp":"2024-12-15T15:41:57.079Z","type":"RESPONSE"}
{"level":"info","message":"Outgoing Response","method":"GET","requestId":"dc48dcd1-ed7d-41dc-bda6-a3ec8d5f7758","statusCode":200,"timestamp":"2024-12-15T15:41:57.081Z","type":"RESPONSE","url":"/api/note/92678a7d95399e070e2c81ac337d23c2"}
{"level":"info","message":"Incoming Request","method":"GET","requestId":"939410e8-4efe-43eb-8506-7b24db38abd1","timestamp":"2024-12-15T15:41:57.082Z","type":"REQUEST","url":"/api/note/92678a7d95399e070e2c81ac337d23c2"}
{"class":"UserController","customId":"92678a7d95399e070e2c81ac337d23c2","funtion":"getNoteById","level":"info","message":"Get Note By ID Request","requestId":"939410e8-4efe-43eb-8506-7b24db38abd1","timestamp":"2024-12-15T15:41:57.083Z","type":"REQUEST"}
{"class":"NoteService","customId":"92678a7d95399e070e2c81ac337d23c2","function":"getNoteByIdAndStatus","level":"info","message":"Get Note By ID and Status Request","requestId":"939410e8-4efe-43eb-8506-7b24db38abd1","timestamp":"2024-12-15T15:41:57.084Z","type":"REQUEST"}
{"class":"GenericService","function":"findOne","level":"info","message":"Find Document Request","model":"Note","query":{"customId":"92678a7d95399e070e2c81ac337d23c2"},"requestId":"939410e8-4efe-43eb-8506-7b24db38abd1","timestamp":"2024-12-15T15:41:57.084Z","type":"REQUEST"}
{"class":"GenericService","documentId":"675ef8bdf457c85f3c35eb95","function":"findOne","level":"info","message":"Document Found Successfully","model":"Note","requestId":"939410e8-4efe-43eb-8506-7b24db38abd1","timestamp":"2024-12-15T15:41:57.118Z","type":"RESPONSE"}
{"class":"NoteService","customId":"92678a7d95399e070e2c81ac337d23c2","function":"getNoteByIdAndStatus","level":"info","message":"Note Retrieved Successfully","note":{"text":"hah"},"requestId":"939410e8-4efe-43eb-8506-7b24db38abd1","statusCode":200,"timestamp":"2024-12-15T15:41:57.119Z","type":"RESPONSE"}
{"class":"UserController","customId":"92678a7d95399e070e2c81ac337d23c2","funtion":"getNoteById","level":"info","message":"Note Retrieved Successfully","note":{"confirmBeforeDestruction":false,"text":"hah"},"requestId":"939410e8-4efe-43eb-8506-7b24db38abd1","statusCode":200,"timestamp":"2024-12-15T15:41:57.120Z","type":"RESPONSE"}
{"level":"info","message":"Outgoing Response","method":"GET","requestId":"939410e8-4efe-43eb-8506-7b24db38abd1","statusCode":304,"timestamp":"2024-12-15T15:41:57.121Z","type":"RESPONSE","url":"/api/note/92678a7d95399e070e2c81ac337d23c2"}
{"level":"info","message":"Incoming Request","method":"OPTIONS","requestId":"ce219600-e82c-46d7-9614-79afb512dc5b","timestamp":"2024-12-15T15:41:57.935Z","type":"REQUEST","url":"/api/delete/92678a7d95399e070e2c81ac337d23c2"}
{"level":"info","message":"Outgoing Response","method":"OPTIONS","requestId":"ce219600-e82c-46d7-9614-79afb512dc5b","statusCode":204,"timestamp":"2024-12-15T15:41:57.936Z","type":"RESPONSE","url":"/api/delete/92678a7d95399e070e2c81ac337d23c2"}
{"level":"info","message":"Incoming Request","method":"DELETE","requestId":"68b48e2e-14ea-4ca9-a6e7-a1ece655efe4","timestamp":"2024-12-15T15:41:57.938Z","type":"REQUEST","url":"/api/delete/92678a7d95399e070e2c81ac337d23c2"}
{"class":"UserController","customId":"92678a7d95399e070e2c81ac337d23c2","funtion":"deleteNote","level":"info","message":"Delete Note Request","requestId":"68b48e2e-14ea-4ca9-a6e7-a1ece655efe4","timestamp":"2024-12-15T15:41:57.939Z","type":"REQUEST"}
{"class":"NoteService","customId":"92678a7d95399e070e2c81ac337d23c2","function":"deleteNote","level":"info","message":"Delete Note Request","requestId":"68b48e2e-14ea-4ca9-a6e7-a1ece655efe4","timestamp":"2024-12-15T15:41:57.940Z","type":"REQUEST"}
{"class":"GenericService","function":"updateOne","level":"info","message":"Update Document Request","model":"Note","query":{"customId":"92678a7d95399e070e2c81ac337d23c2"},"requestId":"68b48e2e-14ea-4ca9-a6e7-a1ece655efe4","timestamp":"2024-12-15T15:41:57.940Z","type":"REQUEST","update":{"$set":{"isDeleted":true}}}
{"class":"GenericService","function":"updateOne","level":"info","matchedCount":1,"message":"Document Updated Successfully","model":"Note","requestId":"68b48e2e-14ea-4ca9-a6e7-a1ece655efe4","timestamp":"2024-12-15T15:41:57.981Z","type":"RESPONSE"}
{"class":"NoteService","customId":"92678a7d95399e070e2c81ac337d23c2","function":"deleteNote","level":"info","message":"Note Deleted Successfully","requestId":"68b48e2e-14ea-4ca9-a6e7-a1ece655efe4","statusCode":200,"timestamp":"2024-12-15T15:41:57.982Z","type":"RESPONSE"}
{"class":"UserController","customId":"92678a7d95399e070e2c81ac337d23c2","funtion":"deleteNote","level":"info","message":"Note Deleted Successfully","requestId":"68b48e2e-14ea-4ca9-a6e7-a1ece655efe4","response":"Note has been deleted","statusCode":200,"timestamp":"2024-12-15T15:41:57.982Z","type":"RESPONSE"}
{"level":"info","message":"Outgoing Response","method":"DELETE","requestId":"68b48e2e-14ea-4ca9-a6e7-a1ece655efe4","statusCode":200,"timestamp":"2024-12-15T15:41:57.984Z","type":"RESPONSE","url":"/api/delete/92678a7d95399e070e2c81ac337d23c2"}
{"level":"info","message":"Incoming Request","method":"OPTIONS","requestId":"f1e35690-8000-46f0-8a16-2b6eedc5a9db","timestamp":"2024-12-15T15:42:38.188Z","type":"REQUEST","url":"/api/login"}
{"level":"info","message":"Outgoing Response","method":"OPTIONS","requestId":"f1e35690-8000-46f0-8a16-2b6eedc5a9db","statusCode":204,"timestamp":"2024-12-15T15:42:38.189Z","type":"RESPONSE","url":"/api/login"}
{"level":"info","message":"Incoming Request","method":"POST","requestId":"8d94bd11-7cee-485c-9844-03892c634c5a","timestamp":"2024-12-15T15:42:38.192Z","type":"REQUEST","url":"/api/login"}
{"class":"UserController","email":"test@gmail.com","funtion":"login","level":"info","message":"User login attempt","requestId":"8d94bd11-7cee-485c-9844-03892c634c5a","timestamp":"2024-12-15T15:42:38.193Z","type":"REQUEST"}
{"class":"UserController","email":"test@gmail.com","funtion":"login","level":"info","message":"User login successful","requestId":"8d94bd11-7cee-485c-9844-03892c634c5a","statusCode":200,"timestamp":"2024-12-15T15:42:38.321Z","type":"RESPONSE"}
{"level":"info","message":"Outgoing Response","method":"POST","requestId":"8d94bd11-7cee-485c-9844-03892c634c5a","statusCode":200,"timestamp":"2024-12-15T15:42:38.322Z","type":"RESPONSE","url":"/api/login"}
{"level":"info","message":"Incoming Request","method":"OPTIONS","requestId":"6a17dd0b-e1fe-4b8c-b08a-38b2b5a1fb8b","timestamp":"2024-12-15T15:42:42.782Z","type":"REQUEST","url":"/api/note"}
{"level":"info","message":"Outgoing Response","method":"OPTIONS","requestId":"6a17dd0b-e1fe-4b8c-b08a-38b2b5a1fb8b","statusCode":204,"timestamp":"2024-12-15T15:42:42.784Z","type":"RESPONSE","url":"/api/note"}
{"level":"info","message":"Incoming Request","method":"POST","requestId":"56aa95e2-5d85-4377-b088-ac1d59e9b844","timestamp":"2024-12-15T15:42:42.785Z","type":"REQUEST","url":"/api/note"}
{"class":"UserController","funtion":"createNote","level":"info","message":"Create Note Request","payload":{"confirmBeforeDestruction":false,"email":"","noteText":"hello","password":"","referenceName":"","selfDestructTime":"After reading it"},"requestId":"56aa95e2-5d85-4377-b088-ac1d59e9b844","timestamp":"2024-12-15T15:42:42.787Z","type":"REQUEST"}
{"class":"NoteService","function":"createNote","level":"info","message":"Create Note Request","payload":{"confirmBeforeDestruction":false,"email":"","noteText":"hello","password":"","referenceName":"","selfDestructTime":"After reading it"},"requestId":"MISSING","timestamp":"2024-12-15T15:42:42.789Z","type":"REQUEST"}
{"class":"NoteService","function":"createNote","level":"info","message":"Note Created Successfully","noteId":"0db82925b749ff4959588a516f47abc2","requestId":"MISSING","statusCode":201,"timestamp":"2024-12-15T15:42:42.831Z","type":"RESPONSE"}
{"class":"UserController","funtion":"createNote","level":"info","message":"Note Created Successfully","requestId":"56aa95e2-5d85-4377-b088-ac1d59e9b844","response":{"message":"Note created","noteId":"0db82925b749ff4959588a516f47abc2"},"statusCode":200,"timestamp":"2024-12-15T15:42:42.832Z","type":"RESPONSE"}
{"level":"info","message":"Outgoing Response","method":"POST","requestId":"56aa95e2-5d85-4377-b088-ac1d59e9b844","statusCode":200,"timestamp":"2024-12-15T15:42:42.833Z","type":"RESPONSE","url":"/api/note"}
{"level":"info","message":"Incoming Request","method":"OPTIONS","requestId":"4bf0f5cd-531f-405c-a676-319031f6d2c9","timestamp":"2024-12-15T15:42:44.023Z","type":"REQUEST","url":"/api/delete/0db82925b749ff4959588a516f47abc2"}
{"level":"info","message":"Outgoing Response","method":"OPTIONS","requestId":"4bf0f5cd-531f-405c-a676-319031f6d2c9","statusCode":204,"timestamp":"2024-12-15T15:42:44.025Z","type":"RESPONSE","url":"/api/delete/0db82925b749ff4959588a516f47abc2"}
{"level":"info","message":"Incoming Request","method":"DELETE","requestId":"5d463761-c002-4f20-9276-8825ba812d60","timestamp":"2024-12-15T15:42:44.027Z","type":"REQUEST","url":"/api/delete/0db82925b749ff4959588a516f47abc2"}
{"class":"UserController","customId":"0db82925b749ff4959588a516f47abc2","funtion":"deleteNote","level":"info","message":"Delete Note Request","requestId":"5d463761-c002-4f20-9276-8825ba812d60","timestamp":"2024-12-15T15:42:44.028Z","type":"REQUEST"}
{"class":"NoteService","customId":"0db82925b749ff4959588a516f47abc2","function":"deleteNote","level":"info","message":"Delete Note Request","requestId":"5d463761-c002-4f20-9276-8825ba812d60","timestamp":"2024-12-15T15:42:44.028Z","type":"REQUEST"}
{"class":"GenericService","function":"updateOne","level":"info","message":"Update Document Request","model":"Note","query":{"customId":"0db82925b749ff4959588a516f47abc2"},"requestId":"5d463761-c002-4f20-9276-8825ba812d60","timestamp":"2024-12-15T15:42:44.029Z","type":"REQUEST","update":{"$set":{"isDeleted":true}}}
{"class":"GenericService","function":"updateOne","level":"info","matchedCount":1,"message":"Document Updated Successfully","model":"Note","requestId":"5d463761-c002-4f20-9276-8825ba812d60","timestamp":"2024-12-15T15:42:44.067Z","type":"RESPONSE"}
{"class":"NoteService","customId":"0db82925b749ff4959588a516f47abc2","function":"deleteNote","level":"info","message":"Note Deleted Successfully","requestId":"5d463761-c002-4f20-9276-8825ba812d60","statusCode":200,"timestamp":"2024-12-15T15:42:44.068Z","type":"RESPONSE"}
{"class":"UserController","customId":"0db82925b749ff4959588a516f47abc2","funtion":"deleteNote","level":"info","message":"Note Deleted Successfully","requestId":"5d463761-c002-4f20-9276-8825ba812d60","response":"Note has been deleted","statusCode":200,"timestamp":"2024-12-15T15:42:44.069Z","type":"RESPONSE"}
{"level":"info","message":"Outgoing Response","method":"DELETE","requestId":"5d463761-c002-4f20-9276-8825ba812d60","statusCode":200,"timestamp":"2024-12-15T15:42:44.077Z","type":"RESPONSE","url":"/api/delete/0db82925b749ff4959588a516f47abc2"}
{"level":"info","message":"Incoming Request","method":"OPTIONS","requestId":"6fd131c9-142a-4777-b1e3-495dcf2aef13","timestamp":"2024-12-15T15:42:52.714Z","type":"REQUEST","url":"/api/note"}
{"level":"info","message":"Outgoing Response","method":"OPTIONS","requestId":"6fd131c9-142a-4777-b1e3-495dcf2aef13","statusCode":204,"timestamp":"2024-12-15T15:42:52.715Z","type":"RESPONSE","url":"/api/note"}
{"level":"info","message":"Incoming Request","method":"POST","requestId":"2b13d95f-b5e5-4a9c-aec9-88402012e141","timestamp":"2024-12-15T15:42:52.717Z","type":"REQUEST","url":"/api/note"}
{"class":"UserController","funtion":"createNote","level":"info","message":"Create Note Request","payload":{"confirmBeforeDestruction":false,"email":"","noteText":"Test123","password":"","referenceName":"","selfDestructTime":"After reading it"},"requestId":"2b13d95f-b5e5-4a9c-aec9-88402012e141","timestamp":"2024-12-15T15:42:52.719Z","type":"REQUEST"}
{"class":"NoteService","function":"createNote","level":"info","message":"Create Note Request","payload":{"confirmBeforeDestruction":false,"email":"","noteText":"Test123","password":"","referenceName":"","selfDestructTime":"After reading it"},"requestId":"MISSING","timestamp":"2024-12-15T15:42:52.720Z","type":"REQUEST"}
{"class":"NoteService","function":"createNote","level":"info","message":"Note Created Successfully","noteId":"ff0f913bb7bc18911af394c5d930df23","requestId":"MISSING","statusCode":201,"timestamp":"2024-12-15T15:42:52.765Z","type":"RESPONSE"}
{"class":"UserController","funtion":"createNote","level":"info","message":"Note Created Successfully","requestId":"2b13d95f-b5e5-4a9c-aec9-88402012e141","response":{"message":"Note created","noteId":"ff0f913bb7bc18911af394c5d930df23"},"statusCode":200,"timestamp":"2024-12-15T15:42:52.765Z","type":"RESPONSE"}
{"level":"info","message":"Outgoing Response","method":"POST","requestId":"2b13d95f-b5e5-4a9c-aec9-88402012e141","statusCode":200,"timestamp":"2024-12-15T15:42:52.767Z","type":"RESPONSE","url":"/api/note"}
{"level":"info","message":"Incoming Request","method":"OPTIONS","requestId":"88c069da-a40d-4a92-ab06-ce74def79039","timestamp":"2024-12-15T15:42:58.013Z","type":"REQUEST","url":"/api/note/ff0f913bb7bc18911af394c5d930df23"}
{"level":"info","message":"Outgoing Response","method":"OPTIONS","requestId":"88c069da-a40d-4a92-ab06-ce74def79039","statusCode":204,"timestamp":"2024-12-15T15:42:58.015Z","type":"RESPONSE","url":"/api/note/ff0f913bb7bc18911af394c5d930df23"}
{"level":"info","message":"Incoming Request","method":"OPTIONS","requestId":"80fe67aa-8572-44c1-9a0f-3ddb54f0aaa4","timestamp":"2024-12-15T15:42:58.017Z","type":"REQUEST","url":"/api/note/ff0f913bb7bc18911af394c5d930df23"}
{"level":"info","message":"Outgoing Response","method":"OPTIONS","requestId":"80fe67aa-8572-44c1-9a0f-3ddb54f0aaa4","statusCode":204,"timestamp":"2024-12-15T15:42:58.019Z","type":"RESPONSE","url":"/api/note/ff0f913bb7bc18911af394c5d930df23"}
{"level":"info","message":"Incoming Request","method":"GET","requestId":"cf842209-f0f7-427a-bd41-ac29fe77d404","timestamp":"2024-12-15T15:42:58.021Z","type":"REQUEST","url":"/api/note/ff0f913bb7bc18911af394c5d930df23"}
{"class":"UserController","customId":"ff0f913bb7bc18911af394c5d930df23","funtion":"getNoteById","level":"info","message":"Get Note By ID Request","requestId":"cf842209-f0f7-427a-bd41-ac29fe77d404","timestamp":"2024-12-15T15:42:58.022Z","type":"REQUEST"}
{"class":"NoteService","customId":"ff0f913bb7bc18911af394c5d930df23","function":"getNoteByIdAndStatus","level":"info","message":"Get Note By ID and Status Request","requestId":"cf842209-f0f7-427a-bd41-ac29fe77d404","timestamp":"2024-12-15T15:42:58.023Z","type":"REQUEST"}
{"class":"GenericService","function":"findOne","level":"info","message":"Find Document Request","model":"Note","query":{"customId":"ff0f913bb7bc18911af394c5d930df23"},"requestId":"cf842209-f0f7-427a-bd41-ac29fe77d404","timestamp":"2024-12-15T15:42:58.023Z","type":"REQUEST"}
{"class":"GenericService","documentId":"675ef8fcf457c85f3c35eb9e","function":"findOne","level":"info","message":"Document Found Successfully","model":"Note","requestId":"cf842209-f0f7-427a-bd41-ac29fe77d404","timestamp":"2024-12-15T15:42:58.060Z","type":"RESPONSE"}
{"class":"NoteService","customId":"ff0f913bb7bc18911af394c5d930df23","function":"getNoteByIdAndStatus","level":"info","message":"Note Retrieved Successfully","note":{"text":"Test123"},"requestId":"cf842209-f0f7-427a-bd41-ac29fe77d404","statusCode":200,"timestamp":"2024-12-15T15:42:58.061Z","type":"RESPONSE"}
{"class":"UserController","customId":"ff0f913bb7bc18911af394c5d930df23","funtion":"getNoteById","level":"info","message":"Note Retrieved Successfully","note":{"confirmBeforeDestruction":false,"text":"Test123"},"requestId":"cf842209-f0f7-427a-bd41-ac29fe77d404","statusCode":200,"timestamp":"2024-12-15T15:42:58.062Z","type":"RESPONSE"}
{"level":"info","message":"Outgoing Response","method":"GET","requestId":"cf842209-f0f7-427a-bd41-ac29fe77d404","statusCode":200,"timestamp":"2024-12-15T15:42:58.063Z","type":"RESPONSE","url":"/api/note/ff0f913bb7bc18911af394c5d930df23"}
{"level":"info","message":"Incoming Request","method":"GET","requestId":"bd2a396f-f576-4ff5-9d9f-4b626220bdf9","timestamp":"2024-12-15T15:42:58.064Z","type":"REQUEST","url":"/api/note/ff0f913bb7bc18911af394c5d930df23"}
{"class":"UserController","customId":"ff0f913bb7bc18911af394c5d930df23","funtion":"getNoteById","level":"info","message":"Get Note By ID Request","requestId":"bd2a396f-f576-4ff5-9d9f-4b626220bdf9","timestamp":"2024-12-15T15:42:58.065Z","type":"REQUEST"}
{"class":"NoteService","customId":"ff0f913bb7bc18911af394c5d930df23","function":"getNoteByIdAndStatus","level":"info","message":"Get Note By ID and Status Request","requestId":"bd2a396f-f576-4ff5-9d9f-4b626220bdf9","timestamp":"2024-12-15T15:42:58.065Z","type":"REQUEST"}
{"class":"GenericService","function":"findOne","level":"info","message":"Find Document Request","model":"Note","query":{"customId":"ff0f913bb7bc18911af394c5d930df23"},"requestId":"bd2a396f-f576-4ff5-9d9f-4b626220bdf9","timestamp":"2024-12-15T15:42:58.066Z","type":"REQUEST"}
{"class":"GenericService","documentId":"675ef8fcf457c85f3c35eb9e","function":"findOne","level":"info","message":"Document Found Successfully","model":"Note","requestId":"bd2a396f-f576-4ff5-9d9f-4b626220bdf9","timestamp":"2024-12-15T15:42:58.098Z","type":"RESPONSE"}
{"class":"NoteService","customId":"ff0f913bb7bc18911af394c5d930df23","function":"getNoteByIdAndStatus","level":"info","message":"Note Retrieved Successfully","note":{"text":"Test123"},"requestId":"bd2a396f-f576-4ff5-9d9f-4b626220bdf9","statusCode":200,"timestamp":"2024-12-15T15:42:58.099Z","type":"RESPONSE"}
{"class":"UserController","customId":"ff0f913bb7bc18911af394c5d930df23","funtion":"getNoteById","level":"info","message":"Note Retrieved Successfully","note":{"confirmBeforeDestruction":false,"text":"Test123"},"requestId":"bd2a396f-f576-4ff5-9d9f-4b626220bdf9","statusCode":200,"timestamp":"2024-12-15T15:42:58.100Z","type":"RESPONSE"}
{"level":"info","message":"Outgoing Response","method":"GET","requestId":"bd2a396f-f576-4ff5-9d9f-4b626220bdf9","statusCode":304,"timestamp":"2024-12-15T15:42:58.100Z","type":"RESPONSE","url":"/api/note/ff0f913bb7bc18911af394c5d930df23"}
{"level":"info","message":"Incoming Request","method":"OPTIONS","requestId":"36cd7135-fff5-4199-818b-46f8609d9dd1","timestamp":"2024-12-15T15:42:58.885Z","type":"REQUEST","url":"/api/delete/ff0f913bb7bc18911af394c5d930df23"}
{"level":"info","message":"Outgoing Response","method":"OPTIONS","requestId":"36cd7135-fff5-4199-818b-46f8609d9dd1","statusCode":204,"timestamp":"2024-12-15T15:42:58.886Z","type":"RESPONSE","url":"/api/delete/ff0f913bb7bc18911af394c5d930df23"}
{"level":"info","message":"Incoming Request","method":"DELETE","requestId":"d639fd8b-79ae-4f2f-95db-6e2a7673249f","timestamp":"2024-12-15T15:42:58.888Z","type":"REQUEST","url":"/api/delete/ff0f913bb7bc18911af394c5d930df23"}
{"class":"UserController","customId":"ff0f913bb7bc18911af394c5d930df23","funtion":"deleteNote","level":"info","message":"Delete Note Request","requestId":"d639fd8b-79ae-4f2f-95db-6e2a7673249f","timestamp":"2024-12-15T15:42:58.889Z","type":"REQUEST"}
{"class":"NoteService","customId":"ff0f913bb7bc18911af394c5d930df23","function":"deleteNote","level":"info","message":"Delete Note Request","requestId":"d639fd8b-79ae-4f2f-95db-6e2a7673249f","timestamp":"2024-12-15T15:42:58.890Z","type":"REQUEST"}
{"class":"GenericService","function":"updateOne","level":"info","message":"Update Document Request","model":"Note","query":{"customId":"ff0f913bb7bc18911af394c5d930df23"},"requestId":"d639fd8b-79ae-4f2f-95db-6e2a7673249f","timestamp":"2024-12-15T15:42:58.891Z","type":"REQUEST","update":{"$set":{"isDeleted":true}}}
{"class":"GenericService","function":"updateOne","level":"info","matchedCount":1,"message":"Document Updated Successfully","model":"Note","requestId":"d639fd8b-79ae-4f2f-95db-6e2a7673249f","timestamp":"2024-12-15T15:42:58.931Z","type":"RESPONSE"}
{"class":"NoteService","customId":"ff0f913bb7bc18911af394c5d930df23","function":"deleteNote","level":"info","message":"Note Deleted Successfully","requestId":"d639fd8b-79ae-4f2f-95db-6e2a7673249f","statusCode":200,"timestamp":"2024-12-15T15:42:58.932Z","type":"RESPONSE"}
{"class":"UserController","customId":"ff0f913bb7bc18911af394c5d930df23","funtion":"deleteNote","level":"info","message":"Note Deleted Successfully","requestId":"d639fd8b-79ae-4f2f-95db-6e2a7673249f","response":"Note has been deleted","statusCode":200,"timestamp":"2024-12-15T15:42:58.933Z","type":"RESPONSE"}
{"level":"info","message":"Outgoing Response","method":"DELETE","requestId":"d639fd8b-79ae-4f2f-95db-6e2a7673249f","statusCode":200,"timestamp":"2024-12-15T15:42:58.934Z","type":"RESPONSE","url":"/api/delete/ff0f913bb7bc18911af394c5d930df23"}
{"level":"info","message":"Incoming Request","method":"OPTIONS","requestId":"bb77fcfa-baef-44ac-8ff5-3ec3b8372deb","timestamp":"2024-12-15T15:43:11.792Z","type":"REQUEST","url":"/api/note"}
{"level":"info","message":"Outgoing Response","method":"OPTIONS","requestId":"bb77fcfa-baef-44ac-8ff5-3ec3b8372deb","statusCode":204,"timestamp":"2024-12-15T15:43:11.794Z","type":"RESPONSE","url":"/api/note"}
{"level":"info","message":"Incoming Request","method":"POST","requestId":"1c4cd396-b766-4af9-97c2-0a06c016f264","timestamp":"2024-12-15T15:43:11.796Z","type":"REQUEST","url":"/api/note"}
{"class":"UserController","funtion":"createNote","level":"info","message":"Create Note Request","payload":{"confirmBeforeDestruction":false,"email":"","noteText":"test 456\nHello \nHow Are You","password":"","referenceName":"","selfDestructTime":"After reading it"},"requestId":"1c4cd396-b766-4af9-97c2-0a06c016f264","timestamp":"2024-12-15T15:43:11.801Z","type":"REQUEST"}
{"class":"NoteService","function":"createNote","level":"info","message":"Create Note Request","payload":{"confirmBeforeDestruction":false,"email":"","noteText":"test 456\nHello \nHow Are You","password":"","referenceName":"","selfDestructTime":"After reading it"},"requestId":"MISSING","timestamp":"2024-12-15T15:43:11.802Z","type":"REQUEST"}
{"class":"NoteService","function":"createNote","level":"info","message":"Note Created Successfully","noteId":"1a23bcda6f35bb760feeca76f066fd59","requestId":"MISSING","statusCode":201,"timestamp":"2024-12-15T15:43:11.844Z","type":"RESPONSE"}
{"class":"UserController","funtion":"createNote","level":"info","message":"Note Created Successfully","requestId":"1c4cd396-b766-4af9-97c2-0a06c016f264","response":{"message":"Note created","noteId":"1a23bcda6f35bb760feeca76f066fd59"},"statusCode":200,"timestamp":"2024-12-15T15:43:11.845Z","type":"RESPONSE"}
{"level":"info","message":"Outgoing Response","method":"POST","requestId":"1c4cd396-b766-4af9-97c2-0a06c016f264","statusCode":200,"timestamp":"2024-12-15T15:43:11.846Z","type":"RESPONSE","url":"/api/note"}
{"level":"info","message":"Incoming Request","method":"OPTIONS","requestId":"64e54923-f969-49a6-bd96-58a0302b7393","timestamp":"2024-12-15T15:43:18.875Z","type":"REQUEST","url":"/api/note/1a23bcda6f35bb760feeca76f066fd59"}
{"level":"info","message":"Outgoing Response","method":"OPTIONS","requestId":"64e54923-f969-49a6-bd96-58a0302b7393","statusCode":204,"timestamp":"2024-12-15T15:43:18.876Z","type":"RESPONSE","url":"/api/note/1a23bcda6f35bb760feeca76f066fd59"}
{"level":"info","message":"Incoming Request","method":"OPTIONS","requestId":"2ed0e314-b171-43ab-ae26-59aa1a2ab3a3","timestamp":"2024-12-15T15:43:18.877Z","type":"REQUEST","url":"/api/note/1a23bcda6f35bb760feeca76f066fd59"}
{"level":"info","message":"Outgoing Response","method":"OPTIONS","requestId":"2ed0e314-b171-43ab-ae26-59aa1a2ab3a3","statusCode":204,"timestamp":"2024-12-15T15:43:18.877Z","type":"RESPONSE","url":"/api/note/1a23bcda6f35bb760feeca76f066fd59"}
{"level":"info","message":"Incoming Request","method":"GET","requestId":"a0869a45-e65b-434f-ba60-9c991f373a11","timestamp":"2024-12-15T15:43:18.878Z","type":"REQUEST","url":"/api/note/1a23bcda6f35bb760feeca76f066fd59"}
{"class":"UserController","customId":"1a23bcda6f35bb760feeca76f066fd59","funtion":"getNoteById","level":"info","message":"Get Note By ID Request","requestId":"a0869a45-e65b-434f-ba60-9c991f373a11","timestamp":"2024-12-15T15:43:18.878Z","type":"REQUEST"}
{"class":"NoteService","customId":"1a23bcda6f35bb760feeca76f066fd59","function":"getNoteByIdAndStatus","level":"info","message":"Get Note By ID and Status Request","requestId":"a0869a45-e65b-434f-ba60-9c991f373a11","timestamp":"2024-12-15T15:43:18.878Z","type":"REQUEST"}
{"class":"GenericService","function":"findOne","level":"info","message":"Find Document Request","model":"Note","query":{"customId":"1a23bcda6f35bb760feeca76f066fd59"},"requestId":"a0869a45-e65b-434f-ba60-9c991f373a11","timestamp":"2024-12-15T15:43:18.878Z","type":"REQUEST"}
{"class":"GenericService","documentId":"675ef90ff457c85f3c35eba3","function":"findOne","level":"info","message":"Document Found Successfully","model":"Note","requestId":"a0869a45-e65b-434f-ba60-9c991f373a11","timestamp":"2024-12-15T15:43:18.917Z","type":"RESPONSE"}
{"class":"NoteService","customId":"1a23bcda6f35bb760feeca76f066fd59","function":"getNoteByIdAndStatus","level":"info","message":"Note Retrieved Successfully","note":{"text":"test 456\nHello \nHow Are You"},"requestId":"a0869a45-e65b-434f-ba60-9c991f373a11","statusCode":200,"timestamp":"2024-12-15T15:43:18.917Z","type":"RESPONSE"}
{"class":"UserController","customId":"1a23bcda6f35bb760feeca76f066fd59","funtion":"getNoteById","level":"info","message":"Note Retrieved Successfully","note":{"confirmBeforeDestruction":false,"text":"test 456\nHello \nHow Are You"},"requestId":"a0869a45-e65b-434f-ba60-9c991f373a11","statusCode":200,"timestamp":"2024-12-15T15:43:18.917Z","type":"RESPONSE"}
{"level":"info","message":"Outgoing Response","method":"GET","requestId":"a0869a45-e65b-434f-ba60-9c991f373a11","statusCode":200,"timestamp":"2024-12-15T15:43:18.918Z","type":"RESPONSE","url":"/api/note/1a23bcda6f35bb760feeca76f066fd59"}
{"level":"info","message":"Incoming Request","method":"GET","requestId":"ef9181d4-001a-4211-ae7e-df37d1198e86","timestamp":"2024-12-15T15:43:18.919Z","type":"REQUEST","url":"/api/note/1a23bcda6f35bb760feeca76f066fd59"}
{"class":"UserController","customId":"1a23bcda6f35bb760feeca76f066fd59","funtion":"getNoteById","level":"info","message":"Get Note By ID Request","requestId":"ef9181d4-001a-4211-ae7e-df37d1198e86","timestamp":"2024-12-15T15:43:18.920Z","type":"REQUEST"}
{"class":"NoteService","customId":"1a23bcda6f35bb760feeca76f066fd59","function":"getNoteByIdAndStatus","level":"info","message":"Get Note By ID and Status Request","requestId":"ef9181d4-001a-4211-ae7e-df37d1198e86","timestamp":"2024-12-15T15:43:18.922Z","type":"REQUEST"}
{"class":"GenericService","function":"findOne","level":"info","message":"Find Document Request","model":"Note","query":{"customId":"1a23bcda6f35bb760feeca76f066fd59"},"requestId":"ef9181d4-001a-4211-ae7e-df37d1198e86","timestamp":"2024-12-15T15:43:18.923Z","type":"REQUEST"}
{"class":"GenericService","documentId":"675ef90ff457c85f3c35eba3","function":"findOne","level":"info","message":"Document Found Successfully","model":"Note","requestId":"ef9181d4-001a-4211-ae7e-df37d1198e86","timestamp":"2024-12-15T15:43:18.957Z","type":"RESPONSE"}
{"class":"NoteService","customId":"1a23bcda6f35bb760feeca76f066fd59","function":"getNoteByIdAndStatus","level":"info","message":"Note Retrieved Successfully","note":{"text":"test 456\nHello \nHow Are You"},"requestId":"ef9181d4-001a-4211-ae7e-df37d1198e86","statusCode":200,"timestamp":"2024-12-15T15:43:18.958Z","type":"RESPONSE"}
{"class":"UserController","customId":"1a23bcda6f35bb760feeca76f066fd59","funtion":"getNoteById","level":"info","message":"Note Retrieved Successfully","note":{"confirmBeforeDestruction":false,"text":"test 456\nHello \nHow Are You"},"requestId":"ef9181d4-001a-4211-ae7e-df37d1198e86","statusCode":200,"timestamp":"2024-12-15T15:43:18.958Z","type":"RESPONSE"}
{"level":"info","message":"Outgoing Response","method":"GET","requestId":"ef9181d4-001a-4211-ae7e-df37d1198e86","statusCode":304,"timestamp":"2024-12-15T15:43:18.959Z","type":"RESPONSE","url":"/api/note/1a23bcda6f35bb760feeca76f066fd59"}
{"level":"info","message":"Incoming Request","method":"OPTIONS","requestId":"bb97591a-3e2c-4185-99fc-f9356286f780","timestamp":"2024-12-15T15:43:19.751Z","type":"REQUEST","url":"/api/delete/1a23bcda6f35bb760feeca76f066fd59"}
{"level":"info","message":"Outgoing Response","method":"OPTIONS","requestId":"bb97591a-3e2c-4185-99fc-f9356286f780","statusCode":204,"timestamp":"2024-12-15T15:43:19.752Z","type":"RESPONSE","url":"/api/delete/1a23bcda6f35bb760feeca76f066fd59"}
{"level":"info","message":"Incoming Request","method":"DELETE","requestId":"1391f578-a31a-4cc3-a74a-da5e17427694","timestamp":"2024-12-15T15:43:19.754Z","type":"REQUEST","url":"/api/delete/1a23bcda6f35bb760feeca76f066fd59"}
{"class":"UserController","customId":"1a23bcda6f35bb760feeca76f066fd59","funtion":"deleteNote","level":"info","message":"Delete Note Request","requestId":"1391f578-a31a-4cc3-a74a-da5e17427694","timestamp":"2024-12-15T15:43:19.755Z","type":"REQUEST"}
{"class":"NoteService","customId":"1a23bcda6f35bb760feeca76f066fd59","function":"deleteNote","level":"info","message":"Delete Note Request","requestId":"1391f578-a31a-4cc3-a74a-da5e17427694","timestamp":"2024-12-15T15:43:19.756Z","type":"REQUEST"}
{"class":"GenericService","function":"updateOne","level":"info","message":"Update Document Request","model":"Note","query":{"customId":"1a23bcda6f35bb760feeca76f066fd59"},"requestId":"1391f578-a31a-4cc3-a74a-da5e17427694","timestamp":"2024-12-15T15:43:19.756Z","type":"REQUEST","update":{"$set":{"isDeleted":true}}}
{"class":"GenericService","function":"updateOne","level":"info","matchedCount":1,"message":"Document Updated Successfully","model":"Note","requestId":"1391f578-a31a-4cc3-a74a-da5e17427694","timestamp":"2024-12-15T15:43:19.797Z","type":"RESPONSE"}
{"class":"NoteService","customId":"1a23bcda6f35bb760feeca76f066fd59","function":"deleteNote","level":"info","message":"Note Deleted Successfully","requestId":"1391f578-a31a-4cc3-a74a-da5e17427694","statusCode":200,"timestamp":"2024-12-15T15:43:19.798Z","type":"RESPONSE"}
{"class":"UserController","customId":"1a23bcda6f35bb760feeca76f066fd59","funtion":"deleteNote","level":"info","message":"Note Deleted Successfully","requestId":"1391f578-a31a-4cc3-a74a-da5e17427694","response":"Note has been deleted","statusCode":200,"timestamp":"2024-12-15T15:43:19.799Z","type":"RESPONSE"}
{"level":"info","message":"Outgoing Response","method":"DELETE","requestId":"1391f578-a31a-4cc3-a74a-da5e17427694","statusCode":200,"timestamp":"2024-12-15T15:43:19.800Z","type":"RESPONSE","url":"/api/delete/1a23bcda6f35bb760feeca76f066fd59"}
{"level":"info","message":"Incoming Request","method":"OPTIONS","requestId":"5f294908-8c31-4bc2-9921-a7c73e319491","timestamp":"2024-12-15T15:43:23.617Z","type":"REQUEST","url":"/api/login"}
{"level":"info","message":"Outgoing Response","method":"OPTIONS","requestId":"5f294908-8c31-4bc2-9921-a7c73e319491","statusCode":204,"timestamp":"2024-12-15T15:43:23.618Z","type":"RESPONSE","url":"/api/login"}
{"level":"info","message":"Incoming Request","method":"POST","requestId":"05ff0856-25cd-4545-a53f-ff0ee7d9ebb9","timestamp":"2024-12-15T15:43:23.619Z","type":"REQUEST","url":"/api/login"}
{"class":"UserController","email":"test@gmail.com","funtion":"login","level":"info","message":"User login attempt","requestId":"05ff0856-25cd-4545-a53f-ff0ee7d9ebb9","timestamp":"2024-12-15T15:43:23.621Z","type":"REQUEST"}
{"class":"UserController","email":"test@gmail.com","funtion":"login","level":"info","message":"User login successful","requestId":"05ff0856-25cd-4545-a53f-ff0ee7d9ebb9","statusCode":200,"timestamp":"2024-12-15T15:43:23.733Z","type":"RESPONSE"}
{"level":"info","message":"Outgoing Response","method":"POST","requestId":"05ff0856-25cd-4545-a53f-ff0ee7d9ebb9","statusCode":200,"timestamp":"2024-12-15T15:43:23.734Z","type":"RESPONSE","url":"/api/login"}
{"level":"info","message":"Incoming Request","method":"OPTIONS","requestId":"33d2ff2e-ae8e-459f-ad28-910e6c7af737","timestamp":"2024-12-15T15:43:32.955Z","type":"REQUEST","url":"/api/note"}
{"level":"info","message":"Outgoing Response","method":"OPTIONS","requestId":"33d2ff2e-ae8e-459f-ad28-910e6c7af737","statusCode":204,"timestamp":"2024-12-15T15:43:32.957Z","type":"RESPONSE","url":"/api/note"}
{"level":"info","message":"Incoming Request","method":"POST","requestId":"d10b273a-7a31-4eef-aef3-37642f5fcc62","timestamp":"2024-12-15T15:43:32.958Z","type":"REQUEST","url":"/api/note"}
{"class":"UserController","funtion":"createNote","level":"info","message":"Create Note Request","payload":{"confirmBeforeDestruction":false,"email":"","noteText":"helloo","password":"","referenceName":"","selfDestructTime":"After reading it"},"requestId":"d10b273a-7a31-4eef-aef3-37642f5fcc62","timestamp":"2024-12-15T15:43:32.960Z","type":"REQUEST"}
{"class":"NoteService","function":"createNote","level":"info","message":"Create Note Request","payload":{"confirmBeforeDestruction":false,"email":"","noteText":"helloo","password":"","referenceName":"","selfDestructTime":"After reading it"},"requestId":"MISSING","timestamp":"2024-12-15T15:43:32.961Z","type":"REQUEST"}
{"class":"NoteService","function":"createNote","level":"info","message":"Note Created Successfully","noteId":"26e9750bcfb9ccb936c9cf20033b1634","requestId":"MISSING","statusCode":201,"timestamp":"2024-12-15T15:43:33.015Z","type":"RESPONSE"}
{"class":"UserController","funtion":"createNote","level":"info","message":"Note Created Successfully","requestId":"d10b273a-7a31-4eef-aef3-37642f5fcc62","response":{"message":"Note created","noteId":"26e9750bcfb9ccb936c9cf20033b1634"},"statusCode":200,"timestamp":"2024-12-15T15:43:33.016Z","type":"RESPONSE"}
{"level":"info","message":"Outgoing Response","method":"POST","requestId":"d10b273a-7a31-4eef-aef3-37642f5fcc62","statusCode":200,"timestamp":"2024-12-15T15:43:33.017Z","type":"RESPONSE","url":"/api/note"}
{"level":"info","message":"Incoming Request","method":"OPTIONS","requestId":"6d82c7fc-7a25-4908-9d9b-36f6307ceba6","timestamp":"2024-12-15T15:43:37.373Z","type":"REQUEST","url":"/api/note/26e9750bcfb9ccb936c9cf20033b1634"}
{"level":"info","message":"Outgoing Response","method":"OPTIONS","requestId":"6d82c7fc-7a25-4908-9d9b-36f6307ceba6","statusCode":204,"timestamp":"2024-12-15T15:43:37.374Z","type":"RESPONSE","url":"/api/note/26e9750bcfb9ccb936c9cf20033b1634"}
{"level":"info","message":"Incoming Request","method":"OPTIONS","requestId":"d7c51877-d456-45d9-b036-4da7c431fb93","timestamp":"2024-12-15T15:43:37.375Z","type":"REQUEST","url":"/api/note/26e9750bcfb9ccb936c9cf20033b1634"}
{"level":"info","message":"Outgoing Response","method":"OPTIONS","requestId":"d7c51877-d456-45d9-b036-4da7c431fb93","statusCode":204,"timestamp":"2024-12-15T15:43:37.376Z","type":"RESPONSE","url":"/api/note/26e9750bcfb9ccb936c9cf20033b1634"}
{"level":"info","message":"Incoming Request","method":"GET","requestId":"96774b31-3ab2-4d2a-9980-556a2f25e01b","timestamp":"2024-12-15T15:43:37.377Z","type":"REQUEST","url":"/api/note/26e9750bcfb9ccb936c9cf20033b1634"}
{"class":"UserController","customId":"26e9750bcfb9ccb936c9cf20033b1634","funtion":"getNoteById","level":"info","message":"Get Note By ID Request","requestId":"96774b31-3ab2-4d2a-9980-556a2f25e01b","timestamp":"2024-12-15T15:43:37.377Z","type":"REQUEST"}
{"class":"NoteService","customId":"26e9750bcfb9ccb936c9cf20033b1634","function":"getNoteByIdAndStatus","level":"info","message":"Get Note By ID and Status Request","requestId":"96774b31-3ab2-4d2a-9980-556a2f25e01b","timestamp":"2024-12-15T15:43:37.378Z","type":"REQUEST"}
{"class":"GenericService","function":"findOne","level":"info","message":"Find Document Request","model":"Note","query":{"customId":"26e9750bcfb9ccb936c9cf20033b1634"},"requestId":"96774b31-3ab2-4d2a-9980-556a2f25e01b","timestamp":"2024-12-15T15:43:37.378Z","type":"REQUEST"}
{"class":"GenericService","documentId":"675ef924f457c85f3c35eba9","function":"findOne","level":"info","message":"Document Found Successfully","model":"Note","requestId":"96774b31-3ab2-4d2a-9980-556a2f25e01b","timestamp":"2024-12-15T15:43:37.426Z","type":"RESPONSE"}
{"class":"NoteService","customId":"26e9750bcfb9ccb936c9cf20033b1634","function":"getNoteByIdAndStatus","level":"info","message":"Note Retrieved Successfully","note":{"text":"helloo"},"requestId":"96774b31-3ab2-4d2a-9980-556a2f25e01b","statusCode":200,"timestamp":"2024-12-15T15:43:37.427Z","type":"RESPONSE"}
{"class":"UserController","customId":"26e9750bcfb9ccb936c9cf20033b1634","funtion":"getNoteById","level":"info","message":"Note Retrieved Successfully","note":{"confirmBeforeDestruction":false,"text":"helloo"},"requestId":"96774b31-3ab2-4d2a-9980-556a2f25e01b","statusCode":200,"timestamp":"2024-12-15T15:43:37.427Z","type":"RESPONSE"}
{"level":"info","message":"Outgoing Response","method":"GET","requestId":"96774b31-3ab2-4d2a-9980-556a2f25e01b","statusCode":200,"timestamp":"2024-12-15T15:43:37.428Z","type":"RESPONSE","url":"/api/note/26e9750bcfb9ccb936c9cf20033b1634"}
{"level":"info","message":"Incoming Request","method":"GET","requestId":"3099f16a-be66-4614-a125-8848f5cfd6b6","timestamp":"2024-12-15T15:43:37.429Z","type":"REQUEST","url":"/api/note/26e9750bcfb9ccb936c9cf20033b1634"}
{"class":"UserController","customId":"26e9750bcfb9ccb936c9cf20033b1634","funtion":"getNoteById","level":"info","message":"Get Note By ID Request","requestId":"3099f16a-be66-4614-a125-8848f5cfd6b6","timestamp":"2024-12-15T15:43:37.429Z","type":"REQUEST"}
{"class":"NoteService","customId":"26e9750bcfb9ccb936c9cf20033b1634","function":"getNoteByIdAndStatus","level":"info","message":"Get Note By ID and Status Request","requestId":"3099f16a-be66-4614-a125-8848f5cfd6b6","timestamp":"2024-12-15T15:43:37.429Z","type":"REQUEST"}
{"class":"GenericService","function":"findOne","level":"info","message":"Find Document Request","model":"Note","query":{"customId":"26e9750bcfb9ccb936c9cf20033b1634"},"requestId":"3099f16a-be66-4614-a125-8848f5cfd6b6","timestamp":"2024-12-15T15:43:37.430Z","type":"REQUEST"}
{"class":"GenericService","documentId":"675ef924f457c85f3c35eba9","function":"findOne","level":"info","message":"Document Found Successfully","model":"Note","requestId":"3099f16a-be66-4614-a125-8848f5cfd6b6","timestamp":"2024-12-15T15:43:37.463Z","type":"RESPONSE"}
{"class":"NoteService","customId":"26e9750bcfb9ccb936c9cf20033b1634","function":"getNoteByIdAndStatus","level":"info","message":"Note Retrieved Successfully","note":{"text":"helloo"},"requestId":"3099f16a-be66-4614-a125-8848f5cfd6b6","statusCode":200,"timestamp":"2024-12-15T15:43:37.463Z","type":"RESPONSE"}
{"class":"UserController","customId":"26e9750bcfb9ccb936c9cf20033b1634","funtion":"getNoteById","level":"info","message":"Note Retrieved Successfully","note":{"confirmBeforeDestruction":false,"text":"helloo"},"requestId":"3099f16a-be66-4614-a125-8848f5cfd6b6","statusCode":200,"timestamp":"2024-12-15T15:43:37.463Z","type":"RESPONSE"}
{"level":"info","message":"Outgoing Response","method":"GET","requestId":"3099f16a-be66-4614-a125-8848f5cfd6b6","statusCode":304,"timestamp":"2024-12-15T15:43:37.464Z","type":"RESPONSE","url":"/api/note/26e9750bcfb9ccb936c9cf20033b1634"}
{"level":"info","message":"Incoming Request","method":"OPTIONS","requestId":"323fbe80-c486-460f-87f4-c17ab3df378d","timestamp":"2024-12-15T15:43:38.600Z","type":"REQUEST","url":"/api/delete/26e9750bcfb9ccb936c9cf20033b1634"}
{"level":"info","message":"Outgoing Response","method":"OPTIONS","requestId":"323fbe80-c486-460f-87f4-c17ab3df378d","statusCode":204,"timestamp":"2024-12-15T15:43:38.602Z","type":"RESPONSE","url":"/api/delete/26e9750bcfb9ccb936c9cf20033b1634"}
{"level":"info","message":"Incoming Request","method":"DELETE","requestId":"34bcfaf7-71d7-4186-bc0b-133e2543351f","timestamp":"2024-12-15T15:43:38.603Z","type":"REQUEST","url":"/api/delete/26e9750bcfb9ccb936c9cf20033b1634"}
{"class":"UserController","customId":"26e9750bcfb9ccb936c9cf20033b1634","funtion":"deleteNote","level":"info","message":"Delete Note Request","requestId":"34bcfaf7-71d7-4186-bc0b-133e2543351f","timestamp":"2024-12-15T15:43:38.603Z","type":"REQUEST"}
{"class":"NoteService","customId":"26e9750bcfb9ccb936c9cf20033b1634","function":"deleteNote","level":"info","message":"Delete Note Request","requestId":"34bcfaf7-71d7-4186-bc0b-133e2543351f","timestamp":"2024-12-15T15:43:38.604Z","type":"REQUEST"}
{"class":"GenericService","function":"updateOne","level":"info","message":"Update Document Request","model":"Note","query":{"customId":"26e9750bcfb9ccb936c9cf20033b1634"},"requestId":"34bcfaf7-71d7-4186-bc0b-133e2543351f","timestamp":"2024-12-15T15:43:38.605Z","type":"REQUEST","update":{"$set":{"isDeleted":true}}}
{"class":"GenericService","function":"updateOne","level":"info","matchedCount":1,"message":"Document Updated Successfully","model":"Note","requestId":"34bcfaf7-71d7-4186-bc0b-133e2543351f","timestamp":"2024-12-15T15:43:38.641Z","type":"RESPONSE"}
{"class":"NoteService","customId":"26e9750bcfb9ccb936c9cf20033b1634","function":"deleteNote","level":"info","message":"Note Deleted Successfully","requestId":"34bcfaf7-71d7-4186-bc0b-133e2543351f","statusCode":200,"timestamp":"2024-12-15T15:43:38.642Z","type":"RESPONSE"}
{"class":"UserController","customId":"26e9750bcfb9ccb936c9cf20033b1634","funtion":"deleteNote","level":"info","message":"Note Deleted Successfully","requestId":"34bcfaf7-71d7-4186-bc0b-133e2543351f","response":"Note has been deleted","statusCode":200,"timestamp":"2024-12-15T15:43:38.642Z","type":"RESPONSE"}
{"level":"info","message":"Outgoing Response","method":"DELETE","requestId":"34bcfaf7-71d7-4186-bc0b-133e2543351f","statusCode":200,"timestamp":"2024-12-15T15:43:38.643Z","type":"RESPONSE","url":"/api/delete/26e9750bcfb9ccb936c9cf20033b1634"}
{"level":"info","message":"Incoming Request","method":"OPTIONS","requestId":"172c882b-aa79-4951-8391-da3c37185a51","timestamp":"2024-12-15T15:43:43.696Z","type":"REQUEST","url":"/api/login"}
{"level":"info","message":"Outgoing Response","method":"OPTIONS","requestId":"172c882b-aa79-4951-8391-da3c37185a51","statusCode":204,"timestamp":"2024-12-15T15:43:43.698Z","type":"RESPONSE","url":"/api/login"}
{"level":"info","message":"Incoming Request","method":"POST","requestId":"a190dc0c-4b45-491e-821d-3d330508fd05","timestamp":"2024-12-15T15:43:43.699Z","type":"REQUEST","url":"/api/login"}
{"class":"UserController","email":"test@gmail.com","funtion":"login","level":"info","message":"User login attempt","requestId":"a190dc0c-4b45-491e-821d-3d330508fd05","timestamp":"2024-12-15T15:43:43.700Z","type":"REQUEST"}
{"class":"UserController","email":"test@gmail.com","funtion":"login","level":"info","message":"User login successful","requestId":"a190dc0c-4b45-491e-821d-3d330508fd05","statusCode":200,"timestamp":"2024-12-15T15:43:43.806Z","type":"RESPONSE"}
{"level":"info","message":"Outgoing Response","method":"POST","requestId":"a190dc0c-4b45-491e-821d-3d330508fd05","statusCode":200,"timestamp":"2024-12-15T15:43:43.807Z","type":"RESPONSE","url":"/api/login"}
{"class":"Loggger","level":"info","logLevel":"info","message":"Logger initialized","timestamp":"2024-12-15T15:50:21.925Z","transports":["Console","File"],"type":"SYSTEM"}
{"level":"info","message":"HTTPS Server started","port":5000,"timestamp":"2024-12-15T15:50:22.126Z","type":"SYSTEM"}
{"level":"info","message":"API Docs available","timestamp":"2024-12-15T15:50:22.127Z","type":"SYSTEM","url":"https://localhost:5000/api-docs/"}
{"function":"connectDB","level":"info","message":"MongoDB connected successfully","place":"DB","timestamp":"2024-12-15T15:50:25.076Z","type":"SYSTEM"}
{"level":"info","message":"Incoming Request","method":"GET","requestId":"367270bb-8067-496b-84f8-18fc23a1671d","timestamp":"2024-12-15T16:20:43.145Z","type":"REQUEST","url":"/api-docs/"}
{"level":"info","message":"Outgoing Response","method":"GET","requestId":"367270bb-8067-496b-84f8-18fc23a1671d","statusCode":200,"timestamp":"2024-12-15T16:20:43.173Z","type":"RESPONSE","url":"/api-docs/"}
{"level":"info","message":"Incoming Request","method":"GET","requestId":"b5d13542-b015-45c1-995f-5379913a778c","timestamp":"2024-12-15T16:20:43.230Z","type":"REQUEST","url":"/api-docs/swagger-ui.css"}
{"level":"info","message":"Incoming Request","method":"GET","requestId":"b00d52cf-9bd3-4cef-97bd-756f019042af","timestamp":"2024-12-15T16:20:43.231Z","type":"REQUEST","url":"/api-docs/swagger-ui-bundle.js"}
{"level":"info","message":"Incoming Request","method":"GET","requestId":"74f39d93-0ec0-4e7a-896a-c501d2fc5f76","timestamp":"2024-12-15T16:20:43.242Z","type":"REQUEST","url":"/api-docs/swagger-ui-standalone-preset.js"}
{"level":"info","message":"Incoming Request","method":"GET","requestId":"ea9a4466-7a75-47f5-a4a6-8998d13a8135","timestamp":"2024-12-15T16:20:43.245Z","type":"REQUEST","url":"/api-docs/swagger-ui-init.js"}
{"level":"info","message":"Outgoing Response","method":"GET","requestId":"ea9a4466-7a75-47f5-a4a6-8998d13a8135","statusCode":200,"timestamp":"2024-12-15T16:20:43.249Z","type":"RESPONSE","url":"/api-docs/swagger-ui-init.js"}
{"level":"info","message":"Outgoing Response","method":"GET","requestId":"b5d13542-b015-45c1-995f-5379913a778c","statusCode":200,"timestamp":"2024-12-15T16:20:43.252Z","type":"RESPONSE","url":"/api-docs/swagger-ui.css"}
{"level":"info","message":"Outgoing Response","method":"GET","requestId":"74f39d93-0ec0-4e7a-896a-c501d2fc5f76","statusCode":200,"timestamp":"2024-12-15T16:20:43.259Z","type":"RESPONSE","url":"/api-docs/swagger-ui-standalone-preset.js"}
{"level":"info","message":"Outgoing Response","method":"GET","requestId":"b00d52cf-9bd3-4cef-97bd-756f019042af","statusCode":200,"timestamp":"2024-12-15T16:20:43.272Z","type":"RESPONSE","url":"/api-docs/swagger-ui-bundle.js"}
{"level":"info","message":"Incoming Request","method":"GET","requestId":"aaf5b7dc-718e-46d0-a695-1c369b8acce0","timestamp":"2024-12-15T16:20:48.893Z","type":"REQUEST","url":"/api/healthcheck"}
{"class":"UserController","funtion":"healthCheck","level":"info","message":"Health Check Request","requestId":"aaf5b7dc-718e-46d0-a695-1c369b8acce0","timestamp":"2024-12-15T16:20:48.902Z","type":"REQUEST"}
{"class":"UserController","funtion":"healthCheck","level":"info","message":"Health Check Response","requestId":"aaf5b7dc-718e-46d0-a695-1c369b8acce0","statusCode":200,"timestamp":"2024-12-15T16:20:48.906Z","type":"RESPONSE"}
{"level":"info","message":"Outgoing Response","method":"GET","requestId":"aaf5b7dc-718e-46d0-a695-1c369b8acce0","statusCode":200,"timestamp":"2024-12-15T16:20:48.907Z","type":"RESPONSE","url":"/api/healthcheck"}
{"class":"Loggger","level":"info","logLevel":"info","message":"Logger initialized","timestamp":"2024-12-15T16:24:43.420Z","transports":["Console","File"],"type":"SYSTEM"}
{"level":"info","message":"HTTPS Server started","port":5000,"timestamp":"2024-12-15T16:24:43.613Z","type":"SYSTEM"}
{"level":"info","message":"API Docs available","timestamp":"2024-12-15T16:24:43.614Z","type":"SYSTEM","url":"https://localhost:5000/api-docs/"}
{"function":"connectDB","level":"info","message":"MongoDB connected successfully","place":"DB","timestamp":"2024-12-15T16:24:46.581Z","type":"SYSTEM"}
{"level":"info","message":"Incoming Request","method":"OPTIONS","requestId":"ddb8b2b2-dfdc-4bd7-8abd-91e152310c33","timestamp":"2024-12-15T16:24:54.547Z","type":"REQUEST","url":"/api/login"}
{"level":"info","message":"Outgoing Response","method":"OPTIONS","requestId":"ddb8b2b2-dfdc-4bd7-8abd-91e152310c33","statusCode":204,"timestamp":"2024-12-15T16:24:54.549Z","type":"RESPONSE","url":"/api/login"}
{"level":"info","message":"Incoming Request","method":"POST","requestId":"a2051867-6e62-459a-8937-c7ab554cb36e","timestamp":"2024-12-15T16:24:54.550Z","type":"REQUEST","url":"/api/login"}
{"class":"UserController","email":"test@gmail.com","funtion":"login","level":"info","message":"User login attempt","requestId":"a2051867-6e62-459a-8937-c7ab554cb36e","timestamp":"2024-12-15T16:24:54.560Z","type":"REQUEST"}
{"class":"UserController","email":"test@gmail.com","funtion":"login","level":"info","message":"User login successful","requestId":"a2051867-6e62-459a-8937-c7ab554cb36e","statusCode":200,"timestamp":"2024-12-15T16:24:54.662Z","type":"RESPONSE"}
{"level":"info","message":"Outgoing Response","method":"POST","requestId":"a2051867-6e62-459a-8937-c7ab554cb36e","statusCode":200,"timestamp":"2024-12-15T16:24:54.663Z","type":"RESPONSE","url":"/api/login"}
{"level":"info","message":"Incoming Request","method":"OPTIONS","requestId":"bf97364b-8fdf-4b76-aaee-abd2c9f67183","timestamp":"2024-12-15T16:25:27.634Z","type":"REQUEST","url":"/api/note"}
{"level":"info","message":"Outgoing Response","method":"OPTIONS","requestId":"bf97364b-8fdf-4b76-aaee-abd2c9f67183","statusCode":204,"timestamp":"2024-12-15T16:25:27.635Z","type":"RESPONSE","url":"/api/note"}
{"level":"info","message":"Incoming Request","method":"POST","requestId":"ad529793-e8dc-4af6-b387-77356eac9b21","timestamp":"2024-12-15T16:25:27.636Z","type":"REQUEST","url":"/api/note"}
{"endpoint":"/api/note","level":"info","message":"Authentication Request","place":"AuthMiddleware","requestId":"ad529793-e8dc-4af6-b387-77356eac9b21","timestamp":"2024-12-15T16:25:27.638Z","type":"REQUEST"}
{"level":"info","message":"Authentication Successful","place":"AuthMiddleware","requestId":"ad529793-e8dc-4af6-b387-77356eac9b21","statusCode":200,"timestamp":"2024-12-15T16:25:27.641Z","type":"RESPONSE","user":{"email":"test@gmail.com","id":"675732c53bd346493e3b9124"}}
{"class":"UserController","funtion":"createNote","level":"info","message":"Create Note Request","payload":{"confirmBeforeDestruction":false,"email":"","noteText":"haha","password":"","referenceName":"","selfDestructTime":"After reading it"},"requestId":"ad529793-e8dc-4af6-b387-77356eac9b21","timestamp":"2024-12-15T16:25:27.641Z","type":"REQUEST"}
{"class":"NoteService","function":"createNote","level":"info","message":"Create Note Request","payload":{"confirmBeforeDestruction":false,"email":"","noteText":"haha","password":"","referenceName":"","selfDestructTime":"After reading it"},"requestId":"MISSING","timestamp":"2024-12-15T16:25:27.651Z","type":"REQUEST"}
{"class":"NoteService","function":"createNote","level":"info","message":"Note Created Successfully","noteId":"f078851d22de8b17e25f59b29ca7e46d","requestId":"MISSING","statusCode":201,"timestamp":"2024-12-15T16:25:27.701Z","type":"RESPONSE"}
{"class":"UserController","funtion":"createNote","level":"info","message":"Note Created Successfully","requestId":"ad529793-e8dc-4af6-b387-77356eac9b21","response":{"message":"Note created","noteId":"f078851d22de8b17e25f59b29ca7e46d"},"statusCode":200,"timestamp":"2024-12-15T16:25:27.701Z","type":"RESPONSE"}
{"level":"info","message":"Outgoing Response","method":"POST","requestId":"ad529793-e8dc-4af6-b387-77356eac9b21","statusCode":200,"timestamp":"2024-12-15T16:25:27.702Z","type":"RESPONSE","url":"/api/note"}
{"level":"info","message":"Incoming Request","method":"OPTIONS","requestId":"90bb46f5-48c0-46f6-9263-3d1271a4123b","timestamp":"2024-12-15T16:29:05.720Z","type":"REQUEST","url":"/api/login"}
{"level":"info","message":"Outgoing Response","method":"OPTIONS","requestId":"90bb46f5-48c0-46f6-9263-3d1271a4123b","statusCode":204,"timestamp":"2024-12-15T16:29:05.721Z","type":"RESPONSE","url":"/api/login"}
{"level":"info","message":"Incoming Request","method":"POST","requestId":"94436dbc-fe75-485f-9d98-4e648c0c1775","timestamp":"2024-12-15T16:29:05.723Z","type":"REQUEST","url":"/api/login"}
{"class":"UserController","email":"test@gmail.com","funtion":"login","level":"info","message":"User login attempt","requestId":"94436dbc-fe75-485f-9d98-4e648c0c1775","timestamp":"2024-12-15T16:29:05.724Z","type":"REQUEST"}
{"class":"UserController","email":"test@gmail.com","funtion":"login","level":"info","message":"User login successful","requestId":"94436dbc-fe75-485f-9d98-4e648c0c1775","statusCode":200,"timestamp":"2024-12-15T16:29:05.819Z","type":"RESPONSE"}
{"level":"info","message":"Outgoing Response","method":"POST","requestId":"94436dbc-fe75-485f-9d98-4e648c0c1775","statusCode":200,"timestamp":"2024-12-15T16:29:05.820Z","type":"RESPONSE","url":"/api/login"}
{"level":"info","message":"Incoming Request","method":"OPTIONS","requestId":"f53642ba-1813-4c8c-9e2d-a0d41c9d1f65","timestamp":"2024-12-15T16:43:56.438Z","type":"REQUEST","url":"/api/login"}
{"level":"info","message":"Outgoing Response","method":"OPTIONS","requestId":"f53642ba-1813-4c8c-9e2d-a0d41c9d1f65","statusCode":204,"timestamp":"2024-12-15T16:43:56.442Z","type":"RESPONSE","url":"/api/login"}
{"level":"info","message":"Incoming Request","method":"POST","requestId":"3cf8565a-c660-42bd-b4a8-49bb0975fc78","timestamp":"2024-12-15T16:43:56.444Z","type":"REQUEST","url":"/api/login"}
{"class":"UserController","email":"test@gmail.com","funtion":"login","level":"info","message":"User login attempt","requestId":"3cf8565a-c660-42bd-b4a8-49bb0975fc78","timestamp":"2024-12-15T16:43:56.446Z","type":"REQUEST"}
{"class":"UserController","email":"test@gmail.com","funtion":"login","level":"info","message":"User login successful","requestId":"3cf8565a-c660-42bd-b4a8-49bb0975fc78","statusCode":200,"timestamp":"2024-12-15T16:43:56.543Z","type":"RESPONSE"}
{"level":"info","message":"Outgoing Response","method":"POST","requestId":"3cf8565a-c660-42bd-b4a8-49bb0975fc78","statusCode":200,"timestamp":"2024-12-15T16:43:56.545Z","type":"RESPONSE","url":"/api/login"}
{"class":"Loggger","level":"info","logLevel":"info","message":"Logger initialized","timestamp":"2024-12-15T16:47:25.260Z","transports":["Console","File"],"type":"SYSTEM"}
{"level":"info","message":"HTTPS Server started","port":5000,"timestamp":"2024-12-15T16:47:25.471Z","type":"SYSTEM"}
{"level":"info","message":"API Docs available","timestamp":"2024-12-15T16:47:25.472Z","type":"SYSTEM","url":"https://localhost:5000/api-docs/"}
{"function":"connectDB","level":"info","message":"MongoDB connected successfully","place":"DB","timestamp":"2024-12-15T16:47:28.475Z","type":"SYSTEM"}
{"level":"info","message":"Incoming Request","method":"OPTIONS","requestId":"f9ebd47c-c91c-4591-9d01-8362ace2863a","timestamp":"2024-12-15T16:47:52.899Z","type":"REQUEST","url":"/api/note/90e90a36f8144b8b23ff1eff48cbd374086f7259e4ff335911b156ef09b24cbf"}
{"level":"info","message":"Outgoing Response","method":"OPTIONS","requestId":"f9ebd47c-c91c-4591-9d01-8362ace2863a","statusCode":204,"timestamp":"2024-12-15T16:47:52.901Z","type":"RESPONSE","url":"/api/note/90e90a36f8144b8b23ff1eff48cbd374086f7259e4ff335911b156ef09b24cbf"}
{"level":"info","message":"Incoming Request","method":"OPTIONS","requestId":"1f8ad04e-1104-45d2-b76f-0571b90d86b7","timestamp":"2024-12-15T16:47:52.903Z","type":"REQUEST","url":"/api/note/90e90a36f8144b8b23ff1eff48cbd374086f7259e4ff335911b156ef09b24cbf"}
{"level":"info","message":"Outgoing Response","method":"OPTIONS","requestId":"1f8ad04e-1104-45d2-b76f-0571b90d86b7","statusCode":204,"timestamp":"2024-12-15T16:47:52.904Z","type":"RESPONSE","url":"/api/note/90e90a36f8144b8b23ff1eff48cbd374086f7259e4ff335911b156ef09b24cbf"}
{"level":"info","message":"Incoming Request","method":"GET","requestId":"44194621-3169-4009-b00e-f075bd3eada1","timestamp":"2024-12-15T16:47:52.905Z","type":"REQUEST","url":"/api/note/90e90a36f8144b8b23ff1eff48cbd374086f7259e4ff335911b156ef09b24cbf"}
{"class":"UserController","customId":"90e90a36f8144b8b23ff1eff48cbd374086f7259e4ff335911b156ef09b24cbf","funtion":"getNoteById","level":"info","message":"Get Note By ID Request","requestId":"44194621-3169-4009-b00e-f075bd3eada1","timestamp":"2024-12-15T16:47:52.907Z","type":"REQUEST"}
{"class":"NoteService","customId":"90e90a36f8144b8b23ff1eff48cbd374086f7259e4ff335911b156ef09b24cbf","function":"getNoteByIdAndStatus","level":"info","message":"Get Note By ID and Status Request","requestId":"44194621-3169-4009-b00e-f075bd3eada1","timestamp":"2024-12-15T16:47:52.907Z","type":"REQUEST"}
{"class":"GenericService","function":"findOne","level":"info","message":"Find Document Request","model":"Note","query":{"customId":"90e90a36f8144b8b23ff1eff48cbd374086f7259e4ff335911b156ef09b24cbf"},"requestId":"44194621-3169-4009-b00e-f075bd3eada1","timestamp":"2024-12-15T16:47:52.908Z","type":"REQUEST"}
{"class":"GenericService","documentId":"6715ac83628b65ab7ea11cc4","function":"findOne","level":"info","message":"Document Found Successfully","model":"Note","requestId":"44194621-3169-4009-b00e-f075bd3eada1","timestamp":"2024-12-15T16:47:52.949Z","type":"RESPONSE"}
{"class":"NoteService","customId":"90e90a36f8144b8b23ff1eff48cbd374086f7259e4ff335911b156ef09b24cbf","error":"Invalid key length","function":"getNoteByIdAndStatus","level":"error","message":"Error Retrieving Note with Status Check","requestId":"44194621-3169-4009-b00e-f075bd3eada1","statusCode":500,"timestamp":"2024-12-15T16:47:52.950Z","type":"RESPONSE"}
{"class":"UserController","customId":"90e90a36f8144b8b23ff1eff48cbd374086f7259e4ff335911b156ef09b24cbf","error":"Failed to retrieve note","funtion":"getNoteById","level":"error","message":"Error Retrieving Note","requestId":"44194621-3169-4009-b00e-f075bd3eada1","statusCode":500,"timestamp":"2024-12-15T16:47:52.951Z","type":"RESPONSE"}
{"level":"info","message":"Outgoing Response","method":"GET","requestId":"44194621-3169-4009-b00e-f075bd3eada1","statusCode":500,"timestamp":"2024-12-15T16:47:52.952Z","type":"RESPONSE","url":"/api/note/90e90a36f8144b8b23ff1eff48cbd374086f7259e4ff335911b156ef09b24cbf"}
{"level":"info","message":"Incoming Request","method":"GET","requestId":"138b304d-16bf-4f43-b192-a1b8ac97adc7","timestamp":"2024-12-15T16:47:52.953Z","type":"REQUEST","url":"/api/note/90e90a36f8144b8b23ff1eff48cbd374086f7259e4ff335911b156ef09b24cbf"}
{"class":"UserController","customId":"90e90a36f8144b8b23ff1eff48cbd374086f7259e4ff335911b156ef09b24cbf","funtion":"getNoteById","level":"info","message":"Get Note By ID Request","requestId":"138b304d-16bf-4f43-b192-a1b8ac97adc7","timestamp":"2024-12-15T16:47:52.954Z","type":"REQUEST"}
{"class":"NoteService","customId":"90e90a36f8144b8b23ff1eff48cbd374086f7259e4ff335911b156ef09b24cbf","function":"getNoteByIdAndStatus","level":"info","message":"Get Note By ID and Status Request","requestId":"138b304d-16bf-4f43-b192-a1b8ac97adc7","timestamp":"2024-12-15T16:47:52.954Z","type":"REQUEST"}
{"class":"GenericService","function":"findOne","level":"info","message":"Find Document Request","model":"Note","query":{"customId":"90e90a36f8144b8b23ff1eff48cbd374086f7259e4ff335911b156ef09b24cbf"},"requestId":"138b304d-16bf-4f43-b192-a1b8ac97adc7","timestamp":"2024-12-15T16:47:52.955Z","type":"REQUEST"}
{"class":"GenericService","documentId":"6715ac83628b65ab7ea11cc4","function":"findOne","level":"info","message":"Document Found Successfully","model":"Note","requestId":"138b304d-16bf-4f43-b192-a1b8ac97adc7","timestamp":"2024-12-15T16:47:52.989Z","type":"RESPONSE"}
{"class":"NoteService","customId":"90e90a36f8144b8b23ff1eff48cbd374086f7259e4ff335911b156ef09b24cbf","error":"Invalid key length","function":"getNoteByIdAndStatus","level":"error","message":"Error Retrieving Note with Status Check","requestId":"138b304d-16bf-4f43-b192-a1b8ac97adc7","statusCode":500,"timestamp":"2024-12-15T16:47:52.989Z","type":"RESPONSE"}
{"class":"UserController","customId":"90e90a36f8144b8b23ff1eff48cbd374086f7259e4ff335911b156ef09b24cbf","error":"Failed to retrieve note","funtion":"getNoteById","level":"error","message":"Error Retrieving Note","requestId":"138b304d-16bf-4f43-b192-a1b8ac97adc7","statusCode":500,"timestamp":"2024-12-15T16:47:52.989Z","type":"RESPONSE"}
{"level":"info","message":"Outgoing Response","method":"GET","requestId":"138b304d-16bf-4f43-b192-a1b8ac97adc7","statusCode":500,"timestamp":"2024-12-15T16:47:52.990Z","type":"RESPONSE","url":"/api/note/90e90a36f8144b8b23ff1eff48cbd374086f7259e4ff335911b156ef09b24cbf"}
{"level":"info","message":"Incoming Request","method":"OPTIONS","requestId":"b29b1704-49fb-4064-b026-9fca74d9c988","timestamp":"2024-12-15T16:48:19.922Z","type":"REQUEST","url":"/api/note/undefined"}
{"level":"info","message":"Outgoing Response","method":"OPTIONS","requestId":"b29b1704-49fb-4064-b026-9fca74d9c988","statusCode":204,"timestamp":"2024-12-15T16:48:19.923Z","type":"RESPONSE","url":"/api/note/undefined"}
{"level":"info","message":"Incoming Request","method":"GET","requestId":"d1777168-a571-47b5-8394-54f137a40717","timestamp":"2024-12-15T16:48:19.924Z","type":"REQUEST","url":"/api/note/undefined"}
{"class":"UserController","customId":"undefined","funtion":"getNoteById","level":"info","message":"Get Note By ID Request","requestId":"d1777168-a571-47b5-8394-54f137a40717","timestamp":"2024-12-15T16:48:19.925Z","type":"REQUEST"}
{"class":"NoteService","customId":"undefined","function":"getNoteByIdAndStatus","level":"info","message":"Get Note By ID and Status Request","requestId":"d1777168-a571-47b5-8394-54f137a40717","timestamp":"2024-12-15T16:48:19.925Z","type":"REQUEST"}
{"class":"GenericService","function":"findOne","level":"info","message":"Find Document Request","model":"Note","query":{"customId":"undefined"},"requestId":"d1777168-a571-47b5-8394-54f137a40717","timestamp":"2024-12-15T16:48:19.926Z","type":"REQUEST"}
{"class":"GenericService","function":"findOne","level":"warn","message":"Document Not Found","model":"Note","requestId":"d1777168-a571-47b5-8394-54f137a40717","timestamp":"2024-12-15T16:48:19.964Z","type":"RESPONSE"}
{"class":"NoteService","customId":"undefined","function":"getNoteByIdAndStatus","level":"warn","message":"Note Not Found","requestId":"d1777168-a571-47b5-8394-54f137a40717","statusCode":404,"timestamp":"2024-12-15T16:48:19.964Z","type":"RESPONSE"}
{"class":"UserController","customId":"undefined","errorMessage":"Note not found","funtion":"getNoteById","level":"warn","message":"Note Not Found or Deleted","requestId":"d1777168-a571-47b5-8394-54f137a40717","statusCode":404,"timestamp":"2024-12-15T16:48:19.965Z","type":"RESPONSE"}
{"level":"info","message":"Outgoing Response","method":"GET","requestId":"d1777168-a571-47b5-8394-54f137a40717","statusCode":404,"timestamp":"2024-12-15T16:48:19.967Z","type":"RESPONSE","url":"/api/note/undefined"}
{"level":"info","message":"Incoming Request","method":"OPTIONS","requestId":"44c09e88-484b-4e4b-a84c-d14fc46a611e","timestamp":"2024-12-15T16:48:23.263Z","type":"REQUEST","url":"/api/note/d904467fe873718902d38c5090173363"}
{"level":"info","message":"Outgoing Response","method":"OPTIONS","requestId":"44c09e88-484b-4e4b-a84c-d14fc46a611e","statusCode":204,"timestamp":"2024-12-15T16:48:23.264Z","type":"RESPONSE","url":"/api/note/d904467fe873718902d38c5090173363"}
{"level":"info","message":"Incoming Request","method":"OPTIONS","requestId":"7cf27951-485b-477a-a1b9-4773b338d95b","timestamp":"2024-12-15T16:48:23.265Z","type":"REQUEST","url":"/api/note/d904467fe873718902d38c5090173363"}
{"level":"info","message":"Outgoing Response","method":"OPTIONS","requestId":"7cf27951-485b-477a-a1b9-4773b338d95b","statusCode":204,"timestamp":"2024-12-15T16:48:23.266Z","type":"RESPONSE","url":"/api/note/d904467fe873718902d38c5090173363"}
{"level":"info","message":"Incoming Request","method":"GET","requestId":"44acc35e-de1b-4bb5-83df-6e6b02a646e5","timestamp":"2024-12-15T16:48:23.267Z","type":"REQUEST","url":"/api/note/d904467fe873718902d38c5090173363"}
{"class":"UserController","customId":"d904467fe873718902d38c5090173363","funtion":"getNoteById","level":"info","message":"Get Note By ID Request","requestId":"44acc35e-de1b-4bb5-83df-6e6b02a646e5","timestamp":"2024-12-15T16:48:23.267Z","type":"REQUEST"}
{"class":"NoteService","customId":"d904467fe873718902d38c5090173363","function":"getNoteByIdAndStatus","level":"info","message":"Get Note By ID and Status Request","requestId":"44acc35e-de1b-4bb5-83df-6e6b02a646e5","timestamp":"2024-12-15T16:48:23.268Z","type":"REQUEST"}
{"class":"GenericService","function":"findOne","level":"info","message":"Find Document Request","model":"Note","query":{"customId":"d904467fe873718902d38c5090173363"},"requestId":"44acc35e-de1b-4bb5-83df-6e6b02a646e5","timestamp":"2024-12-15T16:48:23.268Z","type":"REQUEST"}
{"class":"GenericService","documentId":"675ef7cbe56724a0614d8325","function":"findOne","level":"info","message":"Document Found Successfully","model":"Note","requestId":"44acc35e-de1b-4bb5-83df-6e6b02a646e5","timestamp":"2024-12-15T16:48:23.301Z","type":"RESPONSE"}
{"class":"NoteService","customId":"d904467fe873718902d38c5090173363","function":"getNoteByIdAndStatus","level":"info","message":"Note Retrieved Successfully","note":{"text":"haha"},"requestId":"44acc35e-de1b-4bb5-83df-6e6b02a646e5","statusCode":200,"timestamp":"2024-12-15T16:48:23.302Z","type":"RESPONSE"}
{"class":"UserController","customId":"d904467fe873718902d38c5090173363","funtion":"getNoteById","level":"info","message":"Note Retrieved Successfully","note":{"confirmBeforeDestruction":false,"text":"haha"},"requestId":"44acc35e-de1b-4bb5-83df-6e6b02a646e5","statusCode":200,"timestamp":"2024-12-15T16:48:23.303Z","type":"RESPONSE"}
{"level":"info","message":"Outgoing Response","method":"GET","requestId":"44acc35e-de1b-4bb5-83df-6e6b02a646e5","statusCode":304,"timestamp":"2024-12-15T16:48:23.304Z","type":"RESPONSE","url":"/api/note/d904467fe873718902d38c5090173363"}
{"level":"info","message":"Incoming Request","method":"GET","requestId":"ee6ee7da-a3f8-4b17-8ada-4d54b0e590e9","timestamp":"2024-12-15T16:48:23.307Z","type":"REQUEST","url":"/api/note/d904467fe873718902d38c5090173363"}
{"class":"UserController","customId":"d904467fe873718902d38c5090173363","funtion":"getNoteById","level":"info","message":"Get Note By ID Request","requestId":"ee6ee7da-a3f8-4b17-8ada-4d54b0e590e9","timestamp":"2024-12-15T16:48:23.307Z","type":"REQUEST"}
{"class":"NoteService","customId":"d904467fe873718902d38c5090173363","function":"getNoteByIdAndStatus","level":"info","message":"Get Note By ID and Status Request","requestId":"ee6ee7da-a3f8-4b17-8ada-4d54b0e590e9","timestamp":"2024-12-15T16:48:23.307Z","type":"REQUEST"}
{"class":"GenericService","function":"findOne","level":"info","message":"Find Document Request","model":"Note","query":{"customId":"d904467fe873718902d38c5090173363"},"requestId":"ee6ee7da-a3f8-4b17-8ada-4d54b0e590e9","timestamp":"2024-12-15T16:48:23.308Z","type":"REQUEST"}
{"class":"GenericService","documentId":"675ef7cbe56724a0614d8325","function":"findOne","level":"info","message":"Document Found Successfully","model":"Note","requestId":"ee6ee7da-a3f8-4b17-8ada-4d54b0e590e9","timestamp":"2024-12-15T16:48:23.342Z","type":"RESPONSE"}
{"class":"NoteService","customId":"d904467fe873718902d38c5090173363","function":"getNoteByIdAndStatus","level":"info","message":"Note Retrieved Successfully","note":{"text":"haha"},"requestId":"ee6ee7da-a3f8-4b17-8ada-4d54b0e590e9","statusCode":200,"timestamp":"2024-12-15T16:48:23.342Z","type":"RESPONSE"}
{"class":"UserController","customId":"d904467fe873718902d38c5090173363","funtion":"getNoteById","level":"info","message":"Note Retrieved Successfully","note":{"confirmBeforeDestruction":false,"text":"haha"},"requestId":"ee6ee7da-a3f8-4b17-8ada-4d54b0e590e9","statusCode":200,"timestamp":"2024-12-15T16:48:23.342Z","type":"RESPONSE"}
{"level":"info","message":"Outgoing Response","method":"GET","requestId":"ee6ee7da-a3f8-4b17-8ada-4d54b0e590e9","statusCode":304,"timestamp":"2024-12-15T16:48:23.343Z","type":"RESPONSE","url":"/api/note/d904467fe873718902d38c5090173363"}
{"level":"info","message":"Incoming Request","method":"OPTIONS","requestId":"f3ce28da-82d2-49d3-9738-a912f9985619","timestamp":"2024-12-15T16:48:29.357Z","type":"REQUEST","url":"/api/delete/d904467fe873718902d38c5090173363"}
{"level":"info","message":"Outgoing Response","method":"OPTIONS","requestId":"f3ce28da-82d2-49d3-9738-a912f9985619","statusCode":204,"timestamp":"2024-12-15T16:48:29.357Z","type":"RESPONSE","url":"/api/delete/d904467fe873718902d38c5090173363"}
{"level":"info","message":"Incoming Request","method":"DELETE","requestId":"c9279b06-e5cd-481f-80bf-5f724df9c423","timestamp":"2024-12-15T16:48:29.358Z","type":"REQUEST","url":"/api/delete/d904467fe873718902d38c5090173363"}
{"class":"UserController","customId":"d904467fe873718902d38c5090173363","funtion":"deleteNote","level":"info","message":"Delete Note Request","requestId":"c9279b06-e5cd-481f-80bf-5f724df9c423","timestamp":"2024-12-15T16:48:29.371Z","type":"REQUEST"}
{"class":"NoteService","customId":"d904467fe873718902d38c5090173363","function":"deleteNote","level":"info","message":"Delete Note Request","requestId":"c9279b06-e5cd-481f-80bf-5f724df9c423","timestamp":"2024-12-15T16:48:29.372Z","type":"REQUEST"}
{"class":"GenericService","function":"updateOne","level":"info","message":"Update Document Request","model":"Note","query":{"customId":"d904467fe873718902d38c5090173363"},"requestId":"c9279b06-e5cd-481f-80bf-5f724df9c423","timestamp":"2024-12-15T16:48:29.372Z","type":"REQUEST","update":{"$set":{"isDeleted":true}}}
{"class":"GenericService","function":"updateOne","level":"info","matchedCount":1,"message":"Document Updated Successfully","model":"Note","requestId":"c9279b06-e5cd-481f-80bf-5f724df9c423","timestamp":"2024-12-15T16:48:29.416Z","type":"RESPONSE"}
{"class":"NoteService","customId":"d904467fe873718902d38c5090173363","function":"deleteNote","level":"info","message":"Note Deleted Successfully","requestId":"c9279b06-e5cd-481f-80bf-5f724df9c423","statusCode":200,"timestamp":"2024-12-15T16:48:29.416Z","type":"RESPONSE"}
{"class":"UserController","customId":"d904467fe873718902d38c5090173363","funtion":"deleteNote","level":"info","message":"Note Deleted Successfully","requestId":"c9279b06-e5cd-481f-80bf-5f724df9c423","response":"Note has been deleted","statusCode":200,"timestamp":"2024-12-15T16:48:29.417Z","type":"RESPONSE"}
{"level":"info","message":"Outgoing Response","method":"DELETE","requestId":"c9279b06-e5cd-481f-80bf-5f724df9c423","statusCode":200,"timestamp":"2024-12-15T16:48:29.419Z","type":"RESPONSE","url":"/api/delete/d904467fe873718902d38c5090173363"}
{"class":"Loggger","level":"info","logLevel":"info","message":"Logger initialized","timestamp":"2024-12-15T16:51:13.726Z","transports":["Console","File"],"type":"SYSTEM"}
{"level":"info","message":"HTTPS Server started","port":5000,"timestamp":"2024-12-15T16:51:13.859Z","type":"SYSTEM"}
{"level":"info","message":"API Docs available","timestamp":"2024-12-15T16:51:13.859Z","type":"SYSTEM","url":"https://localhost:5000/api-docs/"}
{"function":"connectDB","level":"info","message":"MongoDB connected successfully","place":"DB","timestamp":"2024-12-15T16:51:17.102Z","type":"SYSTEM"}
{"level":"info","message":"Incoming Request","method":"OPTIONS","requestId":"f9889fb0-026f-4f4d-98c5-a29dd05189e2","timestamp":"2024-12-15T16:53:50.746Z","type":"REQUEST","url":"/api/note"}
{"level":"info","message":"Outgoing Response","method":"OPTIONS","requestId":"f9889fb0-026f-4f4d-98c5-a29dd05189e2","statusCode":204,"timestamp":"2024-12-15T16:53:50.748Z","type":"RESPONSE","url":"/api/note"}
{"level":"info","message":"Incoming Request","method":"POST","requestId":"8c093028-2a5a-4bf4-bbcc-76a8cc17c705","timestamp":"2024-12-15T16:53:50.751Z","type":"REQUEST","url":"/api/note"}
{"endpoint":"/api/note","level":"info","message":"Authentication Request","place":"AuthMiddleware","requestId":"8c093028-2a5a-4bf4-bbcc-76a8cc17c705","timestamp":"2024-12-15T16:53:50.761Z","type":"REQUEST"}
{"level":"info","message":"Authentication Successful","place":"AuthMiddleware","requestId":"8c093028-2a5a-4bf4-bbcc-76a8cc17c705","statusCode":200,"timestamp":"2024-12-15T16:53:50.763Z","type":"RESPONSE","user":{"email":"test@gmail.com","id":"675732c53bd346493e3b9124"}}
{"class":"UserController","funtion":"createNote","level":"info","message":"Create Note Request","payload":{"confirmBeforeDestruction":false,"email":"","noteText":"haaha","password":"","referenceName":"","selfDestructTime":"After reading it"},"requestId":"8c093028-2a5a-4bf4-bbcc-76a8cc17c705","timestamp":"2024-12-15T16:53:50.764Z","type":"REQUEST"}
{"class":"NoteService","function":"createNote","level":"info","message":"Create Note Request","payload":{"confirmBeforeDestruction":false,"email":"","noteText":"haaha","password":"","referenceName":"","selfDestructTime":"After reading it"},"requestId":"MISSING","timestamp":"2024-12-15T16:53:50.764Z","type":"REQUEST"}
{"class":"NoteService","function":"createNote","level":"info","message":"Note Created Successfully","noteId":"786520a4d1009af02e1b808d8f0919a8","requestId":"MISSING","statusCode":201,"timestamp":"2024-12-15T16:53:50.812Z","type":"RESPONSE"}
{"class":"UserController","funtion":"createNote","level":"info","message":"Note Created Successfully","requestId":"8c093028-2a5a-4bf4-bbcc-76a8cc17c705","response":{"message":"Note created","noteId":"786520a4d1009af02e1b808d8f0919a8"},"statusCode":200,"timestamp":"2024-12-15T16:53:50.812Z","type":"RESPONSE"}
{"level":"info","message":"Outgoing Response","method":"POST","requestId":"8c093028-2a5a-4bf4-bbcc-76a8cc17c705","statusCode":200,"timestamp":"2024-12-15T16:53:50.814Z","type":"RESPONSE","url":"/api/note"}
{"class":"Loggger","level":"info","logLevel":"info","message":"Logger initialized","timestamp":"2024-12-15T16:57:47.644Z","transports":["Console","File"],"type":"SYSTEM"}
{"level":"info","message":"HTTPS Server started","port":5000,"timestamp":"2024-12-15T16:57:47.783Z","type":"SYSTEM"}
{"level":"info","message":"API Docs available","timestamp":"2024-12-15T16:57:47.784Z","type":"SYSTEM","url":"https://localhost:5000/api-docs/"}
{"function":"connectDB","level":"info","message":"MongoDB connected successfully","place":"DB","timestamp":"2024-12-15T16:57:50.896Z","type":"SYSTEM"}
{"level":"info","message":"Incoming Request","method":"OPTIONS","requestId":"46966eec-afe3-43f4-8511-c20aa502003f","timestamp":"2024-12-15T16:57:56.660Z","type":"REQUEST","url":"/api/note"}
{"level":"info","message":"Outgoing Response","method":"OPTIONS","requestId":"46966eec-afe3-43f4-8511-c20aa502003f","statusCode":204,"timestamp":"2024-12-15T16:57:56.664Z","type":"RESPONSE","url":"/api/note"}
{"level":"info","message":"Incoming Request","method":"POST","requestId":"04889739-a90b-4b62-9f7f-fcf5433a8b90","timestamp":"2024-12-15T16:57:56.665Z","type":"REQUEST","url":"/api/note"}
{"endpoint":"/api/note","level":"info","message":"Authentication Request","place":"AuthMiddleware","requestId":"04889739-a90b-4b62-9f7f-fcf5433a8b90","timestamp":"2024-12-15T16:57:56.677Z","type":"REQUEST"}
{"level":"info","message":"Authentication Successful","place":"AuthMiddleware","requestId":"04889739-a90b-4b62-9f7f-fcf5433a8b90","statusCode":200,"timestamp":"2024-12-15T16:57:56.680Z","type":"RESPONSE","user":{"email":"test@gmail.com","id":"675732c53bd346493e3b9124"}}
{"class":"NotesController","funtion":"createNote","level":"info","message":"Create Note Request","payload":{"confirmBeforeDestruction":false,"email":"","noteText":"user check","password":"","referenceName":"","selfDestructTime":"After reading it"},"requestId":"04889739-a90b-4b62-9f7f-fcf5433a8b90","timestamp":"2024-12-15T16:57:56.681Z","type":"REQUEST","user":"test@gmail.com"}
{"class":"NoteService","function":"createNote","level":"info","message":"Create Note Request","payload":{"confirmBeforeDestruction":false,"email":"","noteText":"user check","password":"","referenceName":"","selfDestructTime":"After reading it"},"requestId":"MISSING","timestamp":"2024-12-15T16:57:56.681Z","type":"REQUEST"}
{"class":"NoteService","function":"createNote","level":"info","message":"Note Created Successfully","noteId":"c3101717aaa484875ce7b145b7d91266","requestId":"MISSING","statusCode":201,"timestamp":"2024-12-15T16:57:56.733Z","type":"RESPONSE"}
{"class":"NotesController","funtion":"createNote","level":"info","message":"Note Created Successfully","requestId":"04889739-a90b-4b62-9f7f-fcf5433a8b90","response":{"message":"Note created","noteId":"c3101717aaa484875ce7b145b7d91266"},"statusCode":200,"timestamp":"2024-12-15T16:57:56.734Z","type":"RESPONSE","user":"test@gmail.com"}
{"level":"info","message":"Outgoing Response","method":"POST","requestId":"04889739-a90b-4b62-9f7f-fcf5433a8b90","statusCode":200,"timestamp":"2024-12-15T16:57:56.736Z","type":"RESPONSE","url":"/api/note"}
{"level":"info","message":"Incoming Request","method":"OPTIONS","requestId":"e327f169-429b-410e-b40f-b71356ede10e","timestamp":"2024-12-15T16:58:01.244Z","type":"REQUEST","url":"/api/delete/c3101717aaa484875ce7b145b7d91266"}
{"level":"info","message":"Outgoing Response","method":"OPTIONS","requestId":"e327f169-429b-410e-b40f-b71356ede10e","statusCode":204,"timestamp":"2024-12-15T16:58:01.245Z","type":"RESPONSE","url":"/api/delete/c3101717aaa484875ce7b145b7d91266"}
{"level":"info","message":"Incoming Request","method":"DELETE","requestId":"0d5ea4b0-3e95-45b1-bb83-9f698469ca3b","timestamp":"2024-12-15T16:58:01.247Z","type":"REQUEST","url":"/api/delete/c3101717aaa484875ce7b145b7d91266"}
{"endpoint":"/api/delete/c3101717aaa484875ce7b145b7d91266","level":"info","message":"Authentication Request","place":"AuthMiddleware","requestId":"0d5ea4b0-3e95-45b1-bb83-9f698469ca3b","timestamp":"2024-12-15T16:58:01.247Z","type":"REQUEST"}
{"level":"info","message":"Authentication Successful","place":"AuthMiddleware","requestId":"0d5ea4b0-3e95-45b1-bb83-9f698469ca3b","statusCode":200,"timestamp":"2024-12-15T16:58:01.249Z","type":"RESPONSE","user":{"email":"test@gmail.com","id":"675732c53bd346493e3b9124"}}
{"class":"NotesController","customId":"c3101717aaa484875ce7b145b7d91266","funtion":"deleteNote","level":"info","message":"Delete Note Request","requestId":"0d5ea4b0-3e95-45b1-bb83-9f698469ca3b","timestamp":"2024-12-15T16:58:01.263Z","type":"REQUEST","user":"test@gmail.com"}
{"class":"NoteService","customId":"c3101717aaa484875ce7b145b7d91266","function":"deleteNote","level":"info","message":"Delete Note Request","requestId":"0d5ea4b0-3e95-45b1-bb83-9f698469ca3b","timestamp":"2024-12-15T16:58:01.264Z","type":"REQUEST"}
{"class":"GenericService","function":"updateOne","level":"info","message":"Update Document Request","model":"Note","query":{"customId":"c3101717aaa484875ce7b145b7d91266"},"requestId":"0d5ea4b0-3e95-45b1-bb83-9f698469ca3b","timestamp":"2024-12-15T16:58:01.264Z","type":"REQUEST","update":{"$set":{"isDeleted":true}}}
{"class":"GenericService","function":"updateOne","level":"info","matchedCount":1,"message":"Document Updated Successfully","model":"Note","requestId":"0d5ea4b0-3e95-45b1-bb83-9f698469ca3b","timestamp":"2024-12-15T16:58:01.362Z","type":"RESPONSE"}
{"class":"NoteService","customId":"c3101717aaa484875ce7b145b7d91266","function":"deleteNote","level":"info","message":"Note Deleted Successfully","requestId":"0d5ea4b0-3e95-45b1-bb83-9f698469ca3b","statusCode":200,"timestamp":"2024-12-15T16:58:01.364Z","type":"RESPONSE"}
{"class":"NotesController","customId":"c3101717aaa484875ce7b145b7d91266","funtion":"deleteNote","level":"info","message":"Note Deleted Successfully","requestId":"0d5ea4b0-3e95-45b1-bb83-9f698469ca3b","response":"Note has been deleted","statusCode":200,"timestamp":"2024-12-15T16:58:01.365Z","type":"RESPONSE","user":"test@gmail.com"}
{"level":"info","message":"Outgoing Response","method":"DELETE","requestId":"0d5ea4b0-3e95-45b1-bb83-9f698469ca3b","statusCode":200,"timestamp":"2024-12-15T16:58:01.365Z","type":"RESPONSE","url":"/api/delete/c3101717aaa484875ce7b145b7d91266"}
{"class":"Loggger","level":"info","logLevel":"info","message":"Logger initialized","timestamp":"2024-12-15T17:50:45.340Z","transports":["Console","File"],"type":"SYSTEM"}
{"level":"info","message":"HTTPS Server started","port":5000,"timestamp":"2024-12-15T17:50:45.546Z","type":"SYSTEM"}
{"level":"info","message":"API Docs available","timestamp":"2024-12-15T17:50:45.547Z","type":"SYSTEM","url":"https://localhost:5000/api-docs/"}
{"function":"connectDB","level":"info","message":"MongoDB connected successfully","place":"DB","timestamp":"2024-12-15T17:50:48.374Z","type":"SYSTEM"}
{"level":"info","message":"Incoming Request","method":"OPTIONS","requestId":"dd4ef0f0-29ab-4583-8a3a-f0f048953ae9","timestamp":"2024-12-15T17:50:49.087Z","type":"REQUEST","url":"/api/login"}
{"level":"info","message":"Outgoing Response","method":"OPTIONS","requestId":"dd4ef0f0-29ab-4583-8a3a-f0f048953ae9","statusCode":204,"timestamp":"2024-12-15T17:50:49.089Z","type":"RESPONSE","url":"/api/login"}
{"level":"info","message":"Incoming Request","method":"POST","requestId":"36bd670b-c5a8-4af2-a68a-b321f3bed98d","timestamp":"2024-12-15T17:50:49.090Z","type":"REQUEST","url":"/api/login"}
{"class":"UserController","email":"test@gmail.com","funtion":"login","level":"info","message":"User login attempt","requestId":"36bd670b-c5a8-4af2-a68a-b321f3bed98d","timestamp":"2024-12-15T17:50:49.099Z","type":"REQUEST"}
{"class":"UserController","email":"test@gmail.com","funtion":"login","level":"info","message":"User login successful","requestId":"36bd670b-c5a8-4af2-a68a-b321f3bed98d","statusCode":200,"timestamp":"2024-12-15T17:50:49.185Z","type":"RESPONSE"}
{"level":"info","message":"Outgoing Response","method":"POST","requestId":"36bd670b-c5a8-4af2-a68a-b321f3bed98d","statusCode":200,"timestamp":"2024-12-15T17:50:49.187Z","type":"RESPONSE","url":"/api/login"}
{"class":"Loggger","level":"info","logLevel":"info","message":"Logger initialized","timestamp":"2024-12-15T18:36:54.372Z","transports":["Console","File"],"type":"SYSTEM"}
{"level":"info","message":"HTTPS Server started","port":5000,"timestamp":"2024-12-15T18:36:54.632Z","type":"SYSTEM"}
{"level":"info","message":"API Docs available","timestamp":"2024-12-15T18:36:54.633Z","type":"SYSTEM","url":"https://localhost:5000/api-docs/"}
{"function":"connectDB","level":"info","message":"MongoDB connected successfully","place":"DB","timestamp":"2024-12-15T18:36:57.371Z","type":"SYSTEM"}
{"class":"Loggger","level":"info","logLevel":"info","message":"Logger initialized","timestamp":"2024-12-15T20:52:56.302Z","transports":["Console","File"],"type":"SYSTEM"}
{"level":"info","message":"HTTPS Server started","port":5000,"timestamp":"2024-12-15T20:52:56.527Z","type":"SYSTEM"}
{"level":"info","message":"API Docs available","timestamp":"2024-12-15T20:52:56.527Z","type":"SYSTEM","url":"https://localhost:5000/api-docs/"}
{"function":"connectDB","level":"info","message":"MongoDB connected successfully","place":"DB","timestamp":"2024-12-15T20:52:59.456Z","type":"SYSTEM"}
{"level":"info","message":"Incoming Request","method":"OPTIONS","requestId":"1cf83298-32a6-4f08-9a89-c53b28ac3510","timestamp":"2024-12-15T20:53:11.770Z","type":"REQUEST","url":"/api/login"}
{"level":"info","message":"Outgoing Response","method":"OPTIONS","requestId":"1cf83298-32a6-4f08-9a89-c53b28ac3510","statusCode":204,"timestamp":"2024-12-15T20:53:11.773Z","type":"RESPONSE","url":"/api/login"}
{"level":"info","message":"Incoming Request","method":"POST","requestId":"b85b4ddb-1f0c-4f37-896d-11240d970a64","timestamp":"2024-12-15T20:53:11.775Z","type":"REQUEST","url":"/api/login"}
{"class":"UserController","email":"test@gmail.com","funtion":"login","level":"info","message":"User login attempt","requestId":"b85b4ddb-1f0c-4f37-896d-11240d970a64","timestamp":"2024-12-15T20:53:11.789Z","type":"REQUEST"}
{"class":"UserController","email":"test@gmail.com","funtion":"login","level":"info","message":"User login successful","requestId":"b85b4ddb-1f0c-4f37-896d-11240d970a64","statusCode":200,"timestamp":"2024-12-15T20:53:11.885Z","type":"RESPONSE"}
{"level":"info","message":"Outgoing Response","method":"POST","requestId":"b85b4ddb-1f0c-4f37-896d-11240d970a64","statusCode":200,"timestamp":"2024-12-15T20:53:11.887Z","type":"RESPONSE","url":"/api/login"}
{"level":"info","message":"Incoming Request","method":"OPTIONS","requestId":"c934bf64-2f47-4708-a82e-7a0f228ad245","timestamp":"2024-12-15T20:53:46.034Z","type":"REQUEST","url":"/api/note"}
{"level":"info","message":"Outgoing Response","method":"OPTIONS","requestId":"c934bf64-2f47-4708-a82e-7a0f228ad245","statusCode":204,"timestamp":"2024-12-15T20:53:46.034Z","type":"RESPONSE","url":"/api/note"}
{"level":"info","message":"Incoming Request","method":"POST","requestId":"e851668b-7552-405c-91c0-81c5c75f27f6","timestamp":"2024-12-15T20:53:46.035Z","type":"REQUEST","url":"/api/note"}
{"endpoint":"/api/note","level":"info","message":"Authentication Request","place":"AuthMiddleware","requestId":"e851668b-7552-405c-91c0-81c5c75f27f6","timestamp":"2024-12-15T20:53:46.036Z","type":"REQUEST"}
{"level":"info","message":"Authentication Successful","place":"AuthMiddleware","requestId":"e851668b-7552-405c-91c0-81c5c75f27f6","statusCode":200,"timestamp":"2024-12-15T20:53:46.038Z","type":"RESPONSE","user":{"email":"test@gmail.com","id":"675732c53bd346493e3b9124"}}
{"class":"NotesController","funtion":"createNote","level":"info","message":"Create Note Request","payload":{"confirmBeforeDestruction":false,"email":"","noteText":"Test 123","password":"","referenceName":"","selfDestructTime":"1 Min"},"requestId":"e851668b-7552-405c-91c0-81c5c75f27f6","timestamp":"2024-12-15T20:53:46.039Z","type":"REQUEST","user":"test@gmail.com"}
{"class":"NoteService","function":"createNote","level":"info","message":"Create Note Request","payload":{"confirmBeforeDestruction":false,"email":"","noteText":"Test 123","password":"","referenceName":"","selfDestructTime":"1 Min"},"requestId":"MISSING","timestamp":"2024-12-15T20:53:46.039Z","type":"REQUEST"}
{"class":"NoteService","function":"createNote","level":"info","message":"Note Created Successfully","noteId":"0cf9ac51523f850733e545d967efdd67","requestId":"MISSING","statusCode":201,"timestamp":"2024-12-15T20:53:46.086Z","type":"RESPONSE"}
{"class":"NotesController","funtion":"createNote","level":"info","message":"Note Created Successfully","requestId":"e851668b-7552-405c-91c0-81c5c75f27f6","response":{"message":"Note created","noteId":"0cf9ac51523f850733e545d967efdd67"},"statusCode":200,"timestamp":"2024-12-15T20:53:46.086Z","type":"RESPONSE","user":"test@gmail.com"}
{"level":"info","message":"Outgoing Response","method":"POST","requestId":"e851668b-7552-405c-91c0-81c5c75f27f6","statusCode":200,"timestamp":"2024-12-15T20:53:46.087Z","type":"RESPONSE","url":"/api/note"}
{"level":"info","message":"Incoming Request","method":"OPTIONS","requestId":"c11c23ef-bc1e-43ee-a08d-84d7ed1e779b","timestamp":"2024-12-15T20:54:21.337Z","type":"REQUEST","url":"/api/note/0cf9ac51523f850733e545d967efdd67"}
{"level":"info","message":"Outgoing Response","method":"OPTIONS","requestId":"c11c23ef-bc1e-43ee-a08d-84d7ed1e779b","statusCode":204,"timestamp":"2024-12-15T20:54:21.338Z","type":"RESPONSE","url":"/api/note/0cf9ac51523f850733e545d967efdd67"}
{"level":"info","message":"Incoming Request","method":"OPTIONS","requestId":"06052889-3a30-4be2-966b-fe7f75396991","timestamp":"2024-12-15T20:54:21.338Z","type":"REQUEST","url":"/api/note/0cf9ac51523f850733e545d967efdd67"}
{"level":"info","message":"Outgoing Response","method":"OPTIONS","requestId":"06052889-3a30-4be2-966b-fe7f75396991","statusCode":204,"timestamp":"2024-12-15T20:54:21.340Z","type":"RESPONSE","url":"/api/note/0cf9ac51523f850733e545d967efdd67"}
{"level":"info","message":"Incoming Request","method":"GET","requestId":"d08a3c02-02ec-41e6-aad1-8a192932b063","timestamp":"2024-12-15T20:54:21.340Z","type":"REQUEST","url":"/api/note/0cf9ac51523f850733e545d967efdd67"}
{"endpoint":"/api/note/0cf9ac51523f850733e545d967efdd67","level":"info","message":"Authentication Request","place":"AuthMiddleware","requestId":"d08a3c02-02ec-41e6-aad1-8a192932b063","timestamp":"2024-12-15T20:54:21.341Z","type":"REQUEST"}
{"level":"info","message":"Authentication Successful","place":"AuthMiddleware","requestId":"d08a3c02-02ec-41e6-aad1-8a192932b063","statusCode":200,"timestamp":"2024-12-15T20:54:21.342Z","type":"RESPONSE","user":{"email":"test@gmail.com","id":"675732c53bd346493e3b9124"}}
{"class":"NotesController","customId":"0cf9ac51523f850733e545d967efdd67","funtion":"getNoteById","level":"info","message":"Get Note By ID Request","requestId":"d08a3c02-02ec-41e6-aad1-8a192932b063","timestamp":"2024-12-15T20:54:21.342Z","type":"REQUEST","user":"test@gmail.com"}
{"class":"NoteService","customId":"0cf9ac51523f850733e545d967efdd67","function":"getNoteByIdAndStatus","level":"info","message":"Get Note By ID and Status Request","requestId":"d08a3c02-02ec-41e6-aad1-8a192932b063","timestamp":"2024-12-15T20:54:21.342Z","type":"REQUEST"}
{"class":"GenericService","function":"findOne","level":"info","message":"Find Document Request","model":"Note","query":{"customId":"0cf9ac51523f850733e545d967efdd67"},"requestId":"d08a3c02-02ec-41e6-aad1-8a192932b063","timestamp":"2024-12-15T20:54:21.342Z","type":"REQUEST"}
{"class":"GenericService","documentId":"675f41da68b6602b610484e4","function":"findOne","level":"info","message":"Document Found Successfully","model":"Note","requestId":"d08a3c02-02ec-41e6-aad1-8a192932b063","timestamp":"2024-12-15T20:54:21.398Z","type":"RESPONSE"}
{"class":"NoteService","customId":"0cf9ac51523f850733e545d967efdd67","function":"getNoteByIdAndStatus","level":"info","message":"Note Retrieved Successfully","note":{"text":"Test 123"},"requestId":"d08a3c02-02ec-41e6-aad1-8a192932b063","statusCode":200,"timestamp":"2024-12-15T20:54:21.398Z","type":"RESPONSE"}
{"class":"NotesController","customId":"0cf9ac51523f850733e545d967efdd67","funtion":"getNoteById","level":"info","message":"Note Retrieved Successfully","note":{"confirmBeforeDestruction":false,"text":"Test 123"},"requestId":"d08a3c02-02ec-41e6-aad1-8a192932b063","statusCode":200,"timestamp":"2024-12-15T20:54:21.398Z","type":"RESPONSE","user":"test@gmail.com"}
{"level":"info","message":"Outgoing Response","method":"GET","requestId":"d08a3c02-02ec-41e6-aad1-8a192932b063","statusCode":200,"timestamp":"2024-12-15T20:54:21.399Z","type":"RESPONSE","url":"/api/note/0cf9ac51523f850733e545d967efdd67"}
{"level":"info","message":"Incoming Request","method":"GET","requestId":"8b62eac2-6bf4-4c52-840f-8c93122bd5d1","timestamp":"2024-12-15T20:54:21.400Z","type":"REQUEST","url":"/api/note/0cf9ac51523f850733e545d967efdd67"}
{"endpoint":"/api/note/0cf9ac51523f850733e545d967efdd67","level":"info","message":"Authentication Request","place":"AuthMiddleware","requestId":"8b62eac2-6bf4-4c52-840f-8c93122bd5d1","timestamp":"2024-12-15T20:54:21.400Z","type":"REQUEST"}
{"level":"info","message":"Authentication Successful","place":"AuthMiddleware","requestId":"8b62eac2-6bf4-4c52-840f-8c93122bd5d1","statusCode":200,"timestamp":"2024-12-15T20:54:21.401Z","type":"RESPONSE","user":{"email":"test@gmail.com","id":"675732c53bd346493e3b9124"}}
{"class":"NotesController","customId":"0cf9ac51523f850733e545d967efdd67","funtion":"getNoteById","level":"info","message":"Get Note By ID Request","requestId":"8b62eac2-6bf4-4c52-840f-8c93122bd5d1","timestamp":"2024-12-15T20:54:21.401Z","type":"REQUEST","user":"test@gmail.com"}
{"class":"NoteService","customId":"0cf9ac51523f850733e545d967efdd67","function":"getNoteByIdAndStatus","level":"info","message":"Get Note By ID and Status Request","requestId":"8b62eac2-6bf4-4c52-840f-8c93122bd5d1","timestamp":"2024-12-15T20:54:21.401Z","type":"REQUEST"}
{"class":"GenericService","function":"findOne","level":"info","message":"Find Document Request","model":"Note","query":{"customId":"0cf9ac51523f850733e545d967efdd67"},"requestId":"8b62eac2-6bf4-4c52-840f-8c93122bd5d1","timestamp":"2024-12-15T20:54:21.401Z","type":"REQUEST"}
{"class":"GenericService","documentId":"675f41da68b6602b610484e4","function":"findOne","level":"info","message":"Document Found Successfully","model":"Note","requestId":"8b62eac2-6bf4-4c52-840f-8c93122bd5d1","timestamp":"2024-12-15T20:54:21.436Z","type":"RESPONSE"}
{"class":"NoteService","customId":"0cf9ac51523f850733e545d967efdd67","function":"getNoteByIdAndStatus","level":"info","message":"Note Retrieved Successfully","note":{"text":"Test 123"},"requestId":"8b62eac2-6bf4-4c52-840f-8c93122bd5d1","statusCode":200,"timestamp":"2024-12-15T20:54:21.436Z","type":"RESPONSE"}
{"class":"NotesController","customId":"0cf9ac51523f850733e545d967efdd67","funtion":"getNoteById","level":"info","message":"Note Retrieved Successfully","note":{"confirmBeforeDestruction":false,"text":"Test 123"},"requestId":"8b62eac2-6bf4-4c52-840f-8c93122bd5d1","statusCode":200,"timestamp":"2024-12-15T20:54:21.436Z","type":"RESPONSE","user":"test@gmail.com"}
{"level":"info","message":"Outgoing Response","method":"GET","requestId":"8b62eac2-6bf4-4c52-840f-8c93122bd5d1","statusCode":304,"timestamp":"2024-12-15T20:54:21.437Z","type":"RESPONSE","url":"/api/note/0cf9ac51523f850733e545d967efdd67"}
{"level":"info","message":"Incoming Request","method":"OPTIONS","requestId":"c2b21ab4-01f6-4b87-911a-a8ba7fc36af4","timestamp":"2024-12-15T20:54:35.368Z","type":"REQUEST","url":"/api/delete/0cf9ac51523f850733e545d967efdd67"}
{"level":"info","message":"Outgoing Response","method":"OPTIONS","requestId":"c2b21ab4-01f6-4b87-911a-a8ba7fc36af4","statusCode":204,"timestamp":"2024-12-15T20:54:35.369Z","type":"RESPONSE","url":"/api/delete/0cf9ac51523f850733e545d967efdd67"}
{"level":"info","message":"Incoming Request","method":"DELETE","requestId":"3104eb9f-c411-4c43-8df7-a3cadd028b8d","timestamp":"2024-12-15T20:54:35.370Z","type":"REQUEST","url":"/api/delete/0cf9ac51523f850733e545d967efdd67"}
{"endpoint":"/api/delete/0cf9ac51523f850733e545d967efdd67","level":"info","message":"Authentication Request","place":"AuthMiddleware","requestId":"3104eb9f-c411-4c43-8df7-a3cadd028b8d","timestamp":"2024-12-15T20:54:35.371Z","type":"REQUEST"}
{"level":"info","message":"Authentication Successful","place":"AuthMiddleware","requestId":"3104eb9f-c411-4c43-8df7-a3cadd028b8d","statusCode":200,"timestamp":"2024-12-15T20:54:35.372Z","type":"RESPONSE","user":{"email":"test@gmail.com","id":"675732c53bd346493e3b9124"}}
{"class":"NotesController","customId":"0cf9ac51523f850733e545d967efdd67","funtion":"deleteNote","level":"info","message":"Delete Note Request","requestId":"3104eb9f-c411-4c43-8df7-a3cadd028b8d","timestamp":"2024-12-15T20:54:35.372Z","type":"REQUEST","user":"test@gmail.com"}
{"class":"NoteService","customId":"0cf9ac51523f850733e545d967efdd67","function":"deleteNote","level":"info","message":"Delete Note Request","requestId":"3104eb9f-c411-4c43-8df7-a3cadd028b8d","timestamp":"2024-12-15T20:54:35.372Z","type":"REQUEST"}
{"class":"GenericService","function":"updateOne","level":"info","message":"Update Document Request","model":"Note","query":{"customId":"0cf9ac51523f850733e545d967efdd67"},"requestId":"3104eb9f-c411-4c43-8df7-a3cadd028b8d","timestamp":"2024-12-15T20:54:35.373Z","type":"REQUEST","update":{"$set":{"isDeleted":true}}}
{"class":"GenericService","function":"updateOne","level":"info","matchedCount":1,"message":"Document Updated Successfully","model":"Note","requestId":"3104eb9f-c411-4c43-8df7-a3cadd028b8d","timestamp":"2024-12-15T20:54:35.413Z","type":"RESPONSE"}
{"class":"NoteService","customId":"0cf9ac51523f850733e545d967efdd67","function":"deleteNote","level":"info","message":"Note Deleted Successfully","requestId":"3104eb9f-c411-4c43-8df7-a3cadd028b8d","statusCode":200,"timestamp":"2024-12-15T20:54:35.413Z","type":"RESPONSE"}
{"class":"NotesController","customId":"0cf9ac51523f850733e545d967efdd67","funtion":"deleteNote","level":"info","message":"Note Deleted Successfully","requestId":"3104eb9f-c411-4c43-8df7-a3cadd028b8d","response":"Note has been deleted","statusCode":200,"timestamp":"2024-12-15T20:54:35.413Z","type":"RESPONSE","user":"test@gmail.com"}
{"level":"info","message":"Outgoing Response","method":"DELETE","requestId":"3104eb9f-c411-4c43-8df7-a3cadd028b8d","statusCode":200,"timestamp":"2024-12-15T20:54:35.413Z","type":"RESPONSE","url":"/api/delete/0cf9ac51523f850733e545d967efdd67"}
{"level":"info","message":"Incoming Request","method":"OPTIONS","requestId":"ca4b7597-694d-4161-bef2-c0cc08479c91","timestamp":"2024-12-15T20:59:16.072Z","type":"REQUEST","url":"/api/note"}
{"level":"info","message":"Outgoing Response","method":"OPTIONS","requestId":"ca4b7597-694d-4161-bef2-c0cc08479c91","statusCode":204,"timestamp":"2024-12-15T20:59:16.073Z","type":"RESPONSE","url":"/api/note"}
{"level":"info","message":"Incoming Request","method":"POST","requestId":"a9777800-0bfa-45df-bd39-055f9e7b37ff","timestamp":"2024-12-15T20:59:16.074Z","type":"REQUEST","url":"/api/note"}
{"endpoint":"/api/note","level":"info","message":"Authentication Request","place":"AuthMiddleware","requestId":"a9777800-0bfa-45df-bd39-055f9e7b37ff","timestamp":"2024-12-15T20:59:16.074Z","type":"REQUEST"}
{"level":"info","message":"Authentication Successful","place":"AuthMiddleware","requestId":"a9777800-0bfa-45df-bd39-055f9e7b37ff","statusCode":200,"timestamp":"2024-12-15T20:59:16.075Z","type":"RESPONSE","user":{"email":"test@gmail.com","id":"675732c53bd346493e3b9124"}}
{"class":"NotesController","funtion":"createNote","level":"info","message":"Create Note Request","payload":{"confirmBeforeDestruction":false,"email":"","noteText":"Test 123","password":"","referenceName":"","selfDestructTime":"1 Min"},"requestId":"a9777800-0bfa-45df-bd39-055f9e7b37ff","timestamp":"2024-12-15T20:59:16.075Z","type":"REQUEST","user":"test@gmail.com"}
{"class":"NoteService","function":"createNote","level":"info","message":"Create Note Request","payload":{"confirmBeforeDestruction":false,"email":"","noteText":"Test 123","password":"","referenceName":"","selfDestructTime":"1 Min"},"requestId":"MISSING","timestamp":"2024-12-15T20:59:16.075Z","type":"REQUEST"}
{"class":"NoteService","function":"createNote","level":"info","message":"Note Created Successfully","noteId":"dd325177b6975e2985fefea64e1bf031","requestId":"MISSING","statusCode":201,"timestamp":"2024-12-15T20:59:16.126Z","type":"RESPONSE"}
{"class":"NotesController","funtion":"createNote","level":"info","message":"Note Created Successfully","requestId":"a9777800-0bfa-45df-bd39-055f9e7b37ff","response":{"message":"Note created","noteId":"dd325177b6975e2985fefea64e1bf031"},"statusCode":200,"timestamp":"2024-12-15T20:59:16.126Z","type":"RESPONSE","user":"test@gmail.com"}
{"level":"info","message":"Outgoing Response","method":"POST","requestId":"a9777800-0bfa-45df-bd39-055f9e7b37ff","statusCode":200,"timestamp":"2024-12-15T20:59:16.127Z","type":"RESPONSE","url":"/api/note"}
{"level":"info","message":"Incoming Request","method":"OPTIONS","requestId":"658f0a8b-f0c5-4d3e-a54c-d1b57e2a7a48","timestamp":"2024-12-15T21:00:14.001Z","type":"REQUEST","url":"/api/note"}
{"level":"info","message":"Outgoing Response","method":"OPTIONS","requestId":"658f0a8b-f0c5-4d3e-a54c-d1b57e2a7a48","statusCode":204,"timestamp":"2024-12-15T21:00:14.002Z","type":"RESPONSE","url":"/api/note"}
{"level":"info","message":"Incoming Request","method":"POST","requestId":"7ef9439a-2c4c-4043-8f20-d64336df4f64","timestamp":"2024-12-15T21:00:14.003Z","type":"REQUEST","url":"/api/note"}
{"endpoint":"/api/note","level":"info","message":"Authentication Request","place":"AuthMiddleware","requestId":"7ef9439a-2c4c-4043-8f20-d64336df4f64","timestamp":"2024-12-15T21:00:14.003Z","type":"REQUEST"}
{"level":"info","message":"Authentication Successful","place":"AuthMiddleware","requestId":"7ef9439a-2c4c-4043-8f20-d64336df4f64","statusCode":200,"timestamp":"2024-12-15T21:00:14.004Z","type":"RESPONSE","user":{"email":"test@gmail.com","id":"675732c53bd346493e3b9124"}}
{"class":"NotesController","funtion":"createNote","level":"info","message":"Create Note Request","payload":{"confirmBeforeDestruction":false,"email":"","noteText":"Test 123","password":"","referenceName":"","selfDestructTime":"1 Min"},"requestId":"7ef9439a-2c4c-4043-8f20-d64336df4f64","timestamp":"2024-12-15T21:00:14.004Z","type":"REQUEST","user":"test@gmail.com"}
{"class":"NoteService","function":"createNote","level":"info","message":"Create Note Request","payload":{"confirmBeforeDestruction":false,"email":"","noteText":"Test 123","password":"","referenceName":"","selfDestructTime":"1 Min"},"requestId":"MISSING","timestamp":"2024-12-15T21:00:14.004Z","type":"REQUEST"}
{"class":"NoteService","function":"createNote","level":"info","message":"Note Created Successfully","noteId":"9debc1d083e26d783c99dc1afa5bcc3b","requestId":"MISSING","statusCode":201,"timestamp":"2024-12-15T21:00:14.049Z","type":"RESPONSE"}
{"class":"NotesController","funtion":"createNote","level":"info","message":"Note Created Successfully","requestId":"7ef9439a-2c4c-4043-8f20-d64336df4f64","response":{"message":"Note created","noteId":"9debc1d083e26d783c99dc1afa5bcc3b"},"statusCode":200,"timestamp":"2024-12-15T21:00:14.050Z","type":"RESPONSE","user":"test@gmail.com"}
{"level":"info","message":"Outgoing Response","method":"POST","requestId":"7ef9439a-2c4c-4043-8f20-d64336df4f64","statusCode":200,"timestamp":"2024-12-15T21:00:14.050Z","type":"RESPONSE","url":"/api/note"}
{"level":"info","message":"Incoming Request","method":"OPTIONS","requestId":"f106bcf8-dcd8-408e-b24c-5fff70500a5f","timestamp":"2024-12-15T21:00:46.127Z","type":"REQUEST","url":"/api/note"}
{"level":"info","message":"Outgoing Response","method":"OPTIONS","requestId":"f106bcf8-dcd8-408e-b24c-5fff70500a5f","statusCode":204,"timestamp":"2024-12-15T21:00:46.128Z","type":"RESPONSE","url":"/api/note"}
{"level":"info","message":"Incoming Request","method":"POST","requestId":"bd5848c8-37e0-4e20-80f0-0a47ab4d9faa","timestamp":"2024-12-15T21:00:46.128Z","type":"REQUEST","url":"/api/note"}
{"endpoint":"/api/note","level":"info","message":"Authentication Request","place":"AuthMiddleware","requestId":"bd5848c8-37e0-4e20-80f0-0a47ab4d9faa","timestamp":"2024-12-15T21:00:46.129Z","type":"REQUEST"}
{"level":"info","message":"Authentication Successful","place":"AuthMiddleware","requestId":"bd5848c8-37e0-4e20-80f0-0a47ab4d9faa","statusCode":200,"timestamp":"2024-12-15T21:00:46.130Z","type":"RESPONSE","user":{"email":"test@gmail.com","id":"675732c53bd346493e3b9124"}}
{"class":"NotesController","funtion":"createNote","level":"info","message":"Create Note Request","payload":{"confirmBeforeDestruction":false,"email":"","noteText":"Test 123","password":"","referenceName":"","selfDestructTime":"After reading it"},"requestId":"bd5848c8-37e0-4e20-80f0-0a47ab4d9faa","timestamp":"2024-12-15T21:00:46.130Z","type":"REQUEST","user":"test@gmail.com"}
{"class":"NoteService","function":"createNote","level":"info","message":"Create Note Request","payload":{"confirmBeforeDestruction":false,"email":"","noteText":"Test 123","password":"","referenceName":"","selfDestructTime":"After reading it"},"requestId":"MISSING","timestamp":"2024-12-15T21:00:46.130Z","type":"REQUEST"}
{"class":"NoteService","function":"createNote","level":"info","message":"Note Created Successfully","noteId":"ea5577f33125df0bbf6b05bb0e00dc32","requestId":"MISSING","statusCode":201,"timestamp":"2024-12-15T21:00:46.173Z","type":"RESPONSE"}
{"class":"NotesController","funtion":"createNote","level":"info","message":"Note Created Successfully","requestId":"bd5848c8-37e0-4e20-80f0-0a47ab4d9faa","response":{"message":"Note created","noteId":"ea5577f33125df0bbf6b05bb0e00dc32"},"statusCode":200,"timestamp":"2024-12-15T21:00:46.173Z","type":"RESPONSE","user":"test@gmail.com"}
{"level":"info","message":"Outgoing Response","method":"POST","requestId":"bd5848c8-37e0-4e20-80f0-0a47ab4d9faa","statusCode":200,"timestamp":"2024-12-15T21:00:46.174Z","type":"RESPONSE","url":"/api/note"}
{"level":"info","message":"Incoming Request","method":"OPTIONS","requestId":"d82f7ecd-37ad-4a6b-9502-986bce6d434a","timestamp":"2024-12-15T21:00:51.130Z","type":"REQUEST","url":"/api/note/ea5577f33125df0bbf6b05bb0e00dc32"}
{"level":"info","message":"Outgoing Response","method":"OPTIONS","requestId":"d82f7ecd-37ad-4a6b-9502-986bce6d434a","statusCode":204,"timestamp":"2024-12-15T21:00:51.131Z","type":"RESPONSE","url":"/api/note/ea5577f33125df0bbf6b05bb0e00dc32"}
{"level":"info","message":"Incoming Request","method":"OPTIONS","requestId":"33d10160-ce52-4b79-91b7-43acf55d101d","timestamp":"2024-12-15T21:00:51.132Z","type":"REQUEST","url":"/api/note/ea5577f33125df0bbf6b05bb0e00dc32"}
{"level":"info","message":"Incoming Request","method":"GET","requestId":"a59daed2-a73f-4444-b4bd-47c12221d9cf","timestamp":"2024-12-15T21:00:51.132Z","type":"REQUEST","url":"/api/note/ea5577f33125df0bbf6b05bb0e00dc32"}
{"endpoint":"/api/note/ea5577f33125df0bbf6b05bb0e00dc32","level":"info","message":"Authentication Request","place":"AuthMiddleware","requestId":"a59daed2-a73f-4444-b4bd-47c12221d9cf","timestamp":"2024-12-15T21:00:51.132Z","type":"REQUEST"}
{"level":"info","message":"Authentication Successful","place":"AuthMiddleware","requestId":"a59daed2-a73f-4444-b4bd-47c12221d9cf","statusCode":200,"timestamp":"2024-12-15T21:00:51.133Z","type":"RESPONSE","user":{"email":"test@gmail.com","id":"675732c53bd346493e3b9124"}}
{"class":"NotesController","customId":"ea5577f33125df0bbf6b05bb0e00dc32","funtion":"getNoteById","level":"info","message":"Get Note By ID Request","requestId":"a59daed2-a73f-4444-b4bd-47c12221d9cf","timestamp":"2024-12-15T21:00:51.133Z","type":"REQUEST","user":"test@gmail.com"}
{"class":"NoteService","customId":"ea5577f33125df0bbf6b05bb0e00dc32","function":"getNoteByIdAndStatus","level":"info","message":"Get Note By ID and Status Request","requestId":"a59daed2-a73f-4444-b4bd-47c12221d9cf","timestamp":"2024-12-15T21:00:51.133Z","type":"REQUEST"}
{"class":"GenericService","function":"findOne","level":"info","message":"Find Document Request","model":"Note","query":{"customId":"ea5577f33125df0bbf6b05bb0e00dc32"},"requestId":"a59daed2-a73f-4444-b4bd-47c12221d9cf","timestamp":"2024-12-15T21:00:51.133Z","type":"REQUEST"}
{"level":"info","message":"Outgoing Response","method":"OPTIONS","requestId":"33d10160-ce52-4b79-91b7-43acf55d101d","statusCode":204,"timestamp":"2024-12-15T21:00:51.134Z","type":"RESPONSE","url":"/api/note/ea5577f33125df0bbf6b05bb0e00dc32"}
{"class":"GenericService","documentId":"675f437e68b6602b610484ed","function":"findOne","level":"info","message":"Document Found Successfully","model":"Note","requestId":"a59daed2-a73f-4444-b4bd-47c12221d9cf","timestamp":"2024-12-15T21:00:51.188Z","type":"RESPONSE"}
{"class":"NoteService","customId":"ea5577f33125df0bbf6b05bb0e00dc32","function":"getNoteByIdAndStatus","level":"info","message":"Note Retrieved Successfully","note":{"text":"Test 123"},"requestId":"a59daed2-a73f-4444-b4bd-47c12221d9cf","statusCode":200,"timestamp":"2024-12-15T21:00:51.188Z","type":"RESPONSE"}
{"class":"NotesController","customId":"ea5577f33125df0bbf6b05bb0e00dc32","funtion":"getNoteById","level":"info","message":"Note Retrieved Successfully","note":{"confirmBeforeDestruction":false,"text":"Test 123"},"requestId":"a59daed2-a73f-4444-b4bd-47c12221d9cf","statusCode":200,"timestamp":"2024-12-15T21:00:51.188Z","type":"RESPONSE","user":"test@gmail.com"}
{"level":"info","message":"Outgoing Response","method":"GET","requestId":"a59daed2-a73f-4444-b4bd-47c12221d9cf","statusCode":200,"timestamp":"2024-12-15T21:00:51.188Z","type":"RESPONSE","url":"/api/note/ea5577f33125df0bbf6b05bb0e00dc32"}
{"level":"info","message":"Incoming Request","method":"GET","requestId":"5932b9a7-dc2f-48de-8f33-5e88a2900fe5","timestamp":"2024-12-15T21:00:51.190Z","type":"REQUEST","url":"/api/note/ea5577f33125df0bbf6b05bb0e00dc32"}
{"endpoint":"/api/note/ea5577f33125df0bbf6b05bb0e00dc32","level":"info","message":"Authentication Request","place":"AuthMiddleware","requestId":"5932b9a7-dc2f-48de-8f33-5e88a2900fe5","timestamp":"2024-12-15T21:00:51.190Z","type":"REQUEST"}
{"level":"info","message":"Authentication Successful","place":"AuthMiddleware","requestId":"5932b9a7-dc2f-48de-8f33-5e88a2900fe5","statusCode":200,"timestamp":"2024-12-15T21:00:51.191Z","type":"RESPONSE","user":{"email":"test@gmail.com","id":"675732c53bd346493e3b9124"}}
{"class":"NotesController","customId":"ea5577f33125df0bbf6b05bb0e00dc32","funtion":"getNoteById","level":"info","message":"Get Note By ID Request","requestId":"5932b9a7-dc2f-48de-8f33-5e88a2900fe5","timestamp":"2024-12-15T21:00:51.191Z","type":"REQUEST","user":"test@gmail.com"}
{"class":"NoteService","customId":"ea5577f33125df0bbf6b05bb0e00dc32","function":"getNoteByIdAndStatus","level":"info","message":"Get Note By ID and Status Request","requestId":"5932b9a7-dc2f-48de-8f33-5e88a2900fe5","timestamp":"2024-12-15T21:00:51.191Z","type":"REQUEST"}
{"class":"GenericService","function":"findOne","level":"info","message":"Find Document Request","model":"Note","query":{"customId":"ea5577f33125df0bbf6b05bb0e00dc32"},"requestId":"5932b9a7-dc2f-48de-8f33-5e88a2900fe5","timestamp":"2024-12-15T21:00:51.191Z","type":"REQUEST"}
{"class":"GenericService","documentId":"675f437e68b6602b610484ed","function":"findOne","level":"info","message":"Document Found Successfully","model":"Note","requestId":"5932b9a7-dc2f-48de-8f33-5e88a2900fe5","timestamp":"2024-12-15T21:00:51.237Z","type":"RESPONSE"}
{"class":"NoteService","customId":"ea5577f33125df0bbf6b05bb0e00dc32","function":"getNoteByIdAndStatus","level":"info","message":"Note Retrieved Successfully","note":{"text":"Test 123"},"requestId":"5932b9a7-dc2f-48de-8f33-5e88a2900fe5","statusCode":200,"timestamp":"2024-12-15T21:00:51.237Z","type":"RESPONSE"}
{"class":"NotesController","customId":"ea5577f33125df0bbf6b05bb0e00dc32","funtion":"getNoteById","level":"info","message":"Note Retrieved Successfully","note":{"confirmBeforeDestruction":false,"text":"Test 123"},"requestId":"5932b9a7-dc2f-48de-8f33-5e88a2900fe5","statusCode":200,"timestamp":"2024-12-15T21:00:51.237Z","type":"RESPONSE","user":"test@gmail.com"}
{"level":"info","message":"Outgoing Response","method":"GET","requestId":"5932b9a7-dc2f-48de-8f33-5e88a2900fe5","statusCode":304,"timestamp":"2024-12-15T21:00:51.238Z","type":"RESPONSE","url":"/api/note/ea5577f33125df0bbf6b05bb0e00dc32"}
{"level":"info","message":"Incoming Request","method":"OPTIONS","requestId":"f0acec78-95a5-4713-8737-070a015079b7","timestamp":"2024-12-15T21:01:08.530Z","type":"REQUEST","url":"/api/delete/ea5577f33125df0bbf6b05bb0e00dc32"}
{"level":"info","message":"Outgoing Response","method":"OPTIONS","requestId":"f0acec78-95a5-4713-8737-070a015079b7","statusCode":204,"timestamp":"2024-12-15T21:01:08.531Z","type":"RESPONSE","url":"/api/delete/ea5577f33125df0bbf6b05bb0e00dc32"}
{"level":"info","message":"Incoming Request","method":"DELETE","requestId":"a21406c5-092d-451c-9682-b6b6a8691308","timestamp":"2024-12-15T21:01:08.532Z","type":"REQUEST","url":"/api/delete/ea5577f33125df0bbf6b05bb0e00dc32"}
{"endpoint":"/api/delete/ea5577f33125df0bbf6b05bb0e00dc32","level":"info","message":"Authentication Request","place":"AuthMiddleware","requestId":"a21406c5-092d-451c-9682-b6b6a8691308","timestamp":"2024-12-15T21:01:08.533Z","type":"REQUEST"}
{"level":"info","message":"Authentication Successful","place":"AuthMiddleware","requestId":"a21406c5-092d-451c-9682-b6b6a8691308","statusCode":200,"timestamp":"2024-12-15T21:01:08.534Z","type":"RESPONSE","user":{"email":"test@gmail.com","id":"675732c53bd346493e3b9124"}}
{"class":"NotesController","customId":"ea5577f33125df0bbf6b05bb0e00dc32","funtion":"deleteNote","level":"info","message":"Delete Note Request","requestId":"a21406c5-092d-451c-9682-b6b6a8691308","timestamp":"2024-12-15T21:01:08.534Z","type":"REQUEST","user":"test@gmail.com"}
{"class":"NoteService","customId":"ea5577f33125df0bbf6b05bb0e00dc32","function":"deleteNote","level":"info","message":"Delete Note Request","requestId":"a21406c5-092d-451c-9682-b6b6a8691308","timestamp":"2024-12-15T21:01:08.534Z","type":"REQUEST"}
{"class":"GenericService","function":"updateOne","level":"info","message":"Update Document Request","model":"Note","query":{"customId":"ea5577f33125df0bbf6b05bb0e00dc32"},"requestId":"a21406c5-092d-451c-9682-b6b6a8691308","timestamp":"2024-12-15T21:01:08.535Z","type":"REQUEST","update":{"$set":{"isDeleted":true}}}
{"class":"GenericService","function":"updateOne","level":"info","matchedCount":1,"message":"Document Updated Successfully","model":"Note","requestId":"a21406c5-092d-451c-9682-b6b6a8691308","timestamp":"2024-12-15T21:01:08.572Z","type":"RESPONSE"}
{"class":"NoteService","customId":"ea5577f33125df0bbf6b05bb0e00dc32","function":"deleteNote","level":"info","message":"Note Deleted Successfully","requestId":"a21406c5-092d-451c-9682-b6b6a8691308","statusCode":200,"timestamp":"2024-12-15T21:01:08.572Z","type":"RESPONSE"}
{"class":"NotesController","customId":"ea5577f33125df0bbf6b05bb0e00dc32","funtion":"deleteNote","level":"info","message":"Note Deleted Successfully","requestId":"a21406c5-092d-451c-9682-b6b6a8691308","response":"Note has been deleted","statusCode":200,"timestamp":"2024-12-15T21:01:08.572Z","type":"RESPONSE","user":"test@gmail.com"}
{"level":"info","message":"Outgoing Response","method":"DELETE","requestId":"a21406c5-092d-451c-9682-b6b6a8691308","statusCode":200,"timestamp":"2024-12-15T21:01:08.572Z","type":"RESPONSE","url":"/api/delete/ea5577f33125df0bbf6b05bb0e00dc32"}
{"class":"Loggger","level":"info","logLevel":"info","message":"Logger initialized","timestamp":"2024-12-15T23:14:48.837Z","transports":["Console","File"],"type":"SYSTEM"}
{"level":"info","message":"HTTPS Server started","port":5000,"timestamp":"2024-12-15T23:14:49.061Z","type":"SYSTEM"}
{"level":"info","message":"API Docs available","timestamp":"2024-12-15T23:14:49.061Z","type":"SYSTEM","url":"https://localhost:5000/api-docs/"}
{"function":"connectDB","level":"info","message":"MongoDB connected successfully","place":"DB","timestamp":"2024-12-15T23:14:51.987Z","type":"SYSTEM"}
{"level":"info","message":"Incoming Request","method":"OPTIONS","requestId":"70f2f57c-87c1-49b5-af98-11b96ea311c3","timestamp":"2024-12-15T23:16:03.476Z","type":"REQUEST","url":"/api/login"}
{"level":"info","message":"Outgoing Response","method":"OPTIONS","requestId":"70f2f57c-87c1-49b5-af98-11b96ea311c3","statusCode":204,"timestamp":"2024-12-15T23:16:03.478Z","type":"RESPONSE","url":"/api/login"}
{"level":"info","message":"Incoming Request","method":"POST","requestId":"ade2c432-d18f-4163-b11d-6792efab9534","timestamp":"2024-12-15T23:16:03.480Z","type":"REQUEST","url":"/api/login"}
{"class":"UserController","email":"test@gmail.com","funtion":"login","level":"info","message":"User login attempt","requestId":"ade2c432-d18f-4163-b11d-6792efab9534","timestamp":"2024-12-15T23:16:03.489Z","type":"REQUEST"}
{"class":"UserController","email":"test@gmail.com","funtion":"login","level":"info","message":"User login successful","requestId":"ade2c432-d18f-4163-b11d-6792efab9534","statusCode":200,"timestamp":"2024-12-15T23:16:03.580Z","type":"RESPONSE"}
{"level":"info","message":"Outgoing Response","method":"POST","requestId":"ade2c432-d18f-4163-b11d-6792efab9534","statusCode":200,"timestamp":"2024-12-15T23:16:03.581Z","type":"RESPONSE","url":"/api/login"}
{"level":"info","message":"Incoming Request","method":"OPTIONS","requestId":"64d2c22c-de74-437c-b033-f77261d84dfa","timestamp":"2024-12-15T23:16:33.684Z","type":"REQUEST","url":"/api/login"}
{"level":"info","message":"Outgoing Response","method":"OPTIONS","requestId":"64d2c22c-de74-437c-b033-f77261d84dfa","statusCode":204,"timestamp":"2024-12-15T23:16:33.684Z","type":"RESPONSE","url":"/api/login"}
{"level":"info","message":"Incoming Request","method":"POST","requestId":"c2bc2175-31f0-41bf-8459-ec93325fc613","timestamp":"2024-12-15T23:16:33.685Z","type":"REQUEST","url":"/api/login"}
{"class":"UserController","email":"test@gmail.com","funtion":"login","level":"info","message":"User login attempt","requestId":"c2bc2175-31f0-41bf-8459-ec93325fc613","timestamp":"2024-12-15T23:16:33.685Z","type":"REQUEST"}
{"class":"UserController","email":"test@gmail.com","funtion":"login","level":"info","message":"User login successful","requestId":"c2bc2175-31f0-41bf-8459-ec93325fc613","statusCode":200,"timestamp":"2024-12-15T23:16:33.764Z","type":"RESPONSE"}
{"level":"info","message":"Outgoing Response","method":"POST","requestId":"c2bc2175-31f0-41bf-8459-ec93325fc613","statusCode":200,"timestamp":"2024-12-15T23:16:33.765Z","type":"RESPONSE","url":"/api/login"}
{"class":"Loggger","level":"info","logLevel":"info","message":"Logger initialized","timestamp":"2025-04-16T22:46:54.996Z","transports":["Console","File"],"type":"SYSTEM"}
{"level":"info","message":"HTTPS Server started","port":5000,"timestamp":"2025-04-16T22:46:55.153Z","type":"SYSTEM"}
{"level":"info","message":"API Docs available","timestamp":"2025-04-16T22:46:55.153Z","type":"SYSTEM","url":"https://localhost:5000/api-docs/"}
{"function":"connectDB","level":"info","message":"MongoDB connected successfully","place":"DB","timestamp":"2025-04-16T22:46:55.404Z","type":"SYSTEM"}
{"level":"info","message":"Incoming Request","method":"OPTIONS","requestId":"6158e69d-516e-498a-b934-69d023e58e88","timestamp":"2025-04-16T22:47:02.143Z","type":"REQUEST","url":"/api/login"}
{"level":"info","message":"Outgoing Response","method":"OPTIONS","requestId":"6158e69d-516e-498a-b934-69d023e58e88","statusCode":204,"timestamp":"2025-04-16T22:47:02.145Z","type":"RESPONSE","url":"/api/login"}
{"level":"info","message":"Incoming Request","method":"POST","requestId":"4f0f4eaa-515e-4c7d-ad1e-4212ccc2d103","timestamp":"2025-04-16T22:47:02.146Z","type":"REQUEST","url":"/api/login"}
{"class":"UserController","email":"test@gmail.com","funtion":"login","level":"info","message":"User login attempt","requestId":"4f0f4eaa-515e-4c7d-ad1e-4212ccc2d103","timestamp":"2025-04-16T22:47:02.157Z","type":"REQUEST"}
{"class":"UserController","email":"test@gmail.com","funtion":"login","level":"info","message":"User login successful","requestId":"4f0f4eaa-515e-4c7d-ad1e-4212ccc2d103","statusCode":200,"timestamp":"2025-04-16T22:47:02.243Z","type":"RESPONSE"}
{"level":"info","message":"Outgoing Response","method":"POST","requestId":"4f0f4eaa-515e-4c7d-ad1e-4212ccc2d103","statusCode":200,"timestamp":"2025-04-16T22:47:02.244Z","type":"RESPONSE","url":"/api/login"}
{"class":"Loggger","level":"info","logLevel":"info","message":"Logger initialized","timestamp":"2025-04-16T23:04:09.196Z","transports":["Console","File"],"type":"SYSTEM"}
{"level":"info","message":"HTTPS Server started","port":5000,"timestamp":"2025-04-16T23:04:09.418Z","type":"SYSTEM"}
{"level":"info","message":"API Docs available","timestamp":"2025-04-16T23:04:09.419Z","type":"SYSTEM","url":"https://localhost:5000/api-docs/"}
{"function":"connectDB","level":"info","message":"MongoDB connected successfully","place":"DB","timestamp":"2025-04-16T23:04:09.741Z","type":"SYSTEM"}
{"level":"info","message":"Incoming Request","method":"OPTIONS","requestId":"c017a57e-971e-49d0-8767-5942854f1638","timestamp":"2025-04-16T23:04:17.231Z","type":"REQUEST","url":"/api/login"}
{"level":"info","message":"Outgoing Response","method":"OPTIONS","requestId":"c017a57e-971e-49d0-8767-5942854f1638","statusCode":204,"timestamp":"2025-04-16T23:04:17.233Z","type":"RESPONSE","url":"/api/login"}
{"level":"info","message":"Incoming Request","method":"POST","requestId":"f5d92f65-b406-4120-8c97-c1a9079c2987","timestamp":"2025-04-16T23:04:17.234Z","type":"REQUEST","url":"/api/login"}
{"class":"UserController","email":"test@gmail.com","funtion":"login","level":"info","message":"User login attempt","requestId":"f5d92f65-b406-4120-8c97-c1a9079c2987","timestamp":"2025-04-16T23:04:17.243Z","type":"REQUEST"}
{"class":"UserController","email":"test@gmail.com","funtion":"login","level":"info","message":"User login successful","requestId":"f5d92f65-b406-4120-8c97-c1a9079c2987","statusCode":200,"timestamp":"2025-04-16T23:04:17.334Z","type":"RESPONSE"}
{"level":"info","message":"Outgoing Response","method":"POST","requestId":"f5d92f65-b406-4120-8c97-c1a9079c2987","statusCode":200,"timestamp":"2025-04-16T23:04:17.336Z","type":"RESPONSE","url":"/api/login"}
{"level":"info","message":"Incoming Request","method":"OPTIONS","requestId":"db413ac5-4f1f-4f1c-936c-6b070736e278","timestamp":"2025-04-16T23:04:26.930Z","type":"REQUEST","url":"/api/login"}
{"level":"info","message":"Outgoing Response","method":"OPTIONS","requestId":"db413ac5-4f1f-4f1c-936c-6b070736e278","statusCode":204,"timestamp":"2025-04-16T23:04:26.931Z","type":"RESPONSE","url":"/api/login"}
{"level":"info","message":"Incoming Request","method":"POST","requestId":"f1ea781e-2d7d-4a63-acde-43bbefe3cda4","timestamp":"2025-04-16T23:04:26.933Z","type":"REQUEST","url":"/api/login"}
{"class":"UserController","email":"test@gmail.com","funtion":"login","level":"info","message":"User login attempt","requestId":"f1ea781e-2d7d-4a63-acde-43bbefe3cda4","timestamp":"2025-04-16T23:04:26.934Z","type":"REQUEST"}
{"class":"UserController","email":"test@gmail.com","funtion":"login","level":"info","message":"User login successful","requestId":"f1ea781e-2d7d-4a63-acde-43bbefe3cda4","statusCode":200,"timestamp":"2025-04-16T23:04:27.017Z","type":"RESPONSE"}
{"level":"info","message":"Outgoing Response","method":"POST","requestId":"f1ea781e-2d7d-4a63-acde-43bbefe3cda4","statusCode":200,"timestamp":"2025-04-16T23:04:27.018Z","type":"RESPONSE","url":"/api/login"}
{"level":"info","message":"Incoming Request","method":"OPTIONS","requestId":"773fce2e-7893-4771-8f5b-aaaf3462e435","timestamp":"2025-04-16T23:06:39.051Z","type":"REQUEST","url":"/api/login"}
{"level":"info","message":"Outgoing Response","method":"OPTIONS","requestId":"773fce2e-7893-4771-8f5b-aaaf3462e435","statusCode":204,"timestamp":"2025-04-16T23:06:39.052Z","type":"RESPONSE","url":"/api/login"}
{"level":"info","message":"Incoming Request","method":"POST","requestId":"de8ace3f-3f79-4fa7-b770-03b6f98eb49f","timestamp":"2025-04-16T23:06:39.054Z","type":"REQUEST","url":"/api/login"}
{"class":"UserController","email":"test@gmail.com","funtion":"login","level":"info","message":"User login attempt","requestId":"de8ace3f-3f79-4fa7-b770-03b6f98eb49f","timestamp":"2025-04-16T23:06:39.055Z","type":"REQUEST"}
{"class":"UserController","email":"test@gmail.com","funtion":"login","level":"info","message":"User login successful","requestId":"de8ace3f-3f79-4fa7-b770-03b6f98eb49f","statusCode":200,"timestamp":"2025-04-16T23:06:39.142Z","type":"RESPONSE"}
{"level":"info","message":"Outgoing Response","method":"POST","requestId":"de8ace3f-3f79-4fa7-b770-03b6f98eb49f","statusCode":200,"timestamp":"2025-04-16T23:06:39.143Z","type":"RESPONSE","url":"/api/login"}
{"level":"info","message":"Incoming Request","method":"OPTIONS","requestId":"b51c556a-bbed-4998-8d67-20a96ff9234f","timestamp":"2025-04-16T23:07:03.483Z","type":"REQUEST","url":"/api/login"}
{"level":"info","message":"Outgoing Response","method":"OPTIONS","requestId":"b51c556a-bbed-4998-8d67-20a96ff9234f","statusCode":204,"timestamp":"2025-04-16T23:07:03.484Z","type":"RESPONSE","url":"/api/login"}
{"level":"info","message":"Incoming Request","method":"POST","requestId":"34716127-a9cc-45fd-9094-2edf4f61b78c","timestamp":"2025-04-16T23:07:03.486Z","type":"REQUEST","url":"/api/login"}
{"class":"UserController","email":"test@gmail.com","funtion":"login","level":"info","message":"User login attempt","requestId":"34716127-a9cc-45fd-9094-2edf4f61b78c","timestamp":"2025-04-16T23:07:03.487Z","type":"REQUEST"}
{"class":"UserController","email":"test@gmail.com","funtion":"login","level":"info","message":"User login successful","requestId":"34716127-a9cc-45fd-9094-2edf4f61b78c","statusCode":200,"timestamp":"2025-04-16T23:07:03.562Z","type":"RESPONSE"}
{"level":"info","message":"Outgoing Response","method":"POST","requestId":"34716127-a9cc-45fd-9094-2edf4f61b78c","statusCode":200,"timestamp":"2025-04-16T23:07:03.564Z","type":"RESPONSE","url":"/api/login"}
{"level":"info","message":"Incoming Request","method":"OPTIONS","requestId":"a55d01a7-0715-42d7-8fbe-40bfbe827487","timestamp":"2025-04-16T23:08:18.755Z","type":"REQUEST","url":"/api/login"}
{"level":"info","message":"Outgoing Response","method":"OPTIONS","requestId":"a55d01a7-0715-42d7-8fbe-40bfbe827487","statusCode":204,"timestamp":"2025-04-16T23:08:18.757Z","type":"RESPONSE","url":"/api/login"}
{"level":"info","message":"Incoming Request","method":"POST","requestId":"a48ebf10-0ed0-400d-92a5-c64653b2ac57","timestamp":"2025-04-16T23:08:18.758Z","type":"REQUEST","url":"/api/login"}
{"class":"UserController","email":"test@gmail.com","funtion":"login","level":"info","message":"User login attempt","requestId":"a48ebf10-0ed0-400d-92a5-c64653b2ac57","timestamp":"2025-04-16T23:08:18.759Z","type":"REQUEST"}
{"class":"UserController","email":"test@gmail.com","funtion":"login","level":"info","message":"User login successful","requestId":"a48ebf10-0ed0-400d-92a5-c64653b2ac57","statusCode":200,"timestamp":"2025-04-16T23:08:18.829Z","type":"RESPONSE"}
{"level":"info","message":"Outgoing Response","method":"POST","requestId":"a48ebf10-0ed0-400d-92a5-c64653b2ac57","statusCode":200,"timestamp":"2025-04-16T23:08:18.830Z","type":"RESPONSE","url":"/api/login"}
{"level":"info","message":"Incoming Request","method":"OPTIONS","requestId":"d29e3252-a5fa-4684-b404-d5c971984efe","timestamp":"2025-04-16T23:09:16.234Z","type":"REQUEST","url":"/api/login"}
{"level":"info","message":"Outgoing Response","method":"OPTIONS","requestId":"d29e3252-a5fa-4684-b404-d5c971984efe","statusCode":204,"timestamp":"2025-04-16T23:09:16.235Z","type":"RESPONSE","url":"/api/login"}
{"level":"info","message":"Incoming Request","method":"POST","requestId":"66dda4b9-974b-43e1-bf0e-9e6ed8fb175d","timestamp":"2025-04-16T23:09:16.237Z","type":"REQUEST","url":"/api/login"}
{"class":"UserController","email":"test@gmail.com","funtion":"login","level":"info","message":"User login attempt","requestId":"66dda4b9-974b-43e1-bf0e-9e6ed8fb175d","timestamp":"2025-04-16T23:09:16.238Z","type":"REQUEST"}
{"class":"UserController","email":"test@gmail.com","funtion":"login","level":"info","message":"User login successful","requestId":"66dda4b9-974b-43e1-bf0e-9e6ed8fb175d","statusCode":200,"timestamp":"2025-04-16T23:09:16.323Z","type":"RESPONSE"}
{"level":"info","message":"Outgoing Response","method":"POST","requestId":"66dda4b9-974b-43e1-bf0e-9e6ed8fb175d","statusCode":200,"timestamp":"2025-04-16T23:09:16.324Z","type":"RESPONSE","url":"/api/login"}
{"level":"info","message":"Incoming Request","method":"OPTIONS","requestId":"477ed08d-c9b6-4e21-8b6e-9c9ef060e4e8","timestamp":"2025-04-16T23:11:40.281Z","type":"REQUEST","url":"/api/login"}
{"level":"info","message":"Outgoing Response","method":"OPTIONS","requestId":"477ed08d-c9b6-4e21-8b6e-9c9ef060e4e8","statusCode":204,"timestamp":"2025-04-16T23:11:40.282Z","type":"RESPONSE","url":"/api/login"}
{"level":"info","message":"Incoming Request","method":"POST","requestId":"49b951b4-dafc-482b-a246-b5408ca26c04","timestamp":"2025-04-16T23:11:40.283Z","type":"REQUEST","url":"/api/login"}
{"class":"UserController","email":"test@gmail.com","funtion":"login","level":"info","message":"User login attempt","requestId":"49b951b4-dafc-482b-a246-b5408ca26c04","timestamp":"2025-04-16T23:11:40.285Z","type":"REQUEST"}
{"class":"UserController","email":"test@gmail.com","funtion":"login","level":"info","message":"User login successful","requestId":"49b951b4-dafc-482b-a246-b5408ca26c04","statusCode":200,"timestamp":"2025-04-16T23:11:40.372Z","type":"RESPONSE"}
{"level":"info","message":"Outgoing Response","method":"POST","requestId":"49b951b4-dafc-482b-a246-b5408ca26c04","statusCode":200,"timestamp":"2025-04-16T23:11:40.373Z","type":"RESPONSE","url":"/api/login"}
{"level":"info","message":"Incoming Request","method":"OPTIONS","requestId":"3ecdab71-017f-4edb-8c23-9d4252863857","timestamp":"2025-04-16T23:11:46.175Z","type":"REQUEST","url":"/api/note"}
{"level":"info","message":"Outgoing Response","method":"OPTIONS","requestId":"3ecdab71-017f-4edb-8c23-9d4252863857","statusCode":204,"timestamp":"2025-04-16T23:11:46.177Z","type":"RESPONSE","url":"/api/note"}
{"level":"info","message":"Incoming Request","method":"POST","requestId":"42cdf190-8650-4dbf-8ae0-2196fa21335e","timestamp":"2025-04-16T23:11:46.179Z","type":"REQUEST","url":"/api/note"}
{"endpoint":"/api/note","level":"info","message":"Authentication Request","place":"AuthMiddleware","requestId":"42cdf190-8650-4dbf-8ae0-2196fa21335e","timestamp":"2025-04-16T23:11:46.181Z","type":"REQUEST"}
{"error":"jwt malformed","level":"error","message":"JWT Verification Failed","place":"AuthMiddleware","requestId":"42cdf190-8650-4dbf-8ae0-2196fa21335e","statusCode":400,"timestamp":"2025-04-16T23:11:46.181Z","type":"RESPONSE"}
{"level":"info","message":"Outgoing Response","method":"POST","requestId":"42cdf190-8650-4dbf-8ae0-2196fa21335e","statusCode":400,"timestamp":"2025-04-16T23:11:46.182Z","type":"RESPONSE","url":"/api/note"}
{"level":"info","message":"Incoming Request","method":"OPTIONS","requestId":"b86335db-3f32-4029-b8fb-64bbd2ff9df4","timestamp":"2025-04-16T23:11:59.710Z","type":"REQUEST","url":"/api/note/undefined"}
{"level":"info","message":"Outgoing Response","method":"OPTIONS","requestId":"b86335db-3f32-4029-b8fb-64bbd2ff9df4","statusCode":204,"timestamp":"2025-04-16T23:11:59.710Z","type":"RESPONSE","url":"/api/note/undefined"}
{"level":"info","message":"Incoming Request","method":"OPTIONS","requestId":"e40f77fa-61c8-433c-bfeb-9085b63c6928","timestamp":"2025-04-16T23:11:59.710Z","type":"REQUEST","url":"/api/note/undefined"}
{"level":"info","message":"Outgoing Response","method":"OPTIONS","requestId":"e40f77fa-61c8-433c-bfeb-9085b63c6928","statusCode":204,"timestamp":"2025-04-16T23:11:59.711Z","type":"RESPONSE","url":"/api/note/undefined"}
{"level":"info","message":"Incoming Request","method":"GET","requestId":"fbfe28be-848e-4f30-90fb-90eb40800617","timestamp":"2025-04-16T23:11:59.712Z","type":"REQUEST","url":"/api/note/undefined"}
{"endpoint":"/api/note/undefined","level":"info","message":"Authentication Request","place":"AuthMiddleware","requestId":"fbfe28be-848e-4f30-90fb-90eb40800617","timestamp":"2025-04-16T23:11:59.712Z","type":"REQUEST"}
{"error":"jwt malformed","level":"error","message":"JWT Verification Failed","place":"AuthMiddleware","requestId":"fbfe28be-848e-4f30-90fb-90eb40800617","statusCode":400,"timestamp":"2025-04-16T23:11:59.712Z","type":"RESPONSE"}
{"level":"info","message":"Outgoing Response","method":"GET","requestId":"fbfe28be-848e-4f30-90fb-90eb40800617","statusCode":400,"timestamp":"2025-04-16T23:11:59.713Z","type":"RESPONSE","url":"/api/note/undefined"}
{"level":"info","message":"Incoming Request","method":"GET","requestId":"f81a8f26-856e-4183-a2df-f14ac9705185","timestamp":"2025-04-16T23:11:59.713Z","type":"REQUEST","url":"/api/note/undefined"}
{"endpoint":"/api/note/undefined","level":"info","message":"Authentication Request","place":"AuthMiddleware","requestId":"f81a8f26-856e-4183-a2df-f14ac9705185","timestamp":"2025-04-16T23:11:59.713Z","type":"REQUEST"}
{"error":"jwt malformed","level":"error","message":"JWT Verification Failed","place":"AuthMiddleware","requestId":"f81a8f26-856e-4183-a2df-f14ac9705185","statusCode":400,"timestamp":"2025-04-16T23:11:59.714Z","type":"RESPONSE"}
{"level":"info","message":"Outgoing Response","method":"GET","requestId":"f81a8f26-856e-4183-a2df-f14ac9705185","statusCode":400,"timestamp":"2025-04-16T23:11:59.714Z","type":"RESPONSE","url":"/api/note/undefined"}
{"level":"info","message":"Incoming Request","method":"OPTIONS","requestId":"9a1e5d66-f665-49da-8cd7-8376b070f229","timestamp":"2025-04-16T23:13:55.005Z","type":"REQUEST","url":"/api/login"}
{"level":"info","message":"Outgoing Response","method":"OPTIONS","requestId":"9a1e5d66-f665-49da-8cd7-8376b070f229","statusCode":204,"timestamp":"2025-04-16T23:13:55.006Z","type":"RESPONSE","url":"/api/login"}
{"level":"info","message":"Incoming Request","method":"POST","requestId":"a07d9aca-286b-4abb-92fb-533c32caa934","timestamp":"2025-04-16T23:13:55.007Z","type":"REQUEST","url":"/api/login"}
{"class":"UserController","email":"test@gmail.com","funtion":"login","level":"info","message":"User login attempt","requestId":"a07d9aca-286b-4abb-92fb-533c32caa934","timestamp":"2025-04-16T23:13:55.009Z","type":"REQUEST"}
{"class":"UserController","email":"test@gmail.com","funtion":"login","level":"info","message":"User login successful","requestId":"a07d9aca-286b-4abb-92fb-533c32caa934","statusCode":200,"timestamp":"2025-04-16T23:13:55.083Z","type":"RESPONSE"}
{"level":"info","message":"Outgoing Response","method":"POST","requestId":"a07d9aca-286b-4abb-92fb-533c32caa934","statusCode":200,"timestamp":"2025-04-16T23:13:55.084Z","type":"RESPONSE","url":"/api/login"}
{"level":"info","message":"Incoming Request","method":"OPTIONS","requestId":"d3cbbc9c-2eee-471d-bba6-e7c2b2cdaa15","timestamp":"2025-04-16T23:14:00.807Z","type":"REQUEST","url":"/api/note"}
{"level":"info","message":"Outgoing Response","method":"OPTIONS","requestId":"d3cbbc9c-2eee-471d-bba6-e7c2b2cdaa15","statusCode":204,"timestamp":"2025-04-16T23:14:00.808Z","type":"RESPONSE","url":"/api/note"}
{"level":"info","message":"Incoming Request","method":"POST","requestId":"e832d9aa-1356-46b8-94cf-5eb9b89e9899","timestamp":"2025-04-16T23:14:00.809Z","type":"REQUEST","url":"/api/note"}
{"endpoint":"/api/note","level":"info","message":"Authentication Request","place":"AuthMiddleware","requestId":"e832d9aa-1356-46b8-94cf-5eb9b89e9899","timestamp":"2025-04-16T23:14:00.811Z","type":"REQUEST"}
{"level":"info","message":"Authentication Successful","place":"AuthMiddleware","requestId":"e832d9aa-1356-46b8-94cf-5eb9b89e9899","statusCode":200,"timestamp":"2025-04-16T23:14:00.814Z","type":"RESPONSE","user":{"email":"test@gmail.com","id":"675732c53bd346493e3b9124"}}
{"class":"NotesController","funtion":"createNote","level":"info","message":"Create Note Request","payload":{"confirmBeforeDestruction":false,"email":"","noteText":"sfda","password":"","referenceName":"","selfDestructTime":"After reading it"},"requestId":"e832d9aa-1356-46b8-94cf-5eb9b89e9899","timestamp":"2025-04-16T23:14:00.814Z","type":"REQUEST","user":"test@gmail.com"}
{"class":"NoteService","function":"createNote","level":"info","message":"Create Note Request","payload":{"confirmBeforeDestruction":false,"email":"","noteText":"sfda","password":"","referenceName":"","selfDestructTime":"After reading it"},"requestId":"MISSING","timestamp":"2025-04-16T23:14:00.815Z","type":"REQUEST"}
{"class":"NoteService","function":"createNote","level":"info","message":"Note Created Successfully","noteId":"52db9894751705725662986bb27f5f9f","requestId":"MISSING","statusCode":201,"timestamp":"2025-04-16T23:14:00.866Z","type":"RESPONSE"}
{"class":"NotesController","funtion":"createNote","level":"info","message":"Note Created Successfully","requestId":"e832d9aa-1356-46b8-94cf-5eb9b89e9899","response":{"message":"Note created","noteId":"52db9894751705725662986bb27f5f9f"},"statusCode":200,"timestamp":"2025-04-16T23:14:00.867Z","type":"RESPONSE","user":"test@gmail.com"}
{"level":"info","message":"Outgoing Response","method":"POST","requestId":"e832d9aa-1356-46b8-94cf-5eb9b89e9899","statusCode":200,"timestamp":"2025-04-16T23:14:00.867Z","type":"RESPONSE","url":"/api/note"}
{"level":"info","message":"Incoming Request","method":"OPTIONS","requestId":"2ecb1213-c6a6-4175-ab61-a066c76ab515","timestamp":"2025-04-16T23:14:06.610Z","type":"REQUEST","url":"/api/note/52db9894751705725662986bb27f5f9f"}
{"level":"info","message":"Outgoing Response","method":"OPTIONS","requestId":"2ecb1213-c6a6-4175-ab61-a066c76ab515","statusCode":204,"timestamp":"2025-04-16T23:14:06.611Z","type":"RESPONSE","url":"/api/note/52db9894751705725662986bb27f5f9f"}
{"level":"info","message":"Incoming Request","method":"OPTIONS","requestId":"09c69fc2-f083-4d8b-84bd-1fbcc9cf3e3d","timestamp":"2025-04-16T23:14:06.611Z","type":"REQUEST","url":"/api/note/52db9894751705725662986bb27f5f9f"}
{"level":"info","message":"Outgoing Response","method":"OPTIONS","requestId":"09c69fc2-f083-4d8b-84bd-1fbcc9cf3e3d","statusCode":204,"timestamp":"2025-04-16T23:14:06.612Z","type":"RESPONSE","url":"/api/note/52db9894751705725662986bb27f5f9f"}
{"level":"info","message":"Incoming Request","method":"GET","requestId":"68f01e89-afbf-4c6c-86ab-17e31044ec3b","timestamp":"2025-04-16T23:14:06.612Z","type":"REQUEST","url":"/api/note/52db9894751705725662986bb27f5f9f"}
{"endpoint":"/api/note/52db9894751705725662986bb27f5f9f","level":"info","message":"Authentication Request","place":"AuthMiddleware","requestId":"68f01e89-afbf-4c6c-86ab-17e31044ec3b","timestamp":"2025-04-16T23:14:06.612Z","type":"REQUEST"}
{"level":"info","message":"Authentication Successful","place":"AuthMiddleware","requestId":"68f01e89-afbf-4c6c-86ab-17e31044ec3b","statusCode":200,"timestamp":"2025-04-16T23:14:06.613Z","type":"RESPONSE","user":{"email":"test@gmail.com","id":"675732c53bd346493e3b9124"}}
{"class":"NotesController","customId":"52db9894751705725662986bb27f5f9f","funtion":"getNoteById","level":"info","message":"Get Note By ID Request","requestId":"68f01e89-afbf-4c6c-86ab-17e31044ec3b","timestamp":"2025-04-16T23:14:06.613Z","type":"REQUEST","user":"test@gmail.com"}
{"class":"NoteService","customId":"52db9894751705725662986bb27f5f9f","function":"getNoteByIdAndStatus","level":"info","message":"Get Note By ID and Status Request","requestId":"68f01e89-afbf-4c6c-86ab-17e31044ec3b","timestamp":"2025-04-16T23:14:06.614Z","type":"REQUEST"}
{"class":"GenericService","function":"findOne","level":"info","message":"Find Document Request","model":"Note","query":{"customId":"52db9894751705725662986bb27f5f9f"},"requestId":"68f01e89-afbf-4c6c-86ab-17e31044ec3b","timestamp":"2025-04-16T23:14:06.614Z","type":"REQUEST"}
{"class":"GenericService","documentId":"680039b814401643f8caa8f6","function":"findOne","level":"info","message":"Document Found Successfully","model":"Note","requestId":"68f01e89-afbf-4c6c-86ab-17e31044ec3b","timestamp":"2025-04-16T23:14:06.637Z","type":"RESPONSE"}
{"class":"NoteService","customId":"52db9894751705725662986bb27f5f9f","function":"getNoteByIdAndStatus","level":"info","message":"Note Retrieved Successfully","note":{"text":"sfda"},"requestId":"68f01e89-afbf-4c6c-86ab-17e31044ec3b","statusCode":200,"timestamp":"2025-04-16T23:14:06.637Z","type":"RESPONSE"}
{"class":"NotesController","customId":"52db9894751705725662986bb27f5f9f","funtion":"getNoteById","level":"info","message":"Note Retrieved Successfully","note":{"confirmBeforeDestruction":false,"text":"sfda"},"requestId":"68f01e89-afbf-4c6c-86ab-17e31044ec3b","statusCode":200,"timestamp":"2025-04-16T23:14:06.637Z","type":"RESPONSE","user":"test@gmail.com"}
{"level":"info","message":"Outgoing Response","method":"GET","requestId":"68f01e89-afbf-4c6c-86ab-17e31044ec3b","statusCode":200,"timestamp":"2025-04-16T23:14:06.638Z","type":"RESPONSE","url":"/api/note/52db9894751705725662986bb27f5f9f"}
{"level":"info","message":"Incoming Request","method":"GET","requestId":"865d8558-e9da-4b0f-aeff-e02be6b19dfb","timestamp":"2025-04-16T23:14:06.638Z","type":"REQUEST","url":"/api/note/52db9894751705725662986bb27f5f9f"}
{"endpoint":"/api/note/52db9894751705725662986bb27f5f9f","level":"info","message":"Authentication Request","place":"AuthMiddleware","requestId":"865d8558-e9da-4b0f-aeff-e02be6b19dfb","timestamp":"2025-04-16T23:14:06.639Z","type":"REQUEST"}
{"level":"info","message":"Authentication Successful","place":"AuthMiddleware","requestId":"865d8558-e9da-4b0f-aeff-e02be6b19dfb","statusCode":200,"timestamp":"2025-04-16T23:14:06.639Z","type":"RESPONSE","user":{"email":"test@gmail.com","id":"675732c53bd346493e3b9124"}}
{"class":"NotesController","customId":"52db9894751705725662986bb27f5f9f","funtion":"getNoteById","level":"info","message":"Get Note By ID Request","requestId":"865d8558-e9da-4b0f-aeff-e02be6b19dfb","timestamp":"2025-04-16T23:14:06.639Z","type":"REQUEST","user":"test@gmail.com"}
{"class":"NoteService","customId":"52db9894751705725662986bb27f5f9f","function":"getNoteByIdAndStatus","level":"info","message":"Get Note By ID and Status Request","requestId":"865d8558-e9da-4b0f-aeff-e02be6b19dfb","timestamp":"2025-04-16T23:14:06.639Z","type":"REQUEST"}
{"class":"GenericService","function":"findOne","level":"info","message":"Find Document Request","model":"Note","query":{"customId":"52db9894751705725662986bb27f5f9f"},"requestId":"865d8558-e9da-4b0f-aeff-e02be6b19dfb","timestamp":"2025-04-16T23:14:06.640Z","type":"REQUEST"}
{"class":"GenericService","documentId":"680039b814401643f8caa8f6","function":"findOne","level":"info","message":"Document Found Successfully","model":"Note","requestId":"865d8558-e9da-4b0f-aeff-e02be6b19dfb","timestamp":"2025-04-16T23:14:06.664Z","type":"RESPONSE"}
{"class":"NoteService","customId":"52db9894751705725662986bb27f5f9f","function":"getNoteByIdAndStatus","level":"info","message":"Note Retrieved Successfully","note":{"text":"sfda"},"requestId":"865d8558-e9da-4b0f-aeff-e02be6b19dfb","statusCode":200,"timestamp":"2025-04-16T23:14:06.664Z","type":"RESPONSE"}
{"class":"NotesController","customId":"52db9894751705725662986bb27f5f9f","funtion":"getNoteById","level":"info","message":"Note Retrieved Successfully","note":{"confirmBeforeDestruction":false,"text":"sfda"},"requestId":"865d8558-e9da-4b0f-aeff-e02be6b19dfb","statusCode":200,"timestamp":"2025-04-16T23:14:06.665Z","type":"RESPONSE","user":"test@gmail.com"}
{"level":"info","message":"Outgoing Response","method":"GET","requestId":"865d8558-e9da-4b0f-aeff-e02be6b19dfb","statusCode":304,"timestamp":"2025-04-16T23:14:06.665Z","type":"RESPONSE","url":"/api/note/52db9894751705725662986bb27f5f9f"}
{"level":"info","message":"Incoming Request","method":"OPTIONS","requestId":"351feeed-ab20-4b12-9d21-8bd191a5548c","timestamp":"2025-04-16T23:14:08.159Z","type":"REQUEST","url":"/api/delete/52db9894751705725662986bb27f5f9f"}
{"level":"info","message":"Outgoing Response","method":"OPTIONS","requestId":"351feeed-ab20-4b12-9d21-8bd191a5548c","statusCode":204,"timestamp":"2025-04-16T23:14:08.161Z","type":"RESPONSE","url":"/api/delete/52db9894751705725662986bb27f5f9f"}
{"level":"info","message":"Incoming Request","method":"DELETE","requestId":"fd29c414-87e6-4914-8f85-5c12afa84840","timestamp":"2025-04-16T23:14:08.162Z","type":"REQUEST","url":"/api/delete/52db9894751705725662986bb27f5f9f"}
{"endpoint":"/api/delete/52db9894751705725662986bb27f5f9f","level":"info","message":"Authentication Request","place":"AuthMiddleware","requestId":"fd29c414-87e6-4914-8f85-5c12afa84840","timestamp":"2025-04-16T23:14:08.162Z","type":"REQUEST"}
{"level":"info","message":"Authentication Successful","place":"AuthMiddleware","requestId":"fd29c414-87e6-4914-8f85-5c12afa84840","statusCode":200,"timestamp":"2025-04-16T23:14:08.164Z","type":"RESPONSE","user":{"email":"test@gmail.com","id":"675732c53bd346493e3b9124"}}
{"class":"NotesController","customId":"52db9894751705725662986bb27f5f9f","funtion":"deleteNote","level":"info","message":"Delete Note Request","requestId":"fd29c414-87e6-4914-8f85-5c12afa84840","timestamp":"2025-04-16T23:14:08.164Z","type":"REQUEST","user":"test@gmail.com"}
{"class":"NoteService","customId":"52db9894751705725662986bb27f5f9f","function":"deleteNote","level":"info","message":"Delete Note Request","requestId":"fd29c414-87e6-4914-8f85-5c12afa84840","timestamp":"2025-04-16T23:14:08.164Z","type":"REQUEST"}
{"class":"GenericService","function":"updateOne","level":"info","message":"Update Document Request","model":"Note","query":{"customId":"52db9894751705725662986bb27f5f9f"},"requestId":"fd29c414-87e6-4914-8f85-5c12afa84840","timestamp":"2025-04-16T23:14:08.165Z","type":"REQUEST","update":{"$set":{"isDeleted":true}}}
{"class":"GenericService","function":"updateOne","level":"info","matchedCount":1,"message":"Document Updated Successfully","model":"Note","requestId":"fd29c414-87e6-4914-8f85-5c12afa84840","timestamp":"2025-04-16T23:14:08.192Z","type":"RESPONSE"}
{"class":"NoteService","customId":"52db9894751705725662986bb27f5f9f","function":"deleteNote","level":"info","message":"Note Deleted Successfully","requestId":"fd29c414-87e6-4914-8f85-5c12afa84840","statusCode":200,"timestamp":"2025-04-16T23:14:08.192Z","type":"RESPONSE"}
{"class":"NotesController","customId":"52db9894751705725662986bb27f5f9f","funtion":"deleteNote","level":"info","message":"Note Deleted Successfully","requestId":"fd29c414-87e6-4914-8f85-5c12afa84840","response":"Note has been deleted","statusCode":200,"timestamp":"2025-04-16T23:14:08.193Z","type":"RESPONSE","user":"test@gmail.com"}
{"level":"info","message":"Outgoing Response","method":"DELETE","requestId":"fd29c414-87e6-4914-8f85-5c12afa84840","statusCode":200,"timestamp":"2025-04-16T23:14:08.193Z","type":"RESPONSE","url":"/api/delete/52db9894751705725662986bb27f5f9f"}
{"level":"info","message":"Incoming Request","method":"OPTIONS","requestId":"21553660-819a-48b4-b914-7626ad491fab","timestamp":"2025-04-16T23:16:31.122Z","type":"REQUEST","url":"/api/login"}
{"level":"info","message":"Outgoing Response","method":"OPTIONS","requestId":"21553660-819a-48b4-b914-7626ad491fab","statusCode":204,"timestamp":"2025-04-16T23:16:31.123Z","type":"RESPONSE","url":"/api/login"}
{"level":"info","message":"Incoming Request","method":"POST","requestId":"f671fd8f-50e6-49c1-9088-37fa4e77c960","timestamp":"2025-04-16T23:16:31.124Z","type":"REQUEST","url":"/api/login"}
{"class":"UserController","email":"test7@gmail.com","funtion":"login","level":"info","message":"User login attempt","requestId":"f671fd8f-50e6-49c1-9088-37fa4e77c960","timestamp":"2025-04-16T23:16:31.125Z","type":"REQUEST"}
{"class":"UserController","email":"test7@gmail.com","funtion":"login","level":"warn","message":"User not found","requestId":"f671fd8f-50e6-49c1-9088-37fa4e77c960","statusCode":404,"timestamp":"2025-04-16T23:16:31.148Z","type":"RESPONSE"}
{"level":"info","message":"Outgoing Response","method":"POST","requestId":"f671fd8f-50e6-49c1-9088-37fa4e77c960","statusCode":404,"timestamp":"2025-04-16T23:16:31.149Z","type":"RESPONSE","url":"/api/login"}
{"level":"info","message":"Incoming Request","method":"OPTIONS","requestId":"2051091c-e01a-4067-ab90-993c32922917","timestamp":"2025-04-16T23:16:50.797Z","type":"REQUEST","url":"/api/login"}
{"level":"info","message":"Outgoing Response","method":"OPTIONS","requestId":"2051091c-e01a-4067-ab90-993c32922917","statusCode":204,"timestamp":"2025-04-16T23:16:50.798Z","type":"RESPONSE","url":"/api/login"}
{"level":"info","message":"Incoming Request","method":"POST","requestId":"affcfeb4-d1f4-4937-a011-a280b5061e08","timestamp":"2025-04-16T23:16:50.799Z","type":"REQUEST","url":"/api/login"}
{"class":"UserController","email":"test6@gmail.com","funtion":"login","level":"info","message":"User login attempt","requestId":"affcfeb4-d1f4-4937-a011-a280b5061e08","timestamp":"2025-04-16T23:16:50.800Z","type":"REQUEST"}
{"class":"UserController","email":"test6@gmail.com","funtion":"login","level":"warn","message":"User not found","requestId":"affcfeb4-d1f4-4937-a011-a280b5061e08","statusCode":404,"timestamp":"2025-04-16T23:16:50.824Z","type":"RESPONSE"}
{"level":"info","message":"Outgoing Response","method":"POST","requestId":"affcfeb4-d1f4-4937-a011-a280b5061e08","statusCode":404,"timestamp":"2025-04-16T23:16:50.824Z","type":"RESPONSE","url":"/api/login"}
{"level":"info","message":"Incoming Request","method":"OPTIONS","requestId":"4b5e8d07-4ff0-4f2a-977a-cd6e1a5e5ccf","timestamp":"2025-04-16T23:17:38.802Z","type":"REQUEST","url":"/api/login"}
{"level":"info","message":"Outgoing Response","method":"OPTIONS","requestId":"4b5e8d07-4ff0-4f2a-977a-cd6e1a5e5ccf","statusCode":204,"timestamp":"2025-04-16T23:17:38.803Z","type":"RESPONSE","url":"/api/login"}
{"level":"info","message":"Incoming Request","method":"POST","requestId":"11189fde-db42-46d7-8a02-3bd8c4da25a7","timestamp":"2025-04-16T23:17:38.804Z","type":"REQUEST","url":"/api/login"}
{"class":"UserController","email":"test@gmail.com","funtion":"login","level":"info","message":"User login attempt","requestId":"11189fde-db42-46d7-8a02-3bd8c4da25a7","timestamp":"2025-04-16T23:17:38.804Z","type":"REQUEST"}
{"class":"UserController","email":"test@gmail.com","funtion":"login","level":"info","message":"User login successful","requestId":"11189fde-db42-46d7-8a02-3bd8c4da25a7","statusCode":200,"timestamp":"2025-04-16T23:17:38.873Z","type":"RESPONSE"}
{"level":"info","message":"Outgoing Response","method":"POST","requestId":"11189fde-db42-46d7-8a02-3bd8c4da25a7","statusCode":200,"timestamp":"2025-04-16T23:17:38.874Z","type":"RESPONSE","url":"/api/login"}
{"level":"info","message":"Incoming Request","method":"OPTIONS","requestId":"529d9479-d052-4be2-a079-5160b058bf06","timestamp":"2025-04-16T23:26:57.059Z","type":"REQUEST","url":"/api/login"}
{"level":"info","message":"Outgoing Response","method":"OPTIONS","requestId":"529d9479-d052-4be2-a079-5160b058bf06","statusCode":204,"timestamp":"2025-04-16T23:26:57.060Z","type":"RESPONSE","url":"/api/login"}
{"level":"info","message":"Incoming Request","method":"POST","requestId":"4efed93d-1346-41df-bf82-7c534c9363b7","timestamp":"2025-04-16T23:26:57.061Z","type":"REQUEST","url":"/api/login"}
{"class":"UserController","email":"test@gmail.com","funtion":"login","level":"info","message":"User login attempt","requestId":"4efed93d-1346-41df-bf82-7c534c9363b7","timestamp":"2025-04-16T23:26:57.062Z","type":"REQUEST"}
{"class":"UserController","email":"test@gmail.com","funtion":"login","level":"info","message":"User login successful","requestId":"4efed93d-1346-41df-bf82-7c534c9363b7","statusCode":200,"timestamp":"2025-04-16T23:26:57.135Z","type":"RESPONSE"}
{"level":"info","message":"Outgoing Response","method":"POST","requestId":"4efed93d-1346-41df-bf82-7c534c9363b7","statusCode":200,"timestamp":"2025-04-16T23:26:57.136Z","type":"RESPONSE","url":"/api/login"}
{"level":"info","message":"Incoming Request","method":"OPTIONS","requestId":"a02038a1-072d-4057-95fb-505728b9ed04","timestamp":"2025-04-16T23:32:07.909Z","type":"REQUEST","url":"/api/login"}
{"level":"info","message":"Outgoing Response","method":"OPTIONS","requestId":"a02038a1-072d-4057-95fb-505728b9ed04","statusCode":204,"timestamp":"2025-04-16T23:32:07.910Z","type":"RESPONSE","url":"/api/login"}
{"level":"info","message":"Incoming Request","method":"POST","requestId":"aff0db01-fc1d-4d2c-bfdb-8119b5466b9a","timestamp":"2025-04-16T23:32:07.911Z","type":"REQUEST","url":"/api/login"}
{"class":"UserController","email":"test@gmail.com","funtion":"login","level":"info","message":"User login attempt","requestId":"aff0db01-fc1d-4d2c-bfdb-8119b5466b9a","timestamp":"2025-04-16T23:32:07.911Z","type":"REQUEST"}
{"class":"UserController","email":"test@gmail.com","funtion":"login","level":"info","message":"User login successful","requestId":"aff0db01-fc1d-4d2c-bfdb-8119b5466b9a","statusCode":200,"timestamp":"2025-04-16T23:32:07.991Z","type":"RESPONSE"}
{"level":"info","message":"Outgoing Response","method":"POST","requestId":"aff0db01-fc1d-4d2c-bfdb-8119b5466b9a","statusCode":200,"timestamp":"2025-04-16T23:32:07.992Z","type":"RESPONSE","url":"/api/login"}
{"level":"info","message":"Incoming Request","method":"OPTIONS","requestId":"07261fd6-b544-4044-b890-ba0f00918932","timestamp":"2025-04-16T23:37:54.116Z","type":"REQUEST","url":"/api/note"}
{"level":"info","message":"Outgoing Response","method":"OPTIONS","requestId":"07261fd6-b544-4044-b890-ba0f00918932","statusCode":204,"timestamp":"2025-04-16T23:37:54.117Z","type":"RESPONSE","url":"/api/note"}
{"level":"info","message":"Incoming Request","method":"POST","requestId":"2f4d79eb-b03b-48f4-b544-b39e8c08f376","timestamp":"2025-04-16T23:37:54.118Z","type":"REQUEST","url":"/api/note"}
{"endpoint":"/api/note","level":"info","message":"Authentication Request","place":"AuthMiddleware","requestId":"2f4d79eb-b03b-48f4-b544-b39e8c08f376","timestamp":"2025-04-16T23:37:54.119Z","type":"REQUEST"}
{"level":"info","message":"Authentication Successful","place":"AuthMiddleware","requestId":"2f4d79eb-b03b-48f4-b544-b39e8c08f376","statusCode":200,"timestamp":"2025-04-16T23:37:54.120Z","type":"RESPONSE","user":{"email":"test@gmail.com","id":"675732c53bd346493e3b9124"}}
{"class":"NotesController","funtion":"createNote","level":"info","message":"Create Note Request","payload":{"confirmBeforeDestruction":false,"email":"","noteText":"asdaasda","password":"","referenceName":"","selfDestructTime":"After reading it"},"requestId":"2f4d79eb-b03b-48f4-b544-b39e8c08f376","timestamp":"2025-04-16T23:37:54.120Z","type":"REQUEST","user":"test@gmail.com"}
{"class":"NoteService","function":"createNote","level":"info","message":"Create Note Request","payload":{"confirmBeforeDestruction":false,"email":"","noteText":"asdaasda","password":"","referenceName":"","selfDestructTime":"After reading it"},"requestId":"MISSING","timestamp":"2025-04-16T23:37:54.120Z","type":"REQUEST"}
{"class":"NoteService","function":"createNote","level":"info","message":"Note Created Successfully","noteId":"75afaefcd931fcaa9048b8af6060ab9e","requestId":"MISSING","statusCode":201,"timestamp":"2025-04-16T23:37:54.163Z","type":"RESPONSE"}
{"class":"NotesController","funtion":"createNote","level":"info","message":"Note Created Successfully","requestId":"2f4d79eb-b03b-48f4-b544-b39e8c08f376","response":{"message":"Note created","noteId":"75afaefcd931fcaa9048b8af6060ab9e"},"statusCode":200,"timestamp":"2025-04-16T23:37:54.163Z","type":"RESPONSE","user":"test@gmail.com"}
{"level":"info","message":"Outgoing Response","method":"POST","requestId":"2f4d79eb-b03b-48f4-b544-b39e8c08f376","statusCode":200,"timestamp":"2025-04-16T23:37:54.164Z","type":"RESPONSE","url":"/api/note"}
{"level":"info","message":"Incoming Request","method":"OPTIONS","requestId":"29f0e05e-370f-4017-be7b-38752a43fa2f","timestamp":"2025-04-16T23:42:33.425Z","type":"REQUEST","url":"/api/note"}
{"level":"info","message":"Outgoing Response","method":"OPTIONS","requestId":"29f0e05e-370f-4017-be7b-38752a43fa2f","statusCode":204,"timestamp":"2025-04-16T23:42:33.426Z","type":"RESPONSE","url":"/api/note"}
{"level":"info","message":"Incoming Request","method":"POST","requestId":"eeaab2f1-1eed-44d0-a86d-1fed6031f345","timestamp":"2025-04-16T23:42:33.427Z","type":"REQUEST","url":"/api/note"}
{"endpoint":"/api/note","level":"info","message":"Authentication Request","place":"AuthMiddleware","requestId":"eeaab2f1-1eed-44d0-a86d-1fed6031f345","timestamp":"2025-04-16T23:42:33.427Z","type":"REQUEST"}
{"level":"info","message":"Authentication Successful","place":"AuthMiddleware","requestId":"eeaab2f1-1eed-44d0-a86d-1fed6031f345","statusCode":200,"timestamp":"2025-04-16T23:42:33.428Z","type":"RESPONSE","user":{"email":"test@gmail.com","id":"675732c53bd346493e3b9124"}}
{"class":"NotesController","funtion":"createNote","level":"info","message":"Create Note Request","payload":{"confirmBeforeDestruction":false,"email":"","noteText":"asda","password":"","referenceName":"","selfDestructTime":"After reading it"},"requestId":"eeaab2f1-1eed-44d0-a86d-1fed6031f345","timestamp":"2025-04-16T23:42:33.428Z","type":"REQUEST","user":"test@gmail.com"}
{"class":"NoteService","function":"createNote","level":"info","message":"Create Note Request","payload":{"confirmBeforeDestruction":false,"email":"","noteText":"asda","password":"","referenceName":"","selfDestructTime":"After reading it"},"requestId":"MISSING","timestamp":"2025-04-16T23:42:33.429Z","type":"REQUEST"}
{"class":"NoteService","function":"createNote","level":"info","message":"Note Created Successfully","noteId":"6a2984c0707c8b2c270baab06cbd89c8","requestId":"MISSING","statusCode":201,"timestamp":"2025-04-16T23:42:33.465Z","type":"RESPONSE"}
{"class":"NotesController","funtion":"createNote","level":"info","message":"Note Created Successfully","requestId":"eeaab2f1-1eed-44d0-a86d-1fed6031f345","response":{"message":"Note created","noteId":"6a2984c0707c8b2c270baab06cbd89c8"},"statusCode":200,"timestamp":"2025-04-16T23:42:33.466Z","type":"RESPONSE","user":"test@gmail.com"}
{"level":"info","message":"Outgoing Response","method":"POST","requestId":"eeaab2f1-1eed-44d0-a86d-1fed6031f345","statusCode":200,"timestamp":"2025-04-16T23:42:33.466Z","type":"RESPONSE","url":"/api/note"}
{"level":"info","message":"Incoming Request","method":"OPTIONS","requestId":"167dd0d7-af92-4f13-a8f1-8c1ef8e2f44d","timestamp":"2025-04-16T23:44:36.019Z","type":"REQUEST","url":"/api/note"}
{"level":"info","message":"Outgoing Response","method":"OPTIONS","requestId":"167dd0d7-af92-4f13-a8f1-8c1ef8e2f44d","statusCode":204,"timestamp":"2025-04-16T23:44:36.019Z","type":"RESPONSE","url":"/api/note"}
{"level":"info","message":"Incoming Request","method":"POST","requestId":"d14e47d5-6d9d-495d-a75b-780a535bb59c","timestamp":"2025-04-16T23:44:36.020Z","type":"REQUEST","url":"/api/note"}
{"endpoint":"/api/note","level":"info","message":"Authentication Request","place":"AuthMiddleware","requestId":"d14e47d5-6d9d-495d-a75b-780a535bb59c","timestamp":"2025-04-16T23:44:36.021Z","type":"REQUEST"}
{"level":"info","message":"Authentication Successful","place":"AuthMiddleware","requestId":"d14e47d5-6d9d-495d-a75b-780a535bb59c","statusCode":200,"timestamp":"2025-04-16T23:44:36.022Z","type":"RESPONSE","user":{"email":"test@gmail.com","id":"675732c53bd346493e3b9124"}}
{"class":"NotesController","funtion":"createNote","level":"info","message":"Create Note Request","payload":{"confirmBeforeDestruction":false,"email":"","noteText":"asd","password":"","referenceName":"","selfDestructTime":"After reading it"},"requestId":"d14e47d5-6d9d-495d-a75b-780a535bb59c","timestamp":"2025-04-16T23:44:36.022Z","type":"REQUEST","user":"test@gmail.com"}
{"class":"NoteService","function":"createNote","level":"info","message":"Create Note Request","payload":{"confirmBeforeDestruction":false,"email":"","noteText":"asd","password":"","referenceName":"","selfDestructTime":"After reading it"},"requestId":"MISSING","timestamp":"2025-04-16T23:44:36.022Z","type":"REQUEST"}
{"class":"NoteService","function":"createNote","level":"info","message":"Note Created Successfully","noteId":"cba8b5778d4b16b7fa9c39ce354096d4","requestId":"MISSING","statusCode":201,"timestamp":"2025-04-16T23:44:36.055Z","type":"RESPONSE"}
{"class":"NotesController","funtion":"createNote","level":"info","message":"Note Created Successfully","requestId":"d14e47d5-6d9d-495d-a75b-780a535bb59c","response":{"message":"Note created","noteId":"cba8b5778d4b16b7fa9c39ce354096d4"},"statusCode":200,"timestamp":"2025-04-16T23:44:36.055Z","type":"RESPONSE","user":"test@gmail.com"}
{"level":"info","message":"Outgoing Response","method":"POST","requestId":"d14e47d5-6d9d-495d-a75b-780a535bb59c","statusCode":200,"timestamp":"2025-04-16T23:44:36.055Z","type":"RESPONSE","url":"/api/note"}
{"level":"info","message":"Incoming Request","method":"OPTIONS","requestId":"69476906-e9d0-4413-a448-13d22a281041","timestamp":"2025-04-16T23:47:22.356Z","type":"REQUEST","url":"/api/note"}
{"level":"info","message":"Outgoing Response","method":"OPTIONS","requestId":"69476906-e9d0-4413-a448-13d22a281041","statusCode":204,"timestamp":"2025-04-16T23:47:22.357Z","type":"RESPONSE","url":"/api/note"}
{"level":"info","message":"Incoming Request","method":"POST","requestId":"e36edb6f-f89a-42e3-a5db-ef49f11ac6b6","timestamp":"2025-04-16T23:47:22.359Z","type":"REQUEST","url":"/api/note"}
{"endpoint":"/api/note","level":"info","message":"Authentication Request","place":"AuthMiddleware","requestId":"e36edb6f-f89a-42e3-a5db-ef49f11ac6b6","timestamp":"2025-04-16T23:47:22.360Z","type":"REQUEST"}
{"level":"info","message":"Authentication Successful","place":"AuthMiddleware","requestId":"e36edb6f-f89a-42e3-a5db-ef49f11ac6b6","statusCode":200,"timestamp":"2025-04-16T23:47:22.361Z","type":"RESPONSE","user":{"email":"test@gmail.com","id":"675732c53bd346493e3b9124"}}
{"class":"NotesController","funtion":"createNote","level":"info","message":"Create Note Request","payload":{"confirmBeforeDestruction":false,"email":"","noteText":"sada","password":"","referenceName":"","selfDestructTime":"After reading it"},"requestId":"e36edb6f-f89a-42e3-a5db-ef49f11ac6b6","timestamp":"2025-04-16T23:47:22.361Z","type":"REQUEST","user":"test@gmail.com"}
{"class":"NoteService","function":"createNote","level":"info","message":"Create Note Request","payload":{"confirmBeforeDestruction":false,"email":"","noteText":"sada","password":"","referenceName":"","selfDestructTime":"After reading it"},"requestId":"MISSING","timestamp":"2025-04-16T23:47:22.361Z","type":"REQUEST"}
{"class":"NoteService","function":"createNote","level":"info","message":"Note Created Successfully","noteId":"a8d2d38dd11c97ea7e0cc27c7249f99b","requestId":"MISSING","statusCode":201,"timestamp":"2025-04-16T23:47:22.396Z","type":"RESPONSE"}
{"class":"NotesController","funtion":"createNote","level":"info","message":"Note Created Successfully","requestId":"e36edb6f-f89a-42e3-a5db-ef49f11ac6b6","response":{"message":"Note created","noteId":"a8d2d38dd11c97ea7e0cc27c7249f99b"},"statusCode":200,"timestamp":"2025-04-16T23:47:22.396Z","type":"RESPONSE","user":"test@gmail.com"}
{"level":"info","message":"Outgoing Response","method":"POST","requestId":"e36edb6f-f89a-42e3-a5db-ef49f11ac6b6","statusCode":200,"timestamp":"2025-04-16T23:47:22.396Z","type":"RESPONSE","url":"/api/note"}
{"level":"info","message":"Incoming Request","method":"OPTIONS","requestId":"7de9bda8-e44d-43c4-9fbf-a11f8e9af399","timestamp":"2025-04-16T23:50:23.114Z","type":"REQUEST","url":"/api/note"}
{"level":"info","message":"Outgoing Response","method":"OPTIONS","requestId":"7de9bda8-e44d-43c4-9fbf-a11f8e9af399","statusCode":204,"timestamp":"2025-04-16T23:50:23.115Z","type":"RESPONSE","url":"/api/note"}
{"level":"info","message":"Incoming Request","method":"POST","requestId":"9749a502-06e4-44ab-8210-4668560389dd","timestamp":"2025-04-16T23:50:23.117Z","type":"REQUEST","url":"/api/note"}
{"endpoint":"/api/note","level":"info","message":"Authentication Request","place":"AuthMiddleware","requestId":"9749a502-06e4-44ab-8210-4668560389dd","timestamp":"2025-04-16T23:50:23.117Z","type":"REQUEST"}
{"level":"info","message":"Authentication Successful","place":"AuthMiddleware","requestId":"9749a502-06e4-44ab-8210-4668560389dd","statusCode":200,"timestamp":"2025-04-16T23:50:23.118Z","type":"RESPONSE","user":{"email":"test@gmail.com","id":"675732c53bd346493e3b9124"}}
{"class":"NotesController","funtion":"createNote","level":"info","message":"Create Note Request","payload":{"confirmBeforeDestruction":false,"email":"","noteText":"asda","password":"","referenceName":"","selfDestructTime":"After reading it"},"requestId":"9749a502-06e4-44ab-8210-4668560389dd","timestamp":"2025-04-16T23:50:23.118Z","type":"REQUEST","user":"test@gmail.com"}
{"class":"NoteService","function":"createNote","level":"info","message":"Create Note Request","payload":{"confirmBeforeDestruction":false,"email":"","noteText":"asda","password":"","referenceName":"","selfDestructTime":"After reading it"},"requestId":"MISSING","timestamp":"2025-04-16T23:50:23.119Z","type":"REQUEST"}
{"class":"NoteService","function":"createNote","level":"info","message":"Note Created Successfully","noteId":"2febd122fb696579f9f6429a0c49be88","requestId":"MISSING","statusCode":201,"timestamp":"2025-04-16T23:50:23.153Z","type":"RESPONSE"}
{"class":"NotesController","funtion":"createNote","level":"info","message":"Note Created Successfully","requestId":"9749a502-06e4-44ab-8210-4668560389dd","response":{"message":"Note created","noteId":"2febd122fb696579f9f6429a0c49be88"},"statusCode":200,"timestamp":"2025-04-16T23:50:23.154Z","type":"RESPONSE","user":"test@gmail.com"}
{"level":"info","message":"Outgoing Response","method":"POST","requestId":"9749a502-06e4-44ab-8210-4668560389dd","statusCode":200,"timestamp":"2025-04-16T23:50:23.154Z","type":"RESPONSE","url":"/api/note"}
{"level":"info","message":"Incoming Request","method":"OPTIONS","requestId":"92898c8f-d49b-4a4e-8ee5-7fa966c441e7","timestamp":"2025-04-16T23:50:35.123Z","type":"REQUEST","url":"/api/note"}
{"level":"info","message":"Outgoing Response","method":"OPTIONS","requestId":"92898c8f-d49b-4a4e-8ee5-7fa966c441e7","statusCode":204,"timestamp":"2025-04-16T23:50:35.124Z","type":"RESPONSE","url":"/api/note"}
{"level":"info","message":"Incoming Request","method":"POST","requestId":"4e9e5ba9-a742-482c-b756-d73632c65b1d","timestamp":"2025-04-16T23:50:35.125Z","type":"REQUEST","url":"/api/note"}
{"endpoint":"/api/note","level":"info","message":"Authentication Request","place":"AuthMiddleware","requestId":"4e9e5ba9-a742-482c-b756-d73632c65b1d","timestamp":"2025-04-16T23:50:35.126Z","type":"REQUEST"}
{"level":"info","message":"Authentication Successful","place":"AuthMiddleware","requestId":"4e9e5ba9-a742-482c-b756-d73632c65b1d","statusCode":200,"timestamp":"2025-04-16T23:50:35.127Z","type":"RESPONSE","user":{"email":"test@gmail.com","id":"675732c53bd346493e3b9124"}}
{"class":"NotesController","funtion":"createNote","level":"info","message":"Create Note Request","payload":{"confirmBeforeDestruction":false,"email":"","noteText":"asda","password":"","referenceName":"","selfDestructTime":"After reading it"},"requestId":"4e9e5ba9-a742-482c-b756-d73632c65b1d","timestamp":"2025-04-16T23:50:35.127Z","type":"REQUEST","user":"test@gmail.com"}
{"class":"NoteService","function":"createNote","level":"info","message":"Create Note Request","payload":{"confirmBeforeDestruction":false,"email":"","noteText":"asda","password":"","referenceName":"","selfDestructTime":"After reading it"},"requestId":"MISSING","timestamp":"2025-04-16T23:50:35.127Z","type":"REQUEST"}
{"class":"NoteService","function":"createNote","level":"info","message":"Note Created Successfully","noteId":"b5078fd2aab1b23acd689b840a211dd3","requestId":"MISSING","statusCode":201,"timestamp":"2025-04-16T23:50:35.153Z","type":"RESPONSE"}
{"class":"NotesController","funtion":"createNote","level":"info","message":"Note Created Successfully","requestId":"4e9e5ba9-a742-482c-b756-d73632c65b1d","response":{"message":"Note created","noteId":"b5078fd2aab1b23acd689b840a211dd3"},"statusCode":200,"timestamp":"2025-04-16T23:50:35.154Z","type":"RESPONSE","user":"test@gmail.com"}
{"level":"info","message":"Outgoing Response","method":"POST","requestId":"4e9e5ba9-a742-482c-b756-d73632c65b1d","statusCode":200,"timestamp":"2025-04-16T23:50:35.155Z","type":"RESPONSE","url":"/api/note"}
{"level":"info","message":"Incoming Request","method":"OPTIONS","requestId":"ba2c4144-3e73-4dcb-804f-d7027a652fb5","timestamp":"2025-04-16T23:54:27.007Z","type":"REQUEST","url":"/api/note"}
{"level":"info","message":"Outgoing Response","method":"OPTIONS","requestId":"ba2c4144-3e73-4dcb-804f-d7027a652fb5","statusCode":204,"timestamp":"2025-04-16T23:54:27.007Z","type":"RESPONSE","url":"/api/note"}
{"level":"info","message":"Incoming Request","method":"POST","requestId":"67646762-b4af-4cc6-a79d-173d71ff3f37","timestamp":"2025-04-16T23:54:27.008Z","type":"REQUEST","url":"/api/note"}
{"endpoint":"/api/note","level":"info","message":"Authentication Request","place":"AuthMiddleware","requestId":"67646762-b4af-4cc6-a79d-173d71ff3f37","timestamp":"2025-04-16T23:54:27.009Z","type":"REQUEST"}
{"level":"info","message":"Authentication Successful","place":"AuthMiddleware","requestId":"67646762-b4af-4cc6-a79d-173d71ff3f37","statusCode":200,"timestamp":"2025-04-16T23:54:27.010Z","type":"RESPONSE","user":{"email":"test@gmail.com","id":"675732c53bd346493e3b9124"}}
{"class":"NotesController","funtion":"createNote","level":"info","message":"Create Note Request","payload":{"confirmBeforeDestruction":false,"email":"","noteText":"asdasd","password":"","referenceName":"","selfDestructTime":"After reading it"},"requestId":"67646762-b4af-4cc6-a79d-173d71ff3f37","timestamp":"2025-04-16T23:54:27.010Z","type":"REQUEST","user":"test@gmail.com"}
{"class":"NoteService","function":"createNote","level":"info","message":"Create Note Request","payload":{"confirmBeforeDestruction":false,"email":"","noteText":"asdasd","password":"","referenceName":"","selfDestructTime":"After reading it"},"requestId":"MISSING","timestamp":"2025-04-16T23:54:27.010Z","type":"REQUEST"}
{"class":"NoteService","function":"createNote","level":"info","message":"Note Created Successfully","noteId":"c4e24e6aea9ac729c7243f0e9f1a0e72","requestId":"MISSING","statusCode":201,"timestamp":"2025-04-16T23:54:27.043Z","type":"RESPONSE"}
{"class":"NotesController","funtion":"createNote","level":"info","message":"Note Created Successfully","requestId":"67646762-b4af-4cc6-a79d-173d71ff3f37","response":{"message":"Note created","noteId":"c4e24e6aea9ac729c7243f0e9f1a0e72"},"statusCode":200,"timestamp":"2025-04-16T23:54:27.044Z","type":"RESPONSE","user":"test@gmail.com"}
{"level":"info","message":"Outgoing Response","method":"POST","requestId":"67646762-b4af-4cc6-a79d-173d71ff3f37","statusCode":200,"timestamp":"2025-04-16T23:54:27.044Z","type":"RESPONSE","url":"/api/note"}
{"level":"info","message":"Incoming Request","method":"OPTIONS","requestId":"5bfdd7b5-ce79-45b7-b395-28e334d0c3f2","timestamp":"2025-04-16T23:55:10.891Z","type":"REQUEST","url":"/api/note"}
{"level":"info","message":"Outgoing Response","method":"OPTIONS","requestId":"5bfdd7b5-ce79-45b7-b395-28e334d0c3f2","statusCode":204,"timestamp":"2025-04-16T23:55:10.892Z","type":"RESPONSE","url":"/api/note"}
{"level":"info","message":"Incoming Request","method":"POST","requestId":"e5f49f30-e493-45a9-8af1-99f7990e0768","timestamp":"2025-04-16T23:55:10.892Z","type":"REQUEST","url":"/api/note"}
{"endpoint":"/api/note","level":"info","message":"Authentication Request","place":"AuthMiddleware","requestId":"e5f49f30-e493-45a9-8af1-99f7990e0768","timestamp":"2025-04-16T23:55:10.893Z","type":"REQUEST"}
{"level":"info","message":"Authentication Successful","place":"AuthMiddleware","requestId":"e5f49f30-e493-45a9-8af1-99f7990e0768","statusCode":200,"timestamp":"2025-04-16T23:55:10.894Z","type":"RESPONSE","user":{"email":"test@gmail.com","id":"675732c53bd346493e3b9124"}}
{"class":"NotesController","funtion":"createNote","level":"info","message":"Create Note Request","payload":{"confirmBeforeDestruction":false,"email":"","noteText":"asda","password":"","referenceName":"","selfDestructTime":"After reading it"},"requestId":"e5f49f30-e493-45a9-8af1-99f7990e0768","timestamp":"2025-04-16T23:55:10.894Z","type":"REQUEST","user":"test@gmail.com"}
{"class":"NoteService","function":"createNote","level":"info","message":"Create Note Request","payload":{"confirmBeforeDestruction":false,"email":"","noteText":"asda","password":"","referenceName":"","selfDestructTime":"After reading it"},"requestId":"MISSING","timestamp":"2025-04-16T23:55:10.894Z","type":"REQUEST"}
{"class":"NoteService","function":"createNote","level":"info","message":"Note Created Successfully","noteId":"9434a6aad2c8ffafd58bfcb5569ee1ca","requestId":"MISSING","statusCode":201,"timestamp":"2025-04-16T23:55:10.919Z","type":"RESPONSE"}
{"class":"NotesController","funtion":"createNote","level":"info","message":"Note Created Successfully","requestId":"e5f49f30-e493-45a9-8af1-99f7990e0768","response":{"message":"Note created","noteId":"9434a6aad2c8ffafd58bfcb5569ee1ca"},"statusCode":200,"timestamp":"2025-04-16T23:55:10.919Z","type":"RESPONSE","user":"test@gmail.com"}
{"level":"info","message":"Outgoing Response","method":"POST","requestId":"e5f49f30-e493-45a9-8af1-99f7990e0768","statusCode":200,"timestamp":"2025-04-16T23:55:10.920Z","type":"RESPONSE","url":"/api/note"}
{"level":"info","message":"Incoming Request","method":"OPTIONS","requestId":"1b385ec7-b788-4623-9fb3-17ba81da82ac","timestamp":"2025-04-16T23:57:27.059Z","type":"REQUEST","url":"/api/note"}
{"level":"info","message":"Outgoing Response","method":"OPTIONS","requestId":"1b385ec7-b788-4623-9fb3-17ba81da82ac","statusCode":204,"timestamp":"2025-04-16T23:57:27.060Z","type":"RESPONSE","url":"/api/note"}
{"level":"info","message":"Incoming Request","method":"POST","requestId":"984eed02-42fc-46b7-8427-21d6393c3f07","timestamp":"2025-04-16T23:57:27.062Z","type":"REQUEST","url":"/api/note"}
{"endpoint":"/api/note","level":"info","message":"Authentication Request","place":"AuthMiddleware","requestId":"984eed02-42fc-46b7-8427-21d6393c3f07","timestamp":"2025-04-16T23:57:27.062Z","type":"REQUEST"}
{"level":"info","message":"Authentication Successful","place":"AuthMiddleware","requestId":"984eed02-42fc-46b7-8427-21d6393c3f07","statusCode":200,"timestamp":"2025-04-16T23:57:27.063Z","type":"RESPONSE","user":{"email":"test@gmail.com","id":"675732c53bd346493e3b9124"}}
{"class":"NotesController","funtion":"createNote","level":"info","message":"Create Note Request","payload":{"confirmBeforeDestruction":false,"email":"","noteText":"sadd","password":"","referenceName":"","selfDestructTime":"After reading it"},"requestId":"984eed02-42fc-46b7-8427-21d6393c3f07","timestamp":"2025-04-16T23:57:27.063Z","type":"REQUEST","user":"test@gmail.com"}
{"class":"NoteService","function":"createNote","level":"info","message":"Create Note Request","payload":{"confirmBeforeDestruction":false,"email":"","noteText":"sadd","password":"","referenceName":"","selfDestructTime":"After reading it"},"requestId":"MISSING","timestamp":"2025-04-16T23:57:27.063Z","type":"REQUEST"}
{"class":"NoteService","function":"createNote","level":"info","message":"Note Created Successfully","noteId":"54d6b4a162e2ac09f38ecedfb9d872ae","requestId":"MISSING","statusCode":201,"timestamp":"2025-04-16T23:57:27.099Z","type":"RESPONSE"}
{"class":"NotesController","funtion":"createNote","level":"info","message":"Note Created Successfully","requestId":"984eed02-42fc-46b7-8427-21d6393c3f07","response":{"message":"Note created","noteId":"54d6b4a162e2ac09f38ecedfb9d872ae"},"statusCode":200,"timestamp":"2025-04-16T23:57:27.099Z","type":"RESPONSE","user":"test@gmail.com"}
{"level":"info","message":"Outgoing Response","method":"POST","requestId":"984eed02-42fc-46b7-8427-21d6393c3f07","statusCode":200,"timestamp":"2025-04-16T23:57:27.099Z","type":"RESPONSE","url":"/api/note"}
{"level":"info","message":"Incoming Request","method":"OPTIONS","requestId":"8a9b3297-ff53-4de8-a773-b35ca0e124e1","timestamp":"2025-04-17T00:00:49.431Z","type":"REQUEST","url":"/api/note"}
{"level":"info","message":"Outgoing Response","method":"OPTIONS","requestId":"8a9b3297-ff53-4de8-a773-b35ca0e124e1","statusCode":204,"timestamp":"2025-04-17T00:00:49.432Z","type":"RESPONSE","url":"/api/note"}
{"level":"info","message":"Incoming Request","method":"POST","requestId":"dd4c93f3-0497-4181-ac22-54e55ba5fee0","timestamp":"2025-04-17T00:00:49.433Z","type":"REQUEST","url":"/api/note"}
{"endpoint":"/api/note","level":"info","message":"Authentication Request","place":"AuthMiddleware","requestId":"dd4c93f3-0497-4181-ac22-54e55ba5fee0","timestamp":"2025-04-17T00:00:49.434Z","type":"REQUEST"}
{"level":"info","message":"Authentication Successful","place":"AuthMiddleware","requestId":"dd4c93f3-0497-4181-ac22-54e55ba5fee0","statusCode":200,"timestamp":"2025-04-17T00:00:49.434Z","type":"RESPONSE","user":{"email":"test@gmail.com","id":"675732c53bd346493e3b9124"}}
{"class":"NotesController","funtion":"createNote","level":"info","message":"Create Note Request","payload":{"confirmBeforeDestruction":false,"email":"","noteText":"AS","password":"","referenceName":"","selfDestructTime":"After reading it"},"requestId":"dd4c93f3-0497-4181-ac22-54e55ba5fee0","timestamp":"2025-04-17T00:00:49.434Z","type":"REQUEST","user":"test@gmail.com"}
{"class":"NoteService","function":"createNote","level":"info","message":"Create Note Request","payload":{"confirmBeforeDestruction":false,"email":"","noteText":"AS","password":"","referenceName":"","selfDestructTime":"After reading it"},"requestId":"MISSING","timestamp":"2025-04-17T00:00:49.435Z","type":"REQUEST"}
{"class":"NoteService","function":"createNote","level":"info","message":"Note Created Successfully","noteId":"a7db0d944c0602220491adaeb0c7ad80","requestId":"MISSING","statusCode":201,"timestamp":"2025-04-17T00:00:49.469Z","type":"RESPONSE"}
{"class":"NotesController","funtion":"createNote","level":"info","message":"Note Created Successfully","requestId":"dd4c93f3-0497-4181-ac22-54e55ba5fee0","response":{"message":"Note created","noteId":"a7db0d944c0602220491adaeb0c7ad80"},"statusCode":200,"timestamp":"2025-04-17T00:00:49.469Z","type":"RESPONSE","user":"test@gmail.com"}
{"level":"info","message":"Outgoing Response","method":"POST","requestId":"dd4c93f3-0497-4181-ac22-54e55ba5fee0","statusCode":200,"timestamp":"2025-04-17T00:00:49.470Z","type":"RESPONSE","url":"/api/note"}
{"level":"info","message":"Incoming Request","method":"OPTIONS","requestId":"026e2554-16f1-40d7-a13c-1f922c48adf3","timestamp":"2025-04-17T00:02:00.487Z","type":"REQUEST","url":"/api/note"}
{"level":"info","message":"Outgoing Response","method":"OPTIONS","requestId":"026e2554-16f1-40d7-a13c-1f922c48adf3","statusCode":204,"timestamp":"2025-04-17T00:02:00.488Z","type":"RESPONSE","url":"/api/note"}
{"level":"info","message":"Incoming Request","method":"POST","requestId":"1fbfa2e9-20e0-441e-aca1-3efa51afae0f","timestamp":"2025-04-17T00:02:00.489Z","type":"REQUEST","url":"/api/note"}
{"endpoint":"/api/note","level":"info","message":"Authentication Request","place":"AuthMiddleware","requestId":"1fbfa2e9-20e0-441e-aca1-3efa51afae0f","timestamp":"2025-04-17T00:02:00.489Z","type":"REQUEST"}
{"level":"info","message":"Authentication Successful","place":"AuthMiddleware","requestId":"1fbfa2e9-20e0-441e-aca1-3efa51afae0f","statusCode":200,"timestamp":"2025-04-17T00:02:00.490Z","type":"RESPONSE","user":{"email":"test@gmail.com","id":"675732c53bd346493e3b9124"}}
{"class":"NotesController","funtion":"createNote","level":"info","message":"Create Note Request","payload":{"confirmBeforeDestruction":false,"email":"","noteText":"asda","password":"","referenceName":"","selfDestructTime":"After reading it"},"requestId":"1fbfa2e9-20e0-441e-aca1-3efa51afae0f","timestamp":"2025-04-17T00:02:00.491Z","type":"REQUEST","user":"test@gmail.com"}
{"class":"NoteService","function":"createNote","level":"info","message":"Create Note Request","payload":{"confirmBeforeDestruction":false,"email":"","noteText":"asda","password":"","referenceName":"","selfDestructTime":"After reading it"},"requestId":"MISSING","timestamp":"2025-04-17T00:02:00.491Z","type":"REQUEST"}
{"class":"NoteService","function":"createNote","level":"info","message":"Note Created Successfully","noteId":"9a6c7b801f9db46b4e548a4a11c54b77","requestId":"MISSING","statusCode":201,"timestamp":"2025-04-17T00:02:00.514Z","type":"RESPONSE"}
{"class":"NotesController","funtion":"createNote","level":"info","message":"Note Created Successfully","requestId":"1fbfa2e9-20e0-441e-aca1-3efa51afae0f","response":{"message":"Note created","noteId":"9a6c7b801f9db46b4e548a4a11c54b77"},"statusCode":200,"timestamp":"2025-04-17T00:02:00.515Z","type":"RESPONSE","user":"test@gmail.com"}
{"level":"info","message":"Outgoing Response","method":"POST","requestId":"1fbfa2e9-20e0-441e-aca1-3efa51afae0f","statusCode":200,"timestamp":"2025-04-17T00:02:00.515Z","type":"RESPONSE","url":"/api/note"}
{"level":"info","message":"Incoming Request","method":"OPTIONS","requestId":"224dd6fc-1a7b-42d7-8708-8621b9225241","timestamp":"2025-04-17T00:02:38.875Z","type":"REQUEST","url":"/api/note/9a6c7b801f9db46b4e548a4a11c54b77"}
{"level":"info","message":"Outgoing Response","method":"OPTIONS","requestId":"224dd6fc-1a7b-42d7-8708-8621b9225241","statusCode":204,"timestamp":"2025-04-17T00:02:38.875Z","type":"RESPONSE","url":"/api/note/9a6c7b801f9db46b4e548a4a11c54b77"}
{"level":"info","message":"Incoming Request","method":"OPTIONS","requestId":"e59d5955-0c77-4f0f-841d-a0fc5fea19ce","timestamp":"2025-04-17T00:02:38.876Z","type":"REQUEST","url":"/api/note/9a6c7b801f9db46b4e548a4a11c54b77"}
{"level":"info","message":"Outgoing Response","method":"OPTIONS","requestId":"e59d5955-0c77-4f0f-841d-a0fc5fea19ce","statusCode":204,"timestamp":"2025-04-17T00:02:38.878Z","type":"RESPONSE","url":"/api/note/9a6c7b801f9db46b4e548a4a11c54b77"}
{"level":"info","message":"Incoming Request","method":"GET","requestId":"f723d31d-0529-4f89-9ab3-91cfedfecfcc","timestamp":"2025-04-17T00:02:38.878Z","type":"REQUEST","url":"/api/note/9a6c7b801f9db46b4e548a4a11c54b77"}
{"endpoint":"/api/note/9a6c7b801f9db46b4e548a4a11c54b77","level":"info","message":"Authentication Request","place":"AuthMiddleware","requestId":"f723d31d-0529-4f89-9ab3-91cfedfecfcc","timestamp":"2025-04-17T00:02:38.879Z","type":"REQUEST"}
{"level":"info","message":"Authentication Successful","place":"AuthMiddleware","requestId":"f723d31d-0529-4f89-9ab3-91cfedfecfcc","statusCode":200,"timestamp":"2025-04-17T00:02:38.881Z","type":"RESPONSE","user":{"email":"test@gmail.com","id":"675732c53bd346493e3b9124"}}
{"class":"NotesController","customId":"9a6c7b801f9db46b4e548a4a11c54b77","funtion":"getNoteById","level":"info","message":"Get Note By ID Request","requestId":"f723d31d-0529-4f89-9ab3-91cfedfecfcc","timestamp":"2025-04-17T00:02:38.881Z","type":"REQUEST","user":"test@gmail.com"}
{"class":"NoteService","customId":"9a6c7b801f9db46b4e548a4a11c54b77","function":"getNoteByIdAndStatus","level":"info","message":"Get Note By ID and Status Request","requestId":"f723d31d-0529-4f89-9ab3-91cfedfecfcc","timestamp":"2025-04-17T00:02:38.881Z","type":"REQUEST"}
{"class":"GenericService","function":"findOne","level":"info","message":"Find Document Request","model":"Note","query":{"customId":"9a6c7b801f9db46b4e548a4a11c54b77"},"requestId":"f723d31d-0529-4f89-9ab3-91cfedfecfcc","timestamp":"2025-04-17T00:02:38.881Z","type":"REQUEST"}
{"class":"GenericService","documentId":"680044f814401643f8caa914","function":"findOne","level":"info","message":"Document Found Successfully","model":"Note","requestId":"f723d31d-0529-4f89-9ab3-91cfedfecfcc","timestamp":"2025-04-17T00:02:38.907Z","type":"RESPONSE"}
{"class":"NoteService","customId":"9a6c7b801f9db46b4e548a4a11c54b77","function":"getNoteByIdAndStatus","level":"info","message":"Note Retrieved Successfully","note":{"text":"asda"},"requestId":"f723d31d-0529-4f89-9ab3-91cfedfecfcc","statusCode":200,"timestamp":"2025-04-17T00:02:38.908Z","type":"RESPONSE"}
{"class":"NotesController","customId":"9a6c7b801f9db46b4e548a4a11c54b77","funtion":"getNoteById","level":"info","message":"Note Retrieved Successfully","note":{"confirmBeforeDestruction":false,"text":"asda"},"requestId":"f723d31d-0529-4f89-9ab3-91cfedfecfcc","statusCode":200,"timestamp":"2025-04-17T00:02:38.909Z","type":"RESPONSE","user":"test@gmail.com"}
{"level":"info","message":"Outgoing Response","method":"GET","requestId":"f723d31d-0529-4f89-9ab3-91cfedfecfcc","statusCode":200,"timestamp":"2025-04-17T00:02:38.910Z","type":"RESPONSE","url":"/api/note/9a6c7b801f9db46b4e548a4a11c54b77"}
{"level":"info","message":"Incoming Request","method":"GET","requestId":"ebe82234-c441-4ebf-abd4-ec6ba1a4c7ff","timestamp":"2025-04-17T00:02:38.911Z","type":"REQUEST","url":"/api/note/9a6c7b801f9db46b4e548a4a11c54b77"}
{"endpoint":"/api/note/9a6c7b801f9db46b4e548a4a11c54b77","level":"info","message":"Authentication Request","place":"AuthMiddleware","requestId":"ebe82234-c441-4ebf-abd4-ec6ba1a4c7ff","timestamp":"2025-04-17T00:02:38.911Z","type":"REQUEST"}
{"level":"info","message":"Authentication Successful","place":"AuthMiddleware","requestId":"ebe82234-c441-4ebf-abd4-ec6ba1a4c7ff","statusCode":200,"timestamp":"2025-04-17T00:02:38.912Z","type":"RESPONSE","user":{"email":"test@gmail.com","id":"675732c53bd346493e3b9124"}}
{"class":"NotesController","customId":"9a6c7b801f9db46b4e548a4a11c54b77","funtion":"getNoteById","level":"info","message":"Get Note By ID Request","requestId":"ebe82234-c441-4ebf-abd4-ec6ba1a4c7ff","timestamp":"2025-04-17T00:02:38.913Z","type":"REQUEST","user":"test@gmail.com"}
{"class":"NoteService","customId":"9a6c7b801f9db46b4e548a4a11c54b77","function":"getNoteByIdAndStatus","level":"info","message":"Get Note By ID and Status Request","requestId":"ebe82234-c441-4ebf-abd4-ec6ba1a4c7ff","timestamp":"2025-04-17T00:02:38.913Z","type":"REQUEST"}
{"class":"GenericService","function":"findOne","level":"info","message":"Find Document Request","model":"Note","query":{"customId":"9a6c7b801f9db46b4e548a4a11c54b77"},"requestId":"ebe82234-c441-4ebf-abd4-ec6ba1a4c7ff","timestamp":"2025-04-17T00:02:38.913Z","type":"REQUEST"}
{"class":"GenericService","documentId":"680044f814401643f8caa914","function":"findOne","level":"info","message":"Document Found Successfully","model":"Note","requestId":"ebe82234-c441-4ebf-abd4-ec6ba1a4c7ff","timestamp":"2025-04-17T00:02:38.937Z","type":"RESPONSE"}
{"class":"NoteService","customId":"9a6c7b801f9db46b4e548a4a11c54b77","function":"getNoteByIdAndStatus","level":"info","message":"Note Retrieved Successfully","note":{"text":"asda"},"requestId":"ebe82234-c441-4ebf-abd4-ec6ba1a4c7ff","statusCode":200,"timestamp":"2025-04-17T00:02:38.937Z","type":"RESPONSE"}
{"class":"NotesController","customId":"9a6c7b801f9db46b4e548a4a11c54b77","funtion":"getNoteById","level":"info","message":"Note Retrieved Successfully","note":{"confirmBeforeDestruction":false,"text":"asda"},"requestId":"ebe82234-c441-4ebf-abd4-ec6ba1a4c7ff","statusCode":200,"timestamp":"2025-04-17T00:02:38.937Z","type":"RESPONSE","user":"test@gmail.com"}
{"level":"info","message":"Outgoing Response","method":"GET","requestId":"ebe82234-c441-4ebf-abd4-ec6ba1a4c7ff","statusCode":304,"timestamp":"2025-04-17T00:02:38.938Z","type":"RESPONSE","url":"/api/note/9a6c7b801f9db46b4e548a4a11c54b77"}
{"level":"info","message":"Incoming Request","method":"OPTIONS","requestId":"57beec6f-f9f0-419a-80ca-d4ad86d03797","timestamp":"2025-04-17T00:02:40.318Z","type":"REQUEST","url":"/api/delete/9a6c7b801f9db46b4e548a4a11c54b77"}
{"level":"info","message":"Outgoing Response","method":"OPTIONS","requestId":"57beec6f-f9f0-419a-80ca-d4ad86d03797","statusCode":204,"timestamp":"2025-04-17T00:02:40.319Z","type":"RESPONSE","url":"/api/delete/9a6c7b801f9db46b4e548a4a11c54b77"}
{"level":"info","message":"Incoming Request","method":"DELETE","requestId":"90e43973-c433-4633-865b-fcb8ca294de3","timestamp":"2025-04-17T00:02:40.320Z","type":"REQUEST","url":"/api/delete/9a6c7b801f9db46b4e548a4a11c54b77"}
{"endpoint":"/api/delete/9a6c7b801f9db46b4e548a4a11c54b77","level":"info","message":"Authentication Request","place":"AuthMiddleware","requestId":"90e43973-c433-4633-865b-fcb8ca294de3","timestamp":"2025-04-17T00:02:40.320Z","type":"REQUEST"}
{"level":"info","message":"Authentication Successful","place":"AuthMiddleware","requestId":"90e43973-c433-4633-865b-fcb8ca294de3","statusCode":200,"timestamp":"2025-04-17T00:02:40.321Z","type":"RESPONSE","user":{"email":"test@gmail.com","id":"675732c53bd346493e3b9124"}}
{"class":"NotesController","customId":"9a6c7b801f9db46b4e548a4a11c54b77","funtion":"deleteNote","level":"info","message":"Delete Note Request","requestId":"90e43973-c433-4633-865b-fcb8ca294de3","timestamp":"2025-04-17T00:02:40.321Z","type":"REQUEST","user":"test@gmail.com"}
{"class":"NoteService","customId":"9a6c7b801f9db46b4e548a4a11c54b77","function":"deleteNote","level":"info","message":"Delete Note Request","requestId":"90e43973-c433-4633-865b-fcb8ca294de3","timestamp":"2025-04-17T00:02:40.322Z","type":"REQUEST"}
{"class":"GenericService","function":"updateOne","level":"info","message":"Update Document Request","model":"Note","query":{"customId":"9a6c7b801f9db46b4e548a4a11c54b77"},"requestId":"90e43973-c433-4633-865b-fcb8ca294de3","timestamp":"2025-04-17T00:02:40.322Z","type":"REQUEST","update":{"$set":{"isDeleted":true}}}
{"class":"GenericService","function":"updateOne","level":"info","matchedCount":1,"message":"Document Updated Successfully","model":"Note","requestId":"90e43973-c433-4633-865b-fcb8ca294de3","timestamp":"2025-04-17T00:02:40.346Z","type":"RESPONSE"}
{"class":"NoteService","customId":"9a6c7b801f9db46b4e548a4a11c54b77","function":"deleteNote","level":"info","message":"Note Deleted Successfully","requestId":"90e43973-c433-4633-865b-fcb8ca294de3","statusCode":200,"timestamp":"2025-04-17T00:02:40.348Z","type":"RESPONSE"}
{"class":"NotesController","customId":"9a6c7b801f9db46b4e548a4a11c54b77","funtion":"deleteNote","level":"info","message":"Note Deleted Successfully","requestId":"90e43973-c433-4633-865b-fcb8ca294de3","response":"Note has been deleted","statusCode":200,"timestamp":"2025-04-17T00:02:40.348Z","type":"RESPONSE","user":"test@gmail.com"}
{"level":"info","message":"Outgoing Response","method":"DELETE","requestId":"90e43973-c433-4633-865b-fcb8ca294de3","statusCode":200,"timestamp":"2025-04-17T00:02:40.349Z","type":"RESPONSE","url":"/api/delete/9a6c7b801f9db46b4e548a4a11c54b77"}
{"level":"info","message":"Incoming Request","method":"OPTIONS","requestId":"a9a6b636-da2b-4ac4-b60d-c95f45f744c5","timestamp":"2025-04-17T00:02:49.398Z","type":"REQUEST","url":"/api/delete/9a6c7b801f9db46b4e548a4a11c54b77"}
{"level":"info","message":"Outgoing Response","method":"OPTIONS","requestId":"a9a6b636-da2b-4ac4-b60d-c95f45f744c5","statusCode":204,"timestamp":"2025-04-17T00:02:49.399Z","type":"RESPONSE","url":"/api/delete/9a6c7b801f9db46b4e548a4a11c54b77"}
{"level":"info","message":"Incoming Request","method":"DELETE","requestId":"e68369f6-f557-4f1e-80f1-e5d3012884ea","timestamp":"2025-04-17T00:02:49.400Z","type":"REQUEST","url":"/api/delete/9a6c7b801f9db46b4e548a4a11c54b77"}
{"endpoint":"/api/delete/9a6c7b801f9db46b4e548a4a11c54b77","level":"info","message":"Authentication Request","place":"AuthMiddleware","requestId":"e68369f6-f557-4f1e-80f1-e5d3012884ea","timestamp":"2025-04-17T00:02:49.400Z","type":"REQUEST"}
{"level":"info","message":"Authentication Successful","place":"AuthMiddleware","requestId":"e68369f6-f557-4f1e-80f1-e5d3012884ea","statusCode":200,"timestamp":"2025-04-17T00:02:49.400Z","type":"RESPONSE","user":{"email":"test@gmail.com","id":"675732c53bd346493e3b9124"}}
{"class":"NotesController","customId":"9a6c7b801f9db46b4e548a4a11c54b77","funtion":"deleteNote","level":"info","message":"Delete Note Request","requestId":"e68369f6-f557-4f1e-80f1-e5d3012884ea","timestamp":"2025-04-17T00:02:49.401Z","type":"REQUEST","user":"test@gmail.com"}
{"class":"NoteService","customId":"9a6c7b801f9db46b4e548a4a11c54b77","function":"deleteNote","level":"info","message":"Delete Note Request","requestId":"e68369f6-f557-4f1e-80f1-e5d3012884ea","timestamp":"2025-04-17T00:02:49.401Z","type":"REQUEST"}
{"class":"GenericService","function":"updateOne","level":"info","message":"Update Document Request","model":"Note","query":{"customId":"9a6c7b801f9db46b4e548a4a11c54b77"},"requestId":"e68369f6-f557-4f1e-80f1-e5d3012884ea","timestamp":"2025-04-17T00:02:49.401Z","type":"REQUEST","update":{"$set":{"isDeleted":true}}}
{"class":"GenericService","function":"updateOne","level":"info","matchedCount":1,"message":"Document Updated Successfully","model":"Note","requestId":"e68369f6-f557-4f1e-80f1-e5d3012884ea","timestamp":"2025-04-17T00:02:49.424Z","type":"RESPONSE"}
{"class":"NoteService","customId":"9a6c7b801f9db46b4e548a4a11c54b77","function":"deleteNote","level":"info","message":"Note Deleted Successfully","requestId":"e68369f6-f557-4f1e-80f1-e5d3012884ea","statusCode":200,"timestamp":"2025-04-17T00:02:49.424Z","type":"RESPONSE"}
{"class":"NotesController","customId":"9a6c7b801f9db46b4e548a4a11c54b77","funtion":"deleteNote","level":"info","message":"Note Deleted Successfully","requestId":"e68369f6-f557-4f1e-80f1-e5d3012884ea","response":"Note has been deleted","statusCode":200,"timestamp":"2025-04-17T00:02:49.424Z","type":"RESPONSE","user":"test@gmail.com"}
{"level":"info","message":"Outgoing Response","method":"DELETE","requestId":"e68369f6-f557-4f1e-80f1-e5d3012884ea","statusCode":200,"timestamp":"2025-04-17T00:02:49.425Z","type":"RESPONSE","url":"/api/delete/9a6c7b801f9db46b4e548a4a11c54b77"}
{"level":"info","message":"Incoming Request","method":"OPTIONS","requestId":"1fa23776-f82d-491c-b367-bb41b0202774","timestamp":"2025-04-17T00:05:07.244Z","type":"REQUEST","url":"/api/note"}
{"level":"info","message":"Outgoing Response","method":"OPTIONS","requestId":"1fa23776-f82d-491c-b367-bb41b0202774","statusCode":204,"timestamp":"2025-04-17T00:05:07.245Z","type":"RESPONSE","url":"/api/note"}
{"level":"info","message":"Incoming Request","method":"POST","requestId":"4790bc3d-baad-4221-a457-7aaa63df0766","timestamp":"2025-04-17T00:05:07.249Z","type":"REQUEST","url":"/api/note"}
{"endpoint":"/api/note","level":"info","message":"Authentication Request","place":"AuthMiddleware","requestId":"4790bc3d-baad-4221-a457-7aaa63df0766","timestamp":"2025-04-17T00:05:07.250Z","type":"REQUEST"}
{"level":"info","message":"Authentication Successful","place":"AuthMiddleware","requestId":"4790bc3d-baad-4221-a457-7aaa63df0766","statusCode":200,"timestamp":"2025-04-17T00:05:07.251Z","type":"RESPONSE","user":{"email":"test@gmail.com","id":"675732c53bd346493e3b9124"}}
{"class":"NotesController","funtion":"createNote","level":"info","message":"Create Note Request","payload":{"confirmBeforeDestruction":false,"email":"","noteText":"asda","password":"","referenceName":"","selfDestructTime":"After reading it"},"requestId":"4790bc3d-baad-4221-a457-7aaa63df0766","timestamp":"2025-04-17T00:05:07.251Z","type":"REQUEST","user":"test@gmail.com"}
{"class":"NoteService","function":"createNote","level":"info","message":"Create Note Request","payload":{"confirmBeforeDestruction":false,"email":"","noteText":"asda","password":"","referenceName":"","selfDestructTime":"After reading it"},"requestId":"MISSING","timestamp":"2025-04-17T00:05:07.251Z","type":"REQUEST"}
{"class":"NoteService","function":"createNote","level":"info","message":"Note Created Successfully","noteId":"4d45ba51bb02c7b0410c4e536c6d5895","requestId":"MISSING","statusCode":201,"timestamp":"2025-04-17T00:05:07.286Z","type":"RESPONSE"}
{"class":"NotesController","funtion":"createNote","level":"info","message":"Note Created Successfully","requestId":"4790bc3d-baad-4221-a457-7aaa63df0766","response":{"message":"Note created","noteId":"4d45ba51bb02c7b0410c4e536c6d5895"},"statusCode":200,"timestamp":"2025-04-17T00:05:07.286Z","type":"RESPONSE","user":"test@gmail.com"}
{"level":"info","message":"Outgoing Response","method":"POST","requestId":"4790bc3d-baad-4221-a457-7aaa63df0766","statusCode":200,"timestamp":"2025-04-17T00:05:07.287Z","type":"RESPONSE","url":"/api/note"}
{"level":"info","message":"Incoming Request","method":"OPTIONS","requestId":"14a11660-6065-44af-aaab-d2f9a541b0b2","timestamp":"2025-04-17T00:05:16.941Z","type":"REQUEST","url":"/api/note/4d45ba51bb02c7b0410c4e536c6d5895"}
{"level":"info","message":"Outgoing Response","method":"OPTIONS","requestId":"14a11660-6065-44af-aaab-d2f9a541b0b2","statusCode":204,"timestamp":"2025-04-17T00:05:16.941Z","type":"RESPONSE","url":"/api/note/4d45ba51bb02c7b0410c4e536c6d5895"}
{"level":"info","message":"Incoming Request","method":"GET","requestId":"ac516655-98cb-4d63-80a5-7d4139694633","timestamp":"2025-04-17T00:05:16.943Z","type":"REQUEST","url":"/api/note/4d45ba51bb02c7b0410c4e536c6d5895"}
{"endpoint":"/api/note/4d45ba51bb02c7b0410c4e536c6d5895","level":"info","message":"Authentication Request","place":"AuthMiddleware","requestId":"ac516655-98cb-4d63-80a5-7d4139694633","timestamp":"2025-04-17T00:05:16.943Z","type":"REQUEST"}
{"level":"info","message":"Authentication Successful","place":"AuthMiddleware","requestId":"ac516655-98cb-4d63-80a5-7d4139694633","statusCode":200,"timestamp":"2025-04-17T00:05:16.943Z","type":"RESPONSE","user":{"email":"test@gmail.com","id":"675732c53bd346493e3b9124"}}
{"class":"NotesController","customId":"4d45ba51bb02c7b0410c4e536c6d5895","funtion":"getNoteById","level":"info","message":"Get Note By ID Request","requestId":"ac516655-98cb-4d63-80a5-7d4139694633","timestamp":"2025-04-17T00:05:16.944Z","type":"REQUEST","user":"test@gmail.com"}
{"class":"NoteService","customId":"4d45ba51bb02c7b0410c4e536c6d5895","function":"getNoteByIdAndStatus","level":"info","message":"Get Note By ID and Status Request","requestId":"ac516655-98cb-4d63-80a5-7d4139694633","timestamp":"2025-04-17T00:05:16.944Z","type":"REQUEST"}
{"class":"GenericService","function":"findOne","level":"info","message":"Find Document Request","model":"Note","query":{"customId":"4d45ba51bb02c7b0410c4e536c6d5895"},"requestId":"ac516655-98cb-4d63-80a5-7d4139694633","timestamp":"2025-04-17T00:05:16.944Z","type":"REQUEST"}
{"class":"GenericService","documentId":"680045b314401643f8caa91a","function":"findOne","level":"info","message":"Document Found Successfully","model":"Note","requestId":"ac516655-98cb-4d63-80a5-7d4139694633","timestamp":"2025-04-17T00:05:16.965Z","type":"RESPONSE"}
{"class":"NoteService","customId":"4d45ba51bb02c7b0410c4e536c6d5895","function":"getNoteByIdAndStatus","level":"info","message":"Note Retrieved Successfully","note":{"text":"asda"},"requestId":"ac516655-98cb-4d63-80a5-7d4139694633","statusCode":200,"timestamp":"2025-04-17T00:05:16.966Z","type":"RESPONSE"}
{"class":"NotesController","customId":"4d45ba51bb02c7b0410c4e536c6d5895","funtion":"getNoteById","level":"info","message":"Note Retrieved Successfully","note":{"confirmBeforeDestruction":false,"text":"asda"},"requestId":"ac516655-98cb-4d63-80a5-7d4139694633","statusCode":200,"timestamp":"2025-04-17T00:05:16.966Z","type":"RESPONSE","user":"test@gmail.com"}
{"level":"info","message":"Outgoing Response","method":"GET","requestId":"ac516655-98cb-4d63-80a5-7d4139694633","statusCode":200,"timestamp":"2025-04-17T00:05:16.966Z","type":"RESPONSE","url":"/api/note/4d45ba51bb02c7b0410c4e536c6d5895"}
{"level":"info","message":"Incoming Request","method":"OPTIONS","requestId":"1ee76ea7-4393-4c2c-897f-e6ed1266721d","timestamp":"2025-04-17T00:05:18.426Z","type":"REQUEST","url":"/api/delete/4d45ba51bb02c7b0410c4e536c6d5895"}
{"level":"info","message":"Outgoing Response","method":"OPTIONS","requestId":"1ee76ea7-4393-4c2c-897f-e6ed1266721d","statusCode":204,"timestamp":"2025-04-17T00:05:18.426Z","type":"RESPONSE","url":"/api/delete/4d45ba51bb02c7b0410c4e536c6d5895"}
{"level":"info","message":"Incoming Request","method":"DELETE","requestId":"5bd92e4b-96fd-477c-b242-abaee864d92b","timestamp":"2025-04-17T00:05:18.428Z","type":"REQUEST","url":"/api/delete/4d45ba51bb02c7b0410c4e536c6d5895"}
{"endpoint":"/api/delete/4d45ba51bb02c7b0410c4e536c6d5895","level":"info","message":"Authentication Request","place":"AuthMiddleware","requestId":"5bd92e4b-96fd-477c-b242-abaee864d92b","timestamp":"2025-04-17T00:05:18.428Z","type":"REQUEST"}
{"level":"info","message":"Authentication Successful","place":"AuthMiddleware","requestId":"5bd92e4b-96fd-477c-b242-abaee864d92b","statusCode":200,"timestamp":"2025-04-17T00:05:18.428Z","type":"RESPONSE","user":{"email":"test@gmail.com","id":"675732c53bd346493e3b9124"}}
{"class":"NotesController","customId":"4d45ba51bb02c7b0410c4e536c6d5895","funtion":"deleteNote","level":"info","message":"Delete Note Request","requestId":"5bd92e4b-96fd-477c-b242-abaee864d92b","timestamp":"2025-04-17T00:05:18.429Z","type":"REQUEST","user":"test@gmail.com"}
{"class":"NoteService","customId":"4d45ba51bb02c7b0410c4e536c6d5895","function":"deleteNote","level":"info","message":"Delete Note Request","requestId":"5bd92e4b-96fd-477c-b242-abaee864d92b","timestamp":"2025-04-17T00:05:18.429Z","type":"REQUEST"}
{"class":"GenericService","function":"updateOne","level":"info","message":"Update Document Request","model":"Note","query":{"customId":"4d45ba51bb02c7b0410c4e536c6d5895"},"requestId":"5bd92e4b-96fd-477c-b242-abaee864d92b","timestamp":"2025-04-17T00:05:18.429Z","type":"REQUEST","update":{"$set":{"isDeleted":true}}}
{"class":"GenericService","function":"updateOne","level":"info","matchedCount":1,"message":"Document Updated Successfully","model":"Note","requestId":"5bd92e4b-96fd-477c-b242-abaee864d92b","timestamp":"2025-04-17T00:05:18.452Z","type":"RESPONSE"}
{"class":"NoteService","customId":"4d45ba51bb02c7b0410c4e536c6d5895","function":"deleteNote","level":"info","message":"Note Deleted Successfully","requestId":"5bd92e4b-96fd-477c-b242-abaee864d92b","statusCode":200,"timestamp":"2025-04-17T00:05:18.453Z","type":"RESPONSE"}
{"class":"NotesController","customId":"4d45ba51bb02c7b0410c4e536c6d5895","funtion":"deleteNote","level":"info","message":"Note Deleted Successfully","requestId":"5bd92e4b-96fd-477c-b242-abaee864d92b","response":"Note has been deleted","statusCode":200,"timestamp":"2025-04-17T00:05:18.453Z","type":"RESPONSE","user":"test@gmail.com"}
{"level":"info","message":"Outgoing Response","method":"DELETE","requestId":"5bd92e4b-96fd-477c-b242-abaee864d92b","statusCode":200,"timestamp":"2025-04-17T00:05:18.453Z","type":"RESPONSE","url":"/api/delete/4d45ba51bb02c7b0410c4e536c6d5895"}
{"level":"info","message":"Incoming Request","method":"OPTIONS","requestId":"e8847a41-8268-45dc-969f-50bfb7592751","timestamp":"2025-04-17T00:05:42.238Z","type":"REQUEST","url":"/api/note"}
{"level":"info","message":"Outgoing Response","method":"OPTIONS","requestId":"e8847a41-8268-45dc-969f-50bfb7592751","statusCode":204,"timestamp":"2025-04-17T00:05:42.239Z","type":"RESPONSE","url":"/api/note"}
{"level":"info","message":"Incoming Request","method":"POST","requestId":"b4fcb87a-2cb4-4067-88e4-4ec02034d26a","timestamp":"2025-04-17T00:05:42.240Z","type":"REQUEST","url":"/api/note"}
{"endpoint":"/api/note","level":"info","message":"Authentication Request","place":"AuthMiddleware","requestId":"b4fcb87a-2cb4-4067-88e4-4ec02034d26a","timestamp":"2025-04-17T00:05:42.240Z","type":"REQUEST"}
{"level":"info","message":"Authentication Successful","place":"AuthMiddleware","requestId":"b4fcb87a-2cb4-4067-88e4-4ec02034d26a","statusCode":200,"timestamp":"2025-04-17T00:05:42.241Z","type":"RESPONSE","user":{"email":"test@gmail.com","id":"675732c53bd346493e3b9124"}}
{"class":"NotesController","funtion":"createNote","level":"info","message":"Create Note Request","payload":{"confirmBeforeDestruction":false,"email":"","noteText":"adsfsa","password":"","referenceName":"","selfDestructTime":"After reading it"},"requestId":"b4fcb87a-2cb4-4067-88e4-4ec02034d26a","timestamp":"2025-04-17T00:05:42.241Z","type":"REQUEST","user":"test@gmail.com"}
{"class":"NoteService","function":"createNote","level":"info","message":"Create Note Request","payload":{"confirmBeforeDestruction":false,"email":"","noteText":"adsfsa","password":"","referenceName":"","selfDestructTime":"After reading it"},"requestId":"MISSING","timestamp":"2025-04-17T00:05:42.242Z","type":"REQUEST"}
{"class":"NoteService","function":"createNote","level":"info","message":"Note Created Successfully","noteId":"de208240424b2e161ed4930c9a1efeb1","requestId":"MISSING","statusCode":201,"timestamp":"2025-04-17T00:05:42.271Z","type":"RESPONSE"}
{"class":"NotesController","funtion":"createNote","level":"info","message":"Note Created Successfully","requestId":"b4fcb87a-2cb4-4067-88e4-4ec02034d26a","response":{"message":"Note created","noteId":"de208240424b2e161ed4930c9a1efeb1"},"statusCode":200,"timestamp":"2025-04-17T00:05:42.271Z","type":"RESPONSE","user":"test@gmail.com"}
{"level":"info","message":"Outgoing Response","method":"POST","requestId":"b4fcb87a-2cb4-4067-88e4-4ec02034d26a","statusCode":200,"timestamp":"2025-04-17T00:05:42.272Z","type":"RESPONSE","url":"/api/note"}
{"level":"info","message":"Incoming Request","method":"OPTIONS","requestId":"cd200d9e-515b-496d-a330-9ae859b1c2bc","timestamp":"2025-04-17T00:05:46.667Z","type":"REQUEST","url":"/api/note/de208240424b2e161ed4930c9a1efeb1"}
{"level":"info","message":"Outgoing Response","method":"OPTIONS","requestId":"cd200d9e-515b-496d-a330-9ae859b1c2bc","statusCode":204,"timestamp":"2025-04-17T00:05:46.668Z","type":"RESPONSE","url":"/api/note/de208240424b2e161ed4930c9a1efeb1"}
{"level":"info","message":"Incoming Request","method":"OPTIONS","requestId":"7b38bac4-0a77-444b-a485-0acca69a8747","timestamp":"2025-04-17T00:05:46.668Z","type":"REQUEST","url":"/api/note/de208240424b2e161ed4930c9a1efeb1"}
{"level":"info","message":"Outgoing Response","method":"OPTIONS","requestId":"7b38bac4-0a77-444b-a485-0acca69a8747","statusCode":204,"timestamp":"2025-04-17T00:05:46.669Z","type":"RESPONSE","url":"/api/note/de208240424b2e161ed4930c9a1efeb1"}
{"level":"info","message":"Incoming Request","method":"GET","requestId":"a752ac3d-40b6-4549-b509-07e5d586d171","timestamp":"2025-04-17T00:05:46.669Z","type":"REQUEST","url":"/api/note/de208240424b2e161ed4930c9a1efeb1"}
{"endpoint":"/api/note/de208240424b2e161ed4930c9a1efeb1","level":"info","message":"Authentication Request","place":"AuthMiddleware","requestId":"a752ac3d-40b6-4549-b509-07e5d586d171","timestamp":"2025-04-17T00:05:46.669Z","type":"REQUEST"}
{"level":"info","message":"Authentication Successful","place":"AuthMiddleware","requestId":"a752ac3d-40b6-4549-b509-07e5d586d171","statusCode":200,"timestamp":"2025-04-17T00:05:46.670Z","type":"RESPONSE","user":{"email":"test@gmail.com","id":"675732c53bd346493e3b9124"}}
{"class":"NotesController","customId":"de208240424b2e161ed4930c9a1efeb1","funtion":"getNoteById","level":"info","message":"Get Note By ID Request","requestId":"a752ac3d-40b6-4549-b509-07e5d586d171","timestamp":"2025-04-17T00:05:46.670Z","type":"REQUEST","user":"test@gmail.com"}
{"class":"NoteService","customId":"de208240424b2e161ed4930c9a1efeb1","function":"getNoteByIdAndStatus","level":"info","message":"Get Note By ID and Status Request","requestId":"a752ac3d-40b6-4549-b509-07e5d586d171","timestamp":"2025-04-17T00:05:46.670Z","type":"REQUEST"}
{"class":"GenericService","function":"findOne","level":"info","message":"Find Document Request","model":"Note","query":{"customId":"de208240424b2e161ed4930c9a1efeb1"},"requestId":"a752ac3d-40b6-4549-b509-07e5d586d171","timestamp":"2025-04-17T00:05:46.670Z","type":"REQUEST"}
{"class":"GenericService","documentId":"680045d614401643f8caa91e","function":"findOne","level":"info","message":"Document Found Successfully","model":"Note","requestId":"a752ac3d-40b6-4549-b509-07e5d586d171","timestamp":"2025-04-17T00:05:46.692Z","type":"RESPONSE"}
{"class":"NoteService","customId":"de208240424b2e161ed4930c9a1efeb1","function":"getNoteByIdAndStatus","level":"info","message":"Note Retrieved Successfully","note":{"text":"adsfsa"},"requestId":"a752ac3d-40b6-4549-b509-07e5d586d171","statusCode":200,"timestamp":"2025-04-17T00:05:46.693Z","type":"RESPONSE"}
{"class":"NotesController","customId":"de208240424b2e161ed4930c9a1efeb1","funtion":"getNoteById","level":"info","message":"Note Retrieved Successfully","note":{"confirmBeforeDestruction":false,"text":"adsfsa"},"requestId":"a752ac3d-40b6-4549-b509-07e5d586d171","statusCode":200,"timestamp":"2025-04-17T00:05:46.693Z","type":"RESPONSE","user":"test@gmail.com"}
{"level":"info","message":"Outgoing Response","method":"GET","requestId":"a752ac3d-40b6-4549-b509-07e5d586d171","statusCode":200,"timestamp":"2025-04-17T00:05:46.693Z","type":"RESPONSE","url":"/api/note/de208240424b2e161ed4930c9a1efeb1"}
{"level":"info","message":"Incoming Request","method":"GET","requestId":"0cf4b73b-d808-44dd-8b89-b6f1fc47f43b","timestamp":"2025-04-17T00:05:46.694Z","type":"REQUEST","url":"/api/note/de208240424b2e161ed4930c9a1efeb1"}
{"endpoint":"/api/note/de208240424b2e161ed4930c9a1efeb1","level":"info","message":"Authentication Request","place":"AuthMiddleware","requestId":"0cf4b73b-d808-44dd-8b89-b6f1fc47f43b","timestamp":"2025-04-17T00:05:46.694Z","type":"REQUEST"}
{"level":"info","message":"Authentication Successful","place":"AuthMiddleware","requestId":"0cf4b73b-d808-44dd-8b89-b6f1fc47f43b","statusCode":200,"timestamp":"2025-04-17T00:05:46.695Z","type":"RESPONSE","user":{"email":"test@gmail.com","id":"675732c53bd346493e3b9124"}}
{"class":"NotesController","customId":"de208240424b2e161ed4930c9a1efeb1","funtion":"getNoteById","level":"info","message":"Get Note By ID Request","requestId":"0cf4b73b-d808-44dd-8b89-b6f1fc47f43b","timestamp":"2025-04-17T00:05:46.695Z","type":"REQUEST","user":"test@gmail.com"}
{"class":"NoteService","customId":"de208240424b2e161ed4930c9a1efeb1","function":"getNoteByIdAndStatus","level":"info","message":"Get Note By ID and Status Request","requestId":"0cf4b73b-d808-44dd-8b89-b6f1fc47f43b","timestamp":"2025-04-17T00:05:46.695Z","type":"REQUEST"}
{"class":"GenericService","function":"findOne","level":"info","message":"Find Document Request","model":"Note","query":{"customId":"de208240424b2e161ed4930c9a1efeb1"},"requestId":"0cf4b73b-d808-44dd-8b89-b6f1fc47f43b","timestamp":"2025-04-17T00:05:46.695Z","type":"REQUEST"}
{"class":"GenericService","documentId":"680045d614401643f8caa91e","function":"findOne","level":"info","message":"Document Found Successfully","model":"Note","requestId":"0cf4b73b-d808-44dd-8b89-b6f1fc47f43b","timestamp":"2025-04-17T00:05:46.717Z","type":"RESPONSE"}
{"class":"NoteService","customId":"de208240424b2e161ed4930c9a1efeb1","function":"getNoteByIdAndStatus","level":"info","message":"Note Retrieved Successfully","note":{"text":"adsfsa"},"requestId":"0cf4b73b-d808-44dd-8b89-b6f1fc47f43b","statusCode":200,"timestamp":"2025-04-17T00:05:46.717Z","type":"RESPONSE"}
{"class":"NotesController","customId":"de208240424b2e161ed4930c9a1efeb1","funtion":"getNoteById","level":"info","message":"Note Retrieved Successfully","note":{"confirmBeforeDestruction":false,"text":"adsfsa"},"requestId":"0cf4b73b-d808-44dd-8b89-b6f1fc47f43b","statusCode":200,"timestamp":"2025-04-17T00:05:46.718Z","type":"RESPONSE","user":"test@gmail.com"}
{"level":"info","message":"Outgoing Response","method":"GET","requestId":"0cf4b73b-d808-44dd-8b89-b6f1fc47f43b","statusCode":304,"timestamp":"2025-04-17T00:05:46.718Z","type":"RESPONSE","url":"/api/note/de208240424b2e161ed4930c9a1efeb1"}
{"level":"info","message":"Incoming Request","method":"OPTIONS","requestId":"e18c6c38-00f4-4d9c-b5b9-7f23a0a4184a","timestamp":"2025-04-17T00:05:47.945Z","type":"REQUEST","url":"/api/delete/de208240424b2e161ed4930c9a1efeb1"}
{"level":"info","message":"Outgoing Response","method":"OPTIONS","requestId":"e18c6c38-00f4-4d9c-b5b9-7f23a0a4184a","statusCode":204,"timestamp":"2025-04-17T00:05:47.945Z","type":"RESPONSE","url":"/api/delete/de208240424b2e161ed4930c9a1efeb1"}
{"level":"info","message":"Incoming Request","method":"DELETE","requestId":"e6a0f59d-190e-4036-abfc-5542d318ae05","timestamp":"2025-04-17T00:05:47.947Z","type":"REQUEST","url":"/api/delete/de208240424b2e161ed4930c9a1efeb1"}
{"endpoint":"/api/delete/de208240424b2e161ed4930c9a1efeb1","level":"info","message":"Authentication Request","place":"AuthMiddleware","requestId":"e6a0f59d-190e-4036-abfc-5542d318ae05","timestamp":"2025-04-17T00:05:47.947Z","type":"REQUEST"}
{"level":"info","message":"Authentication Successful","place":"AuthMiddleware","requestId":"e6a0f59d-190e-4036-abfc-5542d318ae05","statusCode":200,"timestamp":"2025-04-17T00:05:47.948Z","type":"RESPONSE","user":{"email":"test@gmail.com","id":"675732c53bd346493e3b9124"}}
{"class":"NotesController","customId":"de208240424b2e161ed4930c9a1efeb1","funtion":"deleteNote","level":"info","message":"Delete Note Request","requestId":"e6a0f59d-190e-4036-abfc-5542d318ae05","timestamp":"2025-04-17T00:05:47.949Z","type":"REQUEST","user":"test@gmail.com"}
{"class":"NoteService","customId":"de208240424b2e161ed4930c9a1efeb1","function":"deleteNote","level":"info","message":"Delete Note Request","requestId":"e6a0f59d-190e-4036-abfc-5542d318ae05","timestamp":"2025-04-17T00:05:47.949Z","type":"REQUEST"}
{"class":"GenericService","function":"updateOne","level":"info","message":"Update Document Request","model":"Note","query":{"customId":"de208240424b2e161ed4930c9a1efeb1"},"requestId":"e6a0f59d-190e-4036-abfc-5542d318ae05","timestamp":"2025-04-17T00:05:47.949Z","type":"REQUEST","update":{"$set":{"isDeleted":true}}}
{"class":"GenericService","function":"updateOne","level":"info","matchedCount":1,"message":"Document Updated Successfully","model":"Note","requestId":"e6a0f59d-190e-4036-abfc-5542d318ae05","timestamp":"2025-04-17T00:05:47.974Z","type":"RESPONSE"}
{"class":"NoteService","customId":"de208240424b2e161ed4930c9a1efeb1","function":"deleteNote","level":"info","message":"Note Deleted Successfully","requestId":"e6a0f59d-190e-4036-abfc-5542d318ae05","statusCode":200,"timestamp":"2025-04-17T00:05:47.974Z","type":"RESPONSE"}
{"class":"NotesController","customId":"de208240424b2e161ed4930c9a1efeb1","funtion":"deleteNote","level":"info","message":"Note Deleted Successfully","requestId":"e6a0f59d-190e-4036-abfc-5542d318ae05","response":"Note has been deleted","statusCode":200,"timestamp":"2025-04-17T00:05:47.974Z","type":"RESPONSE","user":"test@gmail.com"}
{"level":"info","message":"Outgoing Response","method":"DELETE","requestId":"e6a0f59d-190e-4036-abfc-5542d318ae05","statusCode":200,"timestamp":"2025-04-17T00:05:47.975Z","type":"RESPONSE","url":"/api/delete/de208240424b2e161ed4930c9a1efeb1"}
{"level":"info","message":"Incoming Request","method":"OPTIONS","requestId":"bf3eb7fb-c359-4d28-9fc0-a950d9a081b8","timestamp":"2025-04-17T00:07:33.225Z","type":"REQUEST","url":"/api/note/de208240424b2e161ed4930c9a1efeb1"}
{"level":"info","message":"Outgoing Response","method":"OPTIONS","requestId":"bf3eb7fb-c359-4d28-9fc0-a950d9a081b8","statusCode":204,"timestamp":"2025-04-17T00:07:33.225Z","type":"RESPONSE","url":"/api/note/de208240424b2e161ed4930c9a1efeb1"}
{"level":"info","message":"Incoming Request","method":"OPTIONS","requestId":"5cd0bb42-1331-44e8-a714-a23524e033d6","timestamp":"2025-04-17T00:07:33.226Z","type":"REQUEST","url":"/api/note/de208240424b2e161ed4930c9a1efeb1"}
{"level":"info","message":"Outgoing Response","method":"OPTIONS","requestId":"5cd0bb42-1331-44e8-a714-a23524e033d6","statusCode":204,"timestamp":"2025-04-17T00:07:33.226Z","type":"RESPONSE","url":"/api/note/de208240424b2e161ed4930c9a1efeb1"}
{"level":"info","message":"Incoming Request","method":"GET","requestId":"c0a87209-d0f8-40ce-8942-5a44ef3f5a08","timestamp":"2025-04-17T00:07:33.226Z","type":"REQUEST","url":"/api/note/de208240424b2e161ed4930c9a1efeb1"}
{"endpoint":"/api/note/de208240424b2e161ed4930c9a1efeb1","level":"info","message":"Authentication Request","place":"AuthMiddleware","requestId":"c0a87209-d0f8-40ce-8942-5a44ef3f5a08","timestamp":"2025-04-17T00:07:33.226Z","type":"REQUEST"}
{"level":"info","message":"Authentication Successful","place":"AuthMiddleware","requestId":"c0a87209-d0f8-40ce-8942-5a44ef3f5a08","statusCode":200,"timestamp":"2025-04-17T00:07:33.227Z","type":"RESPONSE","user":{"email":"test@gmail.com","id":"675732c53bd346493e3b9124"}}
{"class":"NotesController","customId":"de208240424b2e161ed4930c9a1efeb1","funtion":"getNoteById","level":"info","message":"Get Note By ID Request","requestId":"c0a87209-d0f8-40ce-8942-5a44ef3f5a08","timestamp":"2025-04-17T00:07:33.227Z","type":"REQUEST","user":"test@gmail.com"}
{"class":"NoteService","customId":"de208240424b2e161ed4930c9a1efeb1","function":"getNoteByIdAndStatus","level":"info","message":"Get Note By ID and Status Request","requestId":"c0a87209-d0f8-40ce-8942-5a44ef3f5a08","timestamp":"2025-04-17T00:07:33.227Z","type":"REQUEST"}
{"class":"GenericService","function":"findOne","level":"info","message":"Find Document Request","model":"Note","query":{"customId":"de208240424b2e161ed4930c9a1efeb1"},"requestId":"c0a87209-d0f8-40ce-8942-5a44ef3f5a08","timestamp":"2025-04-17T00:07:33.227Z","type":"REQUEST"}
{"class":"GenericService","documentId":"680045d614401643f8caa91e","function":"findOne","level":"info","message":"Document Found Successfully","model":"Note","requestId":"c0a87209-d0f8-40ce-8942-5a44ef3f5a08","timestamp":"2025-04-17T00:07:33.250Z","type":"RESPONSE"}
{"class":"NoteService","customId":"de208240424b2e161ed4930c9a1efeb1","function":"getNoteByIdAndStatus","level":"warn","message":"Note Deleted or Expired","requestId":"c0a87209-d0f8-40ce-8942-5a44ef3f5a08","statusCode":403,"timestamp":"2025-04-17T00:07:33.251Z","type":"RESPONSE"}
{"class":"NotesController","customId":"de208240424b2e161ed4930c9a1efeb1","errorMessage":"Note is deleted or expired","funtion":"getNoteById","level":"warn","message":"Note Not Found or Deleted","requestId":"c0a87209-d0f8-40ce-8942-5a44ef3f5a08","statusCode":403,"timestamp":"2025-04-17T00:07:33.251Z","type":"RESPONSE","user":"test@gmail.com"}
{"level":"info","message":"Outgoing Response","method":"GET","requestId":"c0a87209-d0f8-40ce-8942-5a44ef3f5a08","statusCode":403,"timestamp":"2025-04-17T00:07:33.251Z","type":"RESPONSE","url":"/api/note/de208240424b2e161ed4930c9a1efeb1"}
{"level":"info","message":"Incoming Request","method":"GET","requestId":"ae2eb95e-da3a-456a-b8c3-15a5664d4351","timestamp":"2025-04-17T00:07:33.252Z","type":"REQUEST","url":"/api/note/de208240424b2e161ed4930c9a1efeb1"}
{"endpoint":"/api/note/de208240424b2e161ed4930c9a1efeb1","level":"info","message":"Authentication Request","place":"AuthMiddleware","requestId":"ae2eb95e-da3a-456a-b8c3-15a5664d4351","timestamp":"2025-04-17T00:07:33.252Z","type":"REQUEST"}
{"level":"info","message":"Authentication Successful","place":"AuthMiddleware","requestId":"ae2eb95e-da3a-456a-b8c3-15a5664d4351","statusCode":200,"timestamp":"2025-04-17T00:07:33.253Z","type":"RESPONSE","user":{"email":"test@gmail.com","id":"675732c53bd346493e3b9124"}}
{"class":"NotesController","customId":"de208240424b2e161ed4930c9a1efeb1","funtion":"getNoteById","level":"info","message":"Get Note By ID Request","requestId":"ae2eb95e-da3a-456a-b8c3-15a5664d4351","timestamp":"2025-04-17T00:07:33.253Z","type":"REQUEST","user":"test@gmail.com"}
{"class":"NoteService","customId":"de208240424b2e161ed4930c9a1efeb1","function":"getNoteByIdAndStatus","level":"info","message":"Get Note By ID and Status Request","requestId":"ae2eb95e-da3a-456a-b8c3-15a5664d4351","timestamp":"2025-04-17T00:07:33.253Z","type":"REQUEST"}
{"class":"GenericService","function":"findOne","level":"info","message":"Find Document Request","model":"Note","query":{"customId":"de208240424b2e161ed4930c9a1efeb1"},"requestId":"ae2eb95e-da3a-456a-b8c3-15a5664d4351","timestamp":"2025-04-17T00:07:33.253Z","type":"REQUEST"}
{"class":"GenericService","documentId":"680045d614401643f8caa91e","function":"findOne","level":"info","message":"Document Found Successfully","model":"Note","requestId":"ae2eb95e-da3a-456a-b8c3-15a5664d4351","timestamp":"2025-04-17T00:07:33.275Z","type":"RESPONSE"}
{"class":"NoteService","customId":"de208240424b2e161ed4930c9a1efeb1","function":"getNoteByIdAndStatus","level":"warn","message":"Note Deleted or Expired","requestId":"ae2eb95e-da3a-456a-b8c3-15a5664d4351","statusCode":403,"timestamp":"2025-04-17T00:07:33.276Z","type":"RESPONSE"}
{"class":"NotesController","customId":"de208240424b2e161ed4930c9a1efeb1","errorMessage":"Note is deleted or expired","funtion":"getNoteById","level":"warn","message":"Note Not Found or Deleted","requestId":"ae2eb95e-da3a-456a-b8c3-15a5664d4351","statusCode":403,"timestamp":"2025-04-17T00:07:33.276Z","type":"RESPONSE","user":"test@gmail.com"}
{"level":"info","message":"Outgoing Response","method":"GET","requestId":"ae2eb95e-da3a-456a-b8c3-15a5664d4351","statusCode":403,"timestamp":"2025-04-17T00:07:33.276Z","type":"RESPONSE","url":"/api/note/de208240424b2e161ed4930c9a1efeb1"}
{"level":"info","message":"Incoming Request","method":"OPTIONS","requestId":"a06da869-0b53-4c00-bd29-630dda683705","timestamp":"2025-04-17T00:07:40.156Z","type":"REQUEST","url":"/api/note/de208240424b2e161ed4930c9a1efeb1"}
{"level":"info","message":"Outgoing Response","method":"OPTIONS","requestId":"a06da869-0b53-4c00-bd29-630dda683705","statusCode":204,"timestamp":"2025-04-17T00:07:40.157Z","type":"RESPONSE","url":"/api/note/de208240424b2e161ed4930c9a1efeb1"}
{"level":"info","message":"Incoming Request","method":"OPTIONS","requestId":"e1d22b43-19f8-4cdb-b338-16e4ef261146","timestamp":"2025-04-17T00:07:40.157Z","type":"REQUEST","url":"/api/note/de208240424b2e161ed4930c9a1efeb1"}
{"level":"info","message":"Outgoing Response","method":"OPTIONS","requestId":"e1d22b43-19f8-4cdb-b338-16e4ef261146","statusCode":204,"timestamp":"2025-04-17T00:07:40.157Z","type":"RESPONSE","url":"/api/note/de208240424b2e161ed4930c9a1efeb1"}
{"level":"info","message":"Incoming Request","method":"GET","requestId":"65be82e5-2461-49a1-b885-8408f66e9a8e","timestamp":"2025-04-17T00:07:40.158Z","type":"REQUEST","url":"/api/note/de208240424b2e161ed4930c9a1efeb1"}
{"endpoint":"/api/note/de208240424b2e161ed4930c9a1efeb1","level":"info","message":"Authentication Request","place":"AuthMiddleware","requestId":"65be82e5-2461-49a1-b885-8408f66e9a8e","timestamp":"2025-04-17T00:07:40.158Z","type":"REQUEST"}
{"level":"info","message":"Authentication Successful","place":"AuthMiddleware","requestId":"65be82e5-2461-49a1-b885-8408f66e9a8e","statusCode":200,"timestamp":"2025-04-17T00:07:40.161Z","type":"RESPONSE","user":{"email":"test@gmail.com","id":"675732c53bd346493e3b9124"}}
{"class":"NotesController","customId":"de208240424b2e161ed4930c9a1efeb1","funtion":"getNoteById","level":"info","message":"Get Note By ID Request","requestId":"65be82e5-2461-49a1-b885-8408f66e9a8e","timestamp":"2025-04-17T00:07:40.161Z","type":"REQUEST","user":"test@gmail.com"}
{"class":"NoteService","customId":"de208240424b2e161ed4930c9a1efeb1","function":"getNoteByIdAndStatus","level":"info","message":"Get Note By ID and Status Request","requestId":"65be82e5-2461-49a1-b885-8408f66e9a8e","timestamp":"2025-04-17T00:07:40.161Z","type":"REQUEST"}
{"class":"GenericService","function":"findOne","level":"info","message":"Find Document Request","model":"Note","query":{"customId":"de208240424b2e161ed4930c9a1efeb1"},"requestId":"65be82e5-2461-49a1-b885-8408f66e9a8e","timestamp":"2025-04-17T00:07:40.162Z","type":"REQUEST"}
{"class":"GenericService","documentId":"680045d614401643f8caa91e","function":"findOne","level":"info","message":"Document Found Successfully","model":"Note","requestId":"65be82e5-2461-49a1-b885-8408f66e9a8e","timestamp":"2025-04-17T00:07:40.186Z","type":"RESPONSE"}
{"class":"NoteService","customId":"de208240424b2e161ed4930c9a1efeb1","function":"getNoteByIdAndStatus","level":"warn","message":"Note Deleted or Expired","requestId":"65be82e5-2461-49a1-b885-8408f66e9a8e","statusCode":403,"timestamp":"2025-04-17T00:07:40.186Z","type":"RESPONSE"}
{"class":"NotesController","customId":"de208240424b2e161ed4930c9a1efeb1","errorMessage":"Note is deleted or expired","funtion":"getNoteById","level":"warn","message":"Note Not Found or Deleted","requestId":"65be82e5-2461-49a1-b885-8408f66e9a8e","statusCode":403,"timestamp":"2025-04-17T00:07:40.186Z","type":"RESPONSE","user":"test@gmail.com"}
{"level":"info","message":"Outgoing Response","method":"GET","requestId":"65be82e5-2461-49a1-b885-8408f66e9a8e","statusCode":403,"timestamp":"2025-04-17T00:07:40.187Z","type":"RESPONSE","url":"/api/note/de208240424b2e161ed4930c9a1efeb1"}
{"level":"info","message":"Incoming Request","method":"GET","requestId":"6708e2c1-fed8-415b-993a-843b289f09a6","timestamp":"2025-04-17T00:07:40.188Z","type":"REQUEST","url":"/api/note/de208240424b2e161ed4930c9a1efeb1"}
{"endpoint":"/api/note/de208240424b2e161ed4930c9a1efeb1","level":"info","message":"Authentication Request","place":"AuthMiddleware","requestId":"6708e2c1-fed8-415b-993a-843b289f09a6","timestamp":"2025-04-17T00:07:40.189Z","type":"REQUEST"}
{"level":"info","message":"Authentication Successful","place":"AuthMiddleware","requestId":"6708e2c1-fed8-415b-993a-843b289f09a6","statusCode":200,"timestamp":"2025-04-17T00:07:40.190Z","type":"RESPONSE","user":{"email":"test@gmail.com","id":"675732c53bd346493e3b9124"}}
{"class":"NotesController","customId":"de208240424b2e161ed4930c9a1efeb1","funtion":"getNoteById","level":"info","message":"Get Note By ID Request","requestId":"6708e2c1-fed8-415b-993a-843b289f09a6","timestamp":"2025-04-17T00:07:40.190Z","type":"REQUEST","user":"test@gmail.com"}
{"class":"NoteService","customId":"de208240424b2e161ed4930c9a1efeb1","function":"getNoteByIdAndStatus","level":"info","message":"Get Note By ID and Status Request","requestId":"6708e2c1-fed8-415b-993a-843b289f09a6","timestamp":"2025-04-17T00:07:40.190Z","type":"REQUEST"}
{"class":"GenericService","function":"findOne","level":"info","message":"Find Document Request","model":"Note","query":{"customId":"de208240424b2e161ed4930c9a1efeb1"},"requestId":"6708e2c1-fed8-415b-993a-843b289f09a6","timestamp":"2025-04-17T00:07:40.191Z","type":"REQUEST"}
{"class":"GenericService","documentId":"680045d614401643f8caa91e","function":"findOne","level":"info","message":"Document Found Successfully","model":"Note","requestId":"6708e2c1-fed8-415b-993a-843b289f09a6","timestamp":"2025-04-17T00:07:40.217Z","type":"RESPONSE"}
{"class":"NoteService","customId":"de208240424b2e161ed4930c9a1efeb1","function":"getNoteByIdAndStatus","level":"warn","message":"Note Deleted or Expired","requestId":"6708e2c1-fed8-415b-993a-843b289f09a6","statusCode":403,"timestamp":"2025-04-17T00:07:40.217Z","type":"RESPONSE"}
{"class":"NotesController","customId":"de208240424b2e161ed4930c9a1efeb1","errorMessage":"Note is deleted or expired","funtion":"getNoteById","level":"warn","message":"Note Not Found or Deleted","requestId":"6708e2c1-fed8-415b-993a-843b289f09a6","statusCode":403,"timestamp":"2025-04-17T00:07:40.217Z","type":"RESPONSE","user":"test@gmail.com"}
{"level":"info","message":"Outgoing Response","method":"GET","requestId":"6708e2c1-fed8-415b-993a-843b289f09a6","statusCode":403,"timestamp":"2025-04-17T00:07:40.218Z","type":"RESPONSE","url":"/api/note/de208240424b2e161ed4930c9a1efeb1"}
{"level":"info","message":"Incoming Request","method":"OPTIONS","requestId":"f4171634-eb5d-41ad-a0c9-b297e3902b6c","timestamp":"2025-04-17T00:07:52.509Z","type":"REQUEST","url":"/api/note"}
{"level":"info","message":"Outgoing Response","method":"OPTIONS","requestId":"f4171634-eb5d-41ad-a0c9-b297e3902b6c","statusCode":204,"timestamp":"2025-04-17T00:07:52.509Z","type":"RESPONSE","url":"/api/note"}
{"level":"info","message":"Incoming Request","method":"POST","requestId":"76479a38-8c3e-4aa4-98a6-ed5aee832abe","timestamp":"2025-04-17T00:07:52.511Z","type":"REQUEST","url":"/api/note"}
{"endpoint":"/api/note","level":"info","message":"Authentication Request","place":"AuthMiddleware","requestId":"76479a38-8c3e-4aa4-98a6-ed5aee832abe","timestamp":"2025-04-17T00:07:52.512Z","type":"REQUEST"}
{"level":"info","message":"Authentication Successful","place":"AuthMiddleware","requestId":"76479a38-8c3e-4aa4-98a6-ed5aee832abe","statusCode":200,"timestamp":"2025-04-17T00:07:52.512Z","type":"RESPONSE","user":{"email":"test@gmail.com","id":"675732c53bd346493e3b9124"}}
{"class":"NotesController","funtion":"createNote","level":"info","message":"Create Note Request","payload":{"confirmBeforeDestruction":false,"email":"","noteText":"adfa","password":"","referenceName":"","selfDestructTime":"After reading it"},"requestId":"76479a38-8c3e-4aa4-98a6-ed5aee832abe","timestamp":"2025-04-17T00:07:52.513Z","type":"REQUEST","user":"test@gmail.com"}
{"class":"NoteService","function":"createNote","level":"info","message":"Create Note Request","payload":{"confirmBeforeDestruction":false,"email":"","noteText":"adfa","password":"","referenceName":"","selfDestructTime":"After reading it"},"requestId":"MISSING","timestamp":"2025-04-17T00:07:52.513Z","type":"REQUEST"}
{"class":"NoteService","function":"createNote","level":"info","message":"Note Created Successfully","noteId":"76a860545ba0a3a32daaedc39c8432a0","requestId":"MISSING","statusCode":201,"timestamp":"2025-04-17T00:07:52.548Z","type":"RESPONSE"}
{"class":"NotesController","funtion":"createNote","level":"info","message":"Note Created Successfully","requestId":"76479a38-8c3e-4aa4-98a6-ed5aee832abe","response":{"message":"Note created","noteId":"76a860545ba0a3a32daaedc39c8432a0"},"statusCode":200,"timestamp":"2025-04-17T00:07:52.548Z","type":"RESPONSE","user":"test@gmail.com"}
{"level":"info","message":"Outgoing Response","method":"POST","requestId":"76479a38-8c3e-4aa4-98a6-ed5aee832abe","statusCode":200,"timestamp":"2025-04-17T00:07:52.548Z","type":"RESPONSE","url":"/api/note"}
{"level":"info","message":"Incoming Request","method":"OPTIONS","requestId":"88b3551d-68d6-4c53-b1df-911c3b0e5436","timestamp":"2025-04-17T00:07:57.135Z","type":"REQUEST","url":"/api/note/76a860545ba0a3a32daaedc39c8432a0"}
{"level":"info","message":"Outgoing Response","method":"OPTIONS","requestId":"88b3551d-68d6-4c53-b1df-911c3b0e5436","statusCode":204,"timestamp":"2025-04-17T00:07:57.135Z","type":"RESPONSE","url":"/api/note/76a860545ba0a3a32daaedc39c8432a0"}
{"level":"info","message":"Incoming Request","method":"OPTIONS","requestId":"6262f78c-7111-490a-ae3e-609588a9c6a0","timestamp":"2025-04-17T00:07:57.136Z","type":"REQUEST","url":"/api/note/76a860545ba0a3a32daaedc39c8432a0"}
{"level":"info","message":"Outgoing Response","method":"OPTIONS","requestId":"6262f78c-7111-490a-ae3e-609588a9c6a0","statusCode":204,"timestamp":"2025-04-17T00:07:57.136Z","type":"RESPONSE","url":"/api/note/76a860545ba0a3a32daaedc39c8432a0"}
{"level":"info","message":"Incoming Request","method":"GET","requestId":"ea5bb480-642e-4bca-ad59-dc1d6da255f5","timestamp":"2025-04-17T00:07:57.138Z","type":"REQUEST","url":"/api/note/76a860545ba0a3a32daaedc39c8432a0"}
{"endpoint":"/api/note/76a860545ba0a3a32daaedc39c8432a0","level":"info","message":"Authentication Request","place":"AuthMiddleware","requestId":"ea5bb480-642e-4bca-ad59-dc1d6da255f5","timestamp":"2025-04-17T00:07:57.138Z","type":"REQUEST"}
{"level":"info","message":"Authentication Successful","place":"AuthMiddleware","requestId":"ea5bb480-642e-4bca-ad59-dc1d6da255f5","statusCode":200,"timestamp":"2025-04-17T00:07:57.138Z","type":"RESPONSE","user":{"email":"test@gmail.com","id":"675732c53bd346493e3b9124"}}
{"class":"NotesController","customId":"76a860545ba0a3a32daaedc39c8432a0","funtion":"getNoteById","level":"info","message":"Get Note By ID Request","requestId":"ea5bb480-642e-4bca-ad59-dc1d6da255f5","timestamp":"2025-04-17T00:07:57.139Z","type":"REQUEST","user":"test@gmail.com"}
{"class":"NoteService","customId":"76a860545ba0a3a32daaedc39c8432a0","function":"getNoteByIdAndStatus","level":"info","message":"Get Note By ID and Status Request","requestId":"ea5bb480-642e-4bca-ad59-dc1d6da255f5","timestamp":"2025-04-17T00:07:57.139Z","type":"REQUEST"}
{"class":"GenericService","function":"findOne","level":"info","message":"Find Document Request","model":"Note","query":{"customId":"76a860545ba0a3a32daaedc39c8432a0"},"requestId":"ea5bb480-642e-4bca-ad59-dc1d6da255f5","timestamp":"2025-04-17T00:07:57.139Z","type":"REQUEST"}
{"class":"GenericService","documentId":"6800465814401643f8caa927","function":"findOne","level":"info","message":"Document Found Successfully","model":"Note","requestId":"ea5bb480-642e-4bca-ad59-dc1d6da255f5","timestamp":"2025-04-17T00:07:57.165Z","type":"RESPONSE"}
{"class":"NoteService","customId":"76a860545ba0a3a32daaedc39c8432a0","function":"getNoteByIdAndStatus","level":"info","message":"Note Retrieved Successfully","note":{"text":"adfa"},"requestId":"ea5bb480-642e-4bca-ad59-dc1d6da255f5","statusCode":200,"timestamp":"2025-04-17T00:07:57.166Z","type":"RESPONSE"}
{"class":"NotesController","customId":"76a860545ba0a3a32daaedc39c8432a0","funtion":"getNoteById","level":"info","message":"Note Retrieved Successfully","note":{"confirmBeforeDestruction":false,"text":"adfa"},"requestId":"ea5bb480-642e-4bca-ad59-dc1d6da255f5","statusCode":200,"timestamp":"2025-04-17T00:07:57.166Z","type":"RESPONSE","user":"test@gmail.com"}
{"level":"info","message":"Outgoing Response","method":"GET","requestId":"ea5bb480-642e-4bca-ad59-dc1d6da255f5","statusCode":200,"timestamp":"2025-04-17T00:07:57.166Z","type":"RESPONSE","url":"/api/note/76a860545ba0a3a32daaedc39c8432a0"}
{"level":"info","message":"Incoming Request","method":"GET","requestId":"242f3894-eca8-4d01-8549-61313f90c03d","timestamp":"2025-04-17T00:07:57.167Z","type":"REQUEST","url":"/api/note/76a860545ba0a3a32daaedc39c8432a0"}
{"endpoint":"/api/note/76a860545ba0a3a32daaedc39c8432a0","level":"info","message":"Authentication Request","place":"AuthMiddleware","requestId":"242f3894-eca8-4d01-8549-61313f90c03d","timestamp":"2025-04-17T00:07:57.167Z","type":"REQUEST"}
{"level":"info","message":"Authentication Successful","place":"AuthMiddleware","requestId":"242f3894-eca8-4d01-8549-61313f90c03d","statusCode":200,"timestamp":"2025-04-17T00:07:57.168Z","type":"RESPONSE","user":{"email":"test@gmail.com","id":"675732c53bd346493e3b9124"}}
{"class":"NotesController","customId":"76a860545ba0a3a32daaedc39c8432a0","funtion":"getNoteById","level":"info","message":"Get Note By ID Request","requestId":"242f3894-eca8-4d01-8549-61313f90c03d","timestamp":"2025-04-17T00:07:57.168Z","type":"REQUEST","user":"test@gmail.com"}
{"class":"NoteService","customId":"76a860545ba0a3a32daaedc39c8432a0","function":"getNoteByIdAndStatus","level":"info","message":"Get Note By ID and Status Request","requestId":"242f3894-eca8-4d01-8549-61313f90c03d","timestamp":"2025-04-17T00:07:57.168Z","type":"REQUEST"}
{"class":"GenericService","function":"findOne","level":"info","message":"Find Document Request","model":"Note","query":{"customId":"76a860545ba0a3a32daaedc39c8432a0"},"requestId":"242f3894-eca8-4d01-8549-61313f90c03d","timestamp":"2025-04-17T00:07:57.169Z","type":"REQUEST"}
{"class":"GenericService","documentId":"6800465814401643f8caa927","function":"findOne","level":"info","message":"Document Found Successfully","model":"Note","requestId":"242f3894-eca8-4d01-8549-61313f90c03d","timestamp":"2025-04-17T00:07:57.190Z","type":"RESPONSE"}
{"class":"NoteService","customId":"76a860545ba0a3a32daaedc39c8432a0","function":"getNoteByIdAndStatus","level":"info","message":"Note Retrieved Successfully","note":{"text":"adfa"},"requestId":"242f3894-eca8-4d01-8549-61313f90c03d","statusCode":200,"timestamp":"2025-04-17T00:07:57.191Z","type":"RESPONSE"}
{"class":"NotesController","customId":"76a860545ba0a3a32daaedc39c8432a0","funtion":"getNoteById","level":"info","message":"Note Retrieved Successfully","note":{"confirmBeforeDestruction":false,"text":"adfa"},"requestId":"242f3894-eca8-4d01-8549-61313f90c03d","statusCode":200,"timestamp":"2025-04-17T00:07:57.192Z","type":"RESPONSE","user":"test@gmail.com"}
{"level":"info","message":"Outgoing Response","method":"GET","requestId":"242f3894-eca8-4d01-8549-61313f90c03d","statusCode":304,"timestamp":"2025-04-17T00:07:57.192Z","type":"RESPONSE","url":"/api/note/76a860545ba0a3a32daaedc39c8432a0"}
{"level":"info","message":"Incoming Request","method":"OPTIONS","requestId":"635fe533-4533-4639-abc7-a1af90d65056","timestamp":"2025-04-17T00:07:58.560Z","type":"REQUEST","url":"/api/delete/76a860545ba0a3a32daaedc39c8432a0"}
{"level":"info","message":"Outgoing Response","method":"OPTIONS","requestId":"635fe533-4533-4639-abc7-a1af90d65056","statusCode":204,"timestamp":"2025-04-17T00:07:58.561Z","type":"RESPONSE","url":"/api/delete/76a860545ba0a3a32daaedc39c8432a0"}
{"level":"info","message":"Incoming Request","method":"DELETE","requestId":"949afcab-c81f-4b7d-9871-9da12f5df1d7","timestamp":"2025-04-17T00:07:58.561Z","type":"REQUEST","url":"/api/delete/76a860545ba0a3a32daaedc39c8432a0"}
{"endpoint":"/api/delete/76a860545ba0a3a32daaedc39c8432a0","level":"info","message":"Authentication Request","place":"AuthMiddleware","requestId":"949afcab-c81f-4b7d-9871-9da12f5df1d7","timestamp":"2025-04-17T00:07:58.562Z","type":"REQUEST"}
{"level":"info","message":"Authentication Successful","place":"AuthMiddleware","requestId":"949afcab-c81f-4b7d-9871-9da12f5df1d7","statusCode":200,"timestamp":"2025-04-17T00:07:58.562Z","type":"RESPONSE","user":{"email":"test@gmail.com","id":"675732c53bd346493e3b9124"}}
{"class":"NotesController","customId":"76a860545ba0a3a32daaedc39c8432a0","funtion":"deleteNote","level":"info","message":"Delete Note Request","requestId":"949afcab-c81f-4b7d-9871-9da12f5df1d7","timestamp":"2025-04-17T00:07:58.562Z","type":"REQUEST","user":"test@gmail.com"}
{"class":"NoteService","customId":"76a860545ba0a3a32daaedc39c8432a0","function":"deleteNote","level":"info","message":"Delete Note Request","requestId":"949afcab-c81f-4b7d-9871-9da12f5df1d7","timestamp":"2025-04-17T00:07:58.562Z","type":"REQUEST"}
{"class":"GenericService","function":"updateOne","level":"info","message":"Update Document Request","model":"Note","query":{"customId":"76a860545ba0a3a32daaedc39c8432a0"},"requestId":"949afcab-c81f-4b7d-9871-9da12f5df1d7","timestamp":"2025-04-17T00:07:58.563Z","type":"REQUEST","update":{"$set":{"isDeleted":true}}}
{"class":"GenericService","function":"updateOne","level":"info","matchedCount":1,"message":"Document Updated Successfully","model":"Note","requestId":"949afcab-c81f-4b7d-9871-9da12f5df1d7","timestamp":"2025-04-17T00:07:58.587Z","type":"RESPONSE"}
{"class":"NoteService","customId":"76a860545ba0a3a32daaedc39c8432a0","function":"deleteNote","level":"info","message":"Note Deleted Successfully","requestId":"949afcab-c81f-4b7d-9871-9da12f5df1d7","statusCode":200,"timestamp":"2025-04-17T00:07:58.587Z","type":"RESPONSE"}
{"class":"NotesController","customId":"76a860545ba0a3a32daaedc39c8432a0","funtion":"deleteNote","level":"info","message":"Note Deleted Successfully","requestId":"949afcab-c81f-4b7d-9871-9da12f5df1d7","response":"Note has been deleted","statusCode":200,"timestamp":"2025-04-17T00:07:58.587Z","type":"RESPONSE","user":"test@gmail.com"}
{"level":"info","message":"Outgoing Response","method":"DELETE","requestId":"949afcab-c81f-4b7d-9871-9da12f5df1d7","statusCode":200,"timestamp":"2025-04-17T00:07:58.588Z","type":"RESPONSE","url":"/api/delete/76a860545ba0a3a32daaedc39c8432a0"}
{"level":"info","message":"Incoming Request","method":"OPTIONS","requestId":"ef640bfe-5112-48c0-be54-561469e327f3","timestamp":"2025-04-17T00:08:15.652Z","type":"REQUEST","url":"/api/note/76a860545ba0a3a32daaedc39c8432a0"}
{"level":"info","message":"Outgoing Response","method":"OPTIONS","requestId":"ef640bfe-5112-48c0-be54-561469e327f3","statusCode":204,"timestamp":"2025-04-17T00:08:15.652Z","type":"RESPONSE","url":"/api/note/76a860545ba0a3a32daaedc39c8432a0"}
{"level":"info","message":"Incoming Request","method":"GET","requestId":"9cb9b49a-c267-46dd-9b14-9ca0aecc7506","timestamp":"2025-04-17T00:08:15.653Z","type":"REQUEST","url":"/api/note/76a860545ba0a3a32daaedc39c8432a0"}
{"endpoint":"/api/note/76a860545ba0a3a32daaedc39c8432a0","level":"info","message":"Authentication Request","place":"AuthMiddleware","requestId":"9cb9b49a-c267-46dd-9b14-9ca0aecc7506","timestamp":"2025-04-17T00:08:15.654Z","type":"REQUEST"}
{"level":"info","message":"Authentication Successful","place":"AuthMiddleware","requestId":"9cb9b49a-c267-46dd-9b14-9ca0aecc7506","statusCode":200,"timestamp":"2025-04-17T00:08:15.654Z","type":"RESPONSE","user":{"email":"test@gmail.com","id":"675732c53bd346493e3b9124"}}
{"class":"NotesController","customId":"76a860545ba0a3a32daaedc39c8432a0","funtion":"getNoteById","level":"info","message":"Get Note By ID Request","requestId":"9cb9b49a-c267-46dd-9b14-9ca0aecc7506","timestamp":"2025-04-17T00:08:15.654Z","type":"REQUEST","user":"test@gmail.com"}
{"class":"NoteService","customId":"76a860545ba0a3a32daaedc39c8432a0","function":"getNoteByIdAndStatus","level":"info","message":"Get Note By ID and Status Request","requestId":"9cb9b49a-c267-46dd-9b14-9ca0aecc7506","timestamp":"2025-04-17T00:08:15.654Z","type":"REQUEST"}
{"class":"GenericService","function":"findOne","level":"info","message":"Find Document Request","model":"Note","query":{"customId":"76a860545ba0a3a32daaedc39c8432a0"},"requestId":"9cb9b49a-c267-46dd-9b14-9ca0aecc7506","timestamp":"2025-04-17T00:08:15.655Z","type":"REQUEST"}
{"class":"GenericService","documentId":"6800465814401643f8caa927","function":"findOne","level":"info","message":"Document Found Successfully","model":"Note","requestId":"9cb9b49a-c267-46dd-9b14-9ca0aecc7506","timestamp":"2025-04-17T00:08:15.681Z","type":"RESPONSE"}
{"class":"NoteService","customId":"76a860545ba0a3a32daaedc39c8432a0","function":"getNoteByIdAndStatus","level":"warn","message":"Note Deleted or Expired","requestId":"9cb9b49a-c267-46dd-9b14-9ca0aecc7506","statusCode":403,"timestamp":"2025-04-17T00:08:15.681Z","type":"RESPONSE"}
{"class":"NotesController","customId":"76a860545ba0a3a32daaedc39c8432a0","errorMessage":"Note is deleted or expired","funtion":"getNoteById","level":"warn","message":"Note Not Found or Deleted","requestId":"9cb9b49a-c267-46dd-9b14-9ca0aecc7506","statusCode":403,"timestamp":"2025-04-17T00:08:15.682Z","type":"RESPONSE","user":"test@gmail.com"}
{"level":"info","message":"Outgoing Response","method":"GET","requestId":"9cb9b49a-c267-46dd-9b14-9ca0aecc7506","statusCode":403,"timestamp":"2025-04-17T00:08:15.683Z","type":"RESPONSE","url":"/api/note/76a860545ba0a3a32daaedc39c8432a0"}
{"level":"info","message":"Incoming Request","method":"OPTIONS","requestId":"14b82285-5929-414e-9228-d60ef65fd28b","timestamp":"2025-04-17T00:08:55.440Z","type":"REQUEST","url":"/api/note"}
{"level":"info","message":"Outgoing Response","method":"OPTIONS","requestId":"14b82285-5929-414e-9228-d60ef65fd28b","statusCode":204,"timestamp":"2025-04-17T00:08:55.440Z","type":"RESPONSE","url":"/api/note"}
{"level":"info","message":"Incoming Request","method":"POST","requestId":"d073252a-73aa-436c-961a-be70c8ac679a","timestamp":"2025-04-17T00:08:55.442Z","type":"REQUEST","url":"/api/note"}
{"endpoint":"/api/note","level":"info","message":"Authentication Request","place":"AuthMiddleware","requestId":"d073252a-73aa-436c-961a-be70c8ac679a","timestamp":"2025-04-17T00:08:55.442Z","type":"REQUEST"}
{"level":"info","message":"Authentication Successful","place":"AuthMiddleware","requestId":"d073252a-73aa-436c-961a-be70c8ac679a","statusCode":200,"timestamp":"2025-04-17T00:08:55.444Z","type":"RESPONSE","user":{"email":"test@gmail.com","id":"675732c53bd346493e3b9124"}}
{"class":"NotesController","funtion":"createNote","level":"info","message":"Create Note Request","payload":{"confirmBeforeDestruction":false,"email":"","noteText":"adsf","password":"","referenceName":"","selfDestructTime":"After reading it"},"requestId":"d073252a-73aa-436c-961a-be70c8ac679a","timestamp":"2025-04-17T00:08:55.444Z","type":"REQUEST","user":"test@gmail.com"}
{"class":"NoteService","function":"createNote","level":"info","message":"Create Note Request","payload":{"confirmBeforeDestruction":false,"email":"","noteText":"adsf","password":"","referenceName":"","selfDestructTime":"After reading it"},"requestId":"MISSING","timestamp":"2025-04-17T00:08:55.444Z","type":"REQUEST"}
{"class":"NoteService","function":"createNote","level":"info","message":"Note Created Successfully","noteId":"8116b59d5cf679d2cabe78e1e7d1102f","requestId":"MISSING","statusCode":201,"timestamp":"2025-04-17T00:08:55.472Z","type":"RESPONSE"}
{"class":"NotesController","funtion":"createNote","level":"info","message":"Note Created Successfully","requestId":"d073252a-73aa-436c-961a-be70c8ac679a","response":{"message":"Note created","noteId":"8116b59d5cf679d2cabe78e1e7d1102f"},"statusCode":200,"timestamp":"2025-04-17T00:08:55.473Z","type":"RESPONSE","user":"test@gmail.com"}
{"level":"info","message":"Outgoing Response","method":"POST","requestId":"d073252a-73aa-436c-961a-be70c8ac679a","statusCode":200,"timestamp":"2025-04-17T00:08:55.473Z","type":"RESPONSE","url":"/api/note"}
{"level":"info","message":"Incoming Request","method":"OPTIONS","requestId":"79648b28-be78-4c73-bf39-21f645a0cbde","timestamp":"2025-04-17T00:08:58.768Z","type":"REQUEST","url":"/api/note/8116b59d5cf679d2cabe78e1e7d1102f"}
{"level":"info","message":"Outgoing Response","method":"OPTIONS","requestId":"79648b28-be78-4c73-bf39-21f645a0cbde","statusCode":204,"timestamp":"2025-04-17T00:08:58.769Z","type":"RESPONSE","url":"/api/note/8116b59d5cf679d2cabe78e1e7d1102f"}
{"level":"info","message":"Incoming Request","method":"OPTIONS","requestId":"69b9e5c1-59a6-43d5-ab67-d2cfdef621d3","timestamp":"2025-04-17T00:08:58.771Z","type":"REQUEST","url":"/api/note/8116b59d5cf679d2cabe78e1e7d1102f"}
{"level":"info","message":"Outgoing Response","method":"OPTIONS","requestId":"69b9e5c1-59a6-43d5-ab67-d2cfdef621d3","statusCode":204,"timestamp":"2025-04-17T00:08:58.772Z","type":"RESPONSE","url":"/api/note/8116b59d5cf679d2cabe78e1e7d1102f"}
{"level":"info","message":"Incoming Request","method":"GET","requestId":"5bca9023-7d76-4281-b8bb-c220ddd14318","timestamp":"2025-04-17T00:08:58.772Z","type":"REQUEST","url":"/api/note/8116b59d5cf679d2cabe78e1e7d1102f"}
{"endpoint":"/api/note/8116b59d5cf679d2cabe78e1e7d1102f","level":"info","message":"Authentication Request","place":"AuthMiddleware","requestId":"5bca9023-7d76-4281-b8bb-c220ddd14318","timestamp":"2025-04-17T00:08:58.773Z","type":"REQUEST"}
{"level":"info","message":"Authentication Successful","place":"AuthMiddleware","requestId":"5bca9023-7d76-4281-b8bb-c220ddd14318","statusCode":200,"timestamp":"2025-04-17T00:08:58.774Z","type":"RESPONSE","user":{"email":"test@gmail.com","id":"675732c53bd346493e3b9124"}}
{"class":"NotesController","customId":"8116b59d5cf679d2cabe78e1e7d1102f","funtion":"getNoteById","level":"info","message":"Get Note By ID Request","requestId":"5bca9023-7d76-4281-b8bb-c220ddd14318","timestamp":"2025-04-17T00:08:58.774Z","type":"REQUEST","user":"test@gmail.com"}
{"class":"NoteService","customId":"8116b59d5cf679d2cabe78e1e7d1102f","function":"getNoteByIdAndStatus","level":"info","message":"Get Note By ID and Status Request","requestId":"5bca9023-7d76-4281-b8bb-c220ddd14318","timestamp":"2025-04-17T00:08:58.775Z","type":"REQUEST"}
{"class":"GenericService","function":"findOne","level":"info","message":"Find Document Request","model":"Note","query":{"customId":"8116b59d5cf679d2cabe78e1e7d1102f"},"requestId":"5bca9023-7d76-4281-b8bb-c220ddd14318","timestamp":"2025-04-17T00:08:58.775Z","type":"REQUEST"}
{"class":"GenericService","documentId":"6800469714401643f8caa92d","function":"findOne","level":"info","message":"Document Found Successfully","model":"Note","requestId":"5bca9023-7d76-4281-b8bb-c220ddd14318","timestamp":"2025-04-17T00:08:58.802Z","type":"RESPONSE"}
{"class":"NoteService","customId":"8116b59d5cf679d2cabe78e1e7d1102f","function":"getNoteByIdAndStatus","level":"info","message":"Note Retrieved Successfully","note":{"text":"adsf"},"requestId":"5bca9023-7d76-4281-b8bb-c220ddd14318","statusCode":200,"timestamp":"2025-04-17T00:08:58.803Z","type":"RESPONSE"}
{"class":"NotesController","customId":"8116b59d5cf679d2cabe78e1e7d1102f","funtion":"getNoteById","level":"info","message":"Note Retrieved Successfully","note":{"confirmBeforeDestruction":false,"text":"adsf"},"requestId":"5bca9023-7d76-4281-b8bb-c220ddd14318","statusCode":200,"timestamp":"2025-04-17T00:08:58.803Z","type":"RESPONSE","user":"test@gmail.com"}
{"level":"info","message":"Outgoing Response","method":"GET","requestId":"5bca9023-7d76-4281-b8bb-c220ddd14318","statusCode":200,"timestamp":"2025-04-17T00:08:58.804Z","type":"RESPONSE","url":"/api/note/8116b59d5cf679d2cabe78e1e7d1102f"}
{"level":"info","message":"Incoming Request","method":"GET","requestId":"ce59fc33-c7a5-44cf-97fc-49d70a0fc75c","timestamp":"2025-04-17T00:08:58.804Z","type":"REQUEST","url":"/api/note/8116b59d5cf679d2cabe78e1e7d1102f"}
{"endpoint":"/api/note/8116b59d5cf679d2cabe78e1e7d1102f","level":"info","message":"Authentication Request","place":"AuthMiddleware","requestId":"ce59fc33-c7a5-44cf-97fc-49d70a0fc75c","timestamp":"2025-04-17T00:08:58.805Z","type":"REQUEST"}
{"level":"info","message":"Authentication Successful","place":"AuthMiddleware","requestId":"ce59fc33-c7a5-44cf-97fc-49d70a0fc75c","statusCode":200,"timestamp":"2025-04-17T00:08:58.806Z","type":"RESPONSE","user":{"email":"test@gmail.com","id":"675732c53bd346493e3b9124"}}
{"class":"NotesController","customId":"8116b59d5cf679d2cabe78e1e7d1102f","funtion":"getNoteById","level":"info","message":"Get Note By ID Request","requestId":"ce59fc33-c7a5-44cf-97fc-49d70a0fc75c","timestamp":"2025-04-17T00:08:58.806Z","type":"REQUEST","user":"test@gmail.com"}
{"class":"NoteService","customId":"8116b59d5cf679d2cabe78e1e7d1102f","function":"getNoteByIdAndStatus","level":"info","message":"Get Note By ID and Status Request","requestId":"ce59fc33-c7a5-44cf-97fc-49d70a0fc75c","timestamp":"2025-04-17T00:08:58.806Z","type":"REQUEST"}
{"class":"GenericService","function":"findOne","level":"info","message":"Find Document Request","model":"Note","query":{"customId":"8116b59d5cf679d2cabe78e1e7d1102f"},"requestId":"ce59fc33-c7a5-44cf-97fc-49d70a0fc75c","timestamp":"2025-04-17T00:08:58.806Z","type":"REQUEST"}
{"class":"GenericService","documentId":"6800469714401643f8caa92d","function":"findOne","level":"info","message":"Document Found Successfully","model":"Note","requestId":"ce59fc33-c7a5-44cf-97fc-49d70a0fc75c","timestamp":"2025-04-17T00:08:58.827Z","type":"RESPONSE"}
{"class":"NoteService","customId":"8116b59d5cf679d2cabe78e1e7d1102f","function":"getNoteByIdAndStatus","level":"info","message":"Note Retrieved Successfully","note":{"text":"adsf"},"requestId":"ce59fc33-c7a5-44cf-97fc-49d70a0fc75c","statusCode":200,"timestamp":"2025-04-17T00:08:58.828Z","type":"RESPONSE"}
{"class":"NotesController","customId":"8116b59d5cf679d2cabe78e1e7d1102f","funtion":"getNoteById","level":"info","message":"Note Retrieved Successfully","note":{"confirmBeforeDestruction":false,"text":"adsf"},"requestId":"ce59fc33-c7a5-44cf-97fc-49d70a0fc75c","statusCode":200,"timestamp":"2025-04-17T00:08:58.828Z","type":"RESPONSE","user":"test@gmail.com"}
{"level":"info","message":"Outgoing Response","method":"GET","requestId":"ce59fc33-c7a5-44cf-97fc-49d70a0fc75c","statusCode":304,"timestamp":"2025-04-17T00:08:58.829Z","type":"RESPONSE","url":"/api/note/8116b59d5cf679d2cabe78e1e7d1102f"}
{"level":"info","message":"Incoming Request","method":"OPTIONS","requestId":"813a1465-90aa-42a4-b01d-6df891c643c9","timestamp":"2025-04-17T00:08:59.996Z","type":"REQUEST","url":"/api/delete/8116b59d5cf679d2cabe78e1e7d1102f"}
{"level":"info","message":"Outgoing Response","method":"OPTIONS","requestId":"813a1465-90aa-42a4-b01d-6df891c643c9","statusCode":204,"timestamp":"2025-04-17T00:08:59.997Z","type":"RESPONSE","url":"/api/delete/8116b59d5cf679d2cabe78e1e7d1102f"}
{"level":"info","message":"Incoming Request","method":"DELETE","requestId":"5d80a537-fb68-4243-99a6-645ff5bb1c22","timestamp":"2025-04-17T00:08:59.998Z","type":"REQUEST","url":"/api/delete/8116b59d5cf679d2cabe78e1e7d1102f"}
{"endpoint":"/api/delete/8116b59d5cf679d2cabe78e1e7d1102f","level":"info","message":"Authentication Request","place":"AuthMiddleware","requestId":"5d80a537-fb68-4243-99a6-645ff5bb1c22","timestamp":"2025-04-17T00:08:59.998Z","type":"REQUEST"}
{"level":"info","message":"Authentication Successful","place":"AuthMiddleware","requestId":"5d80a537-fb68-4243-99a6-645ff5bb1c22","statusCode":200,"timestamp":"2025-04-17T00:08:59.999Z","type":"RESPONSE","user":{"email":"test@gmail.com","id":"675732c53bd346493e3b9124"}}
{"class":"NotesController","customId":"8116b59d5cf679d2cabe78e1e7d1102f","funtion":"deleteNote","level":"info","message":"Delete Note Request","requestId":"5d80a537-fb68-4243-99a6-645ff5bb1c22","timestamp":"2025-04-17T00:08:59.999Z","type":"REQUEST","user":"test@gmail.com"}
{"class":"NoteService","customId":"8116b59d5cf679d2cabe78e1e7d1102f","function":"deleteNote","level":"info","message":"Delete Note Request","requestId":"5d80a537-fb68-4243-99a6-645ff5bb1c22","timestamp":"2025-04-17T00:08:59.999Z","type":"REQUEST"}
{"class":"GenericService","function":"updateOne","level":"info","message":"Update Document Request","model":"Note","query":{"customId":"8116b59d5cf679d2cabe78e1e7d1102f"},"requestId":"5d80a537-fb68-4243-99a6-645ff5bb1c22","timestamp":"2025-04-17T00:08:59.999Z","type":"REQUEST","update":{"$set":{"isDeleted":true}}}
{"class":"GenericService","function":"updateOne","level":"info","matchedCount":1,"message":"Document Updated Successfully","model":"Note","requestId":"5d80a537-fb68-4243-99a6-645ff5bb1c22","timestamp":"2025-04-17T00:09:00.026Z","type":"RESPONSE"}
{"class":"NoteService","customId":"8116b59d5cf679d2cabe78e1e7d1102f","function":"deleteNote","level":"info","message":"Note Deleted Successfully","requestId":"5d80a537-fb68-4243-99a6-645ff5bb1c22","statusCode":200,"timestamp":"2025-04-17T00:09:00.027Z","type":"RESPONSE"}
{"class":"NotesController","customId":"8116b59d5cf679d2cabe78e1e7d1102f","funtion":"deleteNote","level":"info","message":"Note Deleted Successfully","requestId":"5d80a537-fb68-4243-99a6-645ff5bb1c22","response":"Note has been deleted","statusCode":200,"timestamp":"2025-04-17T00:09:00.027Z","type":"RESPONSE","user":"test@gmail.com"}
{"level":"info","message":"Outgoing Response","method":"DELETE","requestId":"5d80a537-fb68-4243-99a6-645ff5bb1c22","statusCode":200,"timestamp":"2025-04-17T00:09:00.028Z","type":"RESPONSE","url":"/api/delete/8116b59d5cf679d2cabe78e1e7d1102f"}
{"level":"info","message":"Incoming Request","method":"OPTIONS","requestId":"6b4dd82d-f123-44b6-94c5-3a5826e9bceb","timestamp":"2025-04-17T00:09:28.929Z","type":"REQUEST","url":"/api/note"}
{"level":"info","message":"Outgoing Response","method":"OPTIONS","requestId":"6b4dd82d-f123-44b6-94c5-3a5826e9bceb","statusCode":204,"timestamp":"2025-04-17T00:09:28.930Z","type":"RESPONSE","url":"/api/note"}
{"level":"info","message":"Incoming Request","method":"POST","requestId":"280897b5-3333-4954-b203-511d339913f2","timestamp":"2025-04-17T00:09:28.931Z","type":"REQUEST","url":"/api/note"}
{"endpoint":"/api/note","level":"info","message":"Authentication Request","place":"AuthMiddleware","requestId":"280897b5-3333-4954-b203-511d339913f2","timestamp":"2025-04-17T00:09:28.931Z","type":"REQUEST"}
{"level":"info","message":"Authentication Successful","place":"AuthMiddleware","requestId":"280897b5-3333-4954-b203-511d339913f2","statusCode":200,"timestamp":"2025-04-17T00:09:28.931Z","type":"RESPONSE","user":{"email":"test@gmail.com","id":"675732c53bd346493e3b9124"}}
{"class":"NotesController","funtion":"createNote","level":"info","message":"Create Note Request","payload":{"confirmBeforeDestruction":false,"email":"","noteText":"adfa","password":"","referenceName":"","selfDestructTime":"After reading it"},"requestId":"280897b5-3333-4954-b203-511d339913f2","timestamp":"2025-04-17T00:09:28.932Z","type":"REQUEST","user":"test@gmail.com"}
{"class":"NoteService","function":"createNote","level":"info","message":"Create Note Request","payload":{"confirmBeforeDestruction":false,"email":"","noteText":"adfa","password":"","referenceName":"","selfDestructTime":"After reading it"},"requestId":"MISSING","timestamp":"2025-04-17T00:09:28.932Z","type":"REQUEST"}
{"class":"NoteService","function":"createNote","level":"info","message":"Note Created Successfully","noteId":"4e75ff547a06332e2c6f9f826d252313","requestId":"MISSING","statusCode":201,"timestamp":"2025-04-17T00:09:28.957Z","type":"RESPONSE"}
{"class":"NotesController","funtion":"createNote","level":"info","message":"Note Created Successfully","requestId":"280897b5-3333-4954-b203-511d339913f2","response":{"message":"Note created","noteId":"4e75ff547a06332e2c6f9f826d252313"},"statusCode":200,"timestamp":"2025-04-17T00:09:28.958Z","type":"RESPONSE","user":"test@gmail.com"}
{"level":"info","message":"Outgoing Response","method":"POST","requestId":"280897b5-3333-4954-b203-511d339913f2","statusCode":200,"timestamp":"2025-04-17T00:09:28.958Z","type":"RESPONSE","url":"/api/note"}
{"level":"info","message":"Incoming Request","method":"OPTIONS","requestId":"c974b92d-db44-43d2-95b1-d3ecf8e13f3e","timestamp":"2025-04-17T00:09:33.353Z","type":"REQUEST","url":"/api/note/4e75ff547a06332e2c6f9f826d252313"}
{"level":"info","message":"Outgoing Response","method":"OPTIONS","requestId":"c974b92d-db44-43d2-95b1-d3ecf8e13f3e","statusCode":204,"timestamp":"2025-04-17T00:09:33.354Z","type":"RESPONSE","url":"/api/note/4e75ff547a06332e2c6f9f826d252313"}
{"level":"info","message":"Incoming Request","method":"OPTIONS","requestId":"dca71b69-6103-412a-a1e6-17b8e0395f27","timestamp":"2025-04-17T00:09:33.355Z","type":"REQUEST","url":"/api/note/4e75ff547a06332e2c6f9f826d252313"}
{"level":"info","message":"Outgoing Response","method":"OPTIONS","requestId":"dca71b69-6103-412a-a1e6-17b8e0395f27","statusCode":204,"timestamp":"2025-04-17T00:09:33.356Z","type":"RESPONSE","url":"/api/note/4e75ff547a06332e2c6f9f826d252313"}
{"level":"info","message":"Incoming Request","method":"GET","requestId":"f912a039-35e5-465f-bce0-0b45c7d1093d","timestamp":"2025-04-17T00:09:33.356Z","type":"REQUEST","url":"/api/note/4e75ff547a06332e2c6f9f826d252313"}
{"endpoint":"/api/note/4e75ff547a06332e2c6f9f826d252313","level":"info","message":"Authentication Request","place":"AuthMiddleware","requestId":"f912a039-35e5-465f-bce0-0b45c7d1093d","timestamp":"2025-04-17T00:09:33.356Z","type":"REQUEST"}
{"level":"info","message":"Authentication Successful","place":"AuthMiddleware","requestId":"f912a039-35e5-465f-bce0-0b45c7d1093d","statusCode":200,"timestamp":"2025-04-17T00:09:33.357Z","type":"RESPONSE","user":{"email":"test@gmail.com","id":"675732c53bd346493e3b9124"}}
{"class":"NotesController","customId":"4e75ff547a06332e2c6f9f826d252313","funtion":"getNoteById","level":"info","message":"Get Note By ID Request","requestId":"f912a039-35e5-465f-bce0-0b45c7d1093d","timestamp":"2025-04-17T00:09:33.357Z","type":"REQUEST","user":"test@gmail.com"}
{"class":"NoteService","customId":"4e75ff547a06332e2c6f9f826d252313","function":"getNoteByIdAndStatus","level":"info","message":"Get Note By ID and Status Request","requestId":"f912a039-35e5-465f-bce0-0b45c7d1093d","timestamp":"2025-04-17T00:09:33.357Z","type":"REQUEST"}
{"class":"GenericService","function":"findOne","level":"info","message":"Find Document Request","model":"Note","query":{"customId":"4e75ff547a06332e2c6f9f826d252313"},"requestId":"f912a039-35e5-465f-bce0-0b45c7d1093d","timestamp":"2025-04-17T00:09:33.357Z","type":"REQUEST"}
{"class":"GenericService","documentId":"680046b814401643f8caa932","function":"findOne","level":"info","message":"Document Found Successfully","model":"Note","requestId":"f912a039-35e5-465f-bce0-0b45c7d1093d","timestamp":"2025-04-17T00:09:33.379Z","type":"RESPONSE"}
{"class":"NoteService","customId":"4e75ff547a06332e2c6f9f826d252313","function":"getNoteByIdAndStatus","level":"info","message":"Note Retrieved Successfully","note":{"text":"adfa"},"requestId":"f912a039-35e5-465f-bce0-0b45c7d1093d","statusCode":200,"timestamp":"2025-04-17T00:09:33.380Z","type":"RESPONSE"}
{"class":"NotesController","customId":"4e75ff547a06332e2c6f9f826d252313","funtion":"getNoteById","level":"info","message":"Note Retrieved Successfully","note":{"confirmBeforeDestruction":false,"text":"adfa"},"requestId":"f912a039-35e5-465f-bce0-0b45c7d1093d","statusCode":200,"timestamp":"2025-04-17T00:09:33.380Z","type":"RESPONSE","user":"test@gmail.com"}
{"level":"info","message":"Outgoing Response","method":"GET","requestId":"f912a039-35e5-465f-bce0-0b45c7d1093d","statusCode":200,"timestamp":"2025-04-17T00:09:33.380Z","type":"RESPONSE","url":"/api/note/4e75ff547a06332e2c6f9f826d252313"}
{"level":"info","message":"Incoming Request","method":"GET","requestId":"1e89f4e4-556b-4e43-a7c5-5c6d7642651b","timestamp":"2025-04-17T00:09:33.381Z","type":"REQUEST","url":"/api/note/4e75ff547a06332e2c6f9f826d252313"}
{"endpoint":"/api/note/4e75ff547a06332e2c6f9f826d252313","level":"info","message":"Authentication Request","place":"AuthMiddleware","requestId":"1e89f4e4-556b-4e43-a7c5-5c6d7642651b","timestamp":"2025-04-17T00:09:33.381Z","type":"REQUEST"}
{"level":"info","message":"Authentication Successful","place":"AuthMiddleware","requestId":"1e89f4e4-556b-4e43-a7c5-5c6d7642651b","statusCode":200,"timestamp":"2025-04-17T00:09:33.382Z","type":"RESPONSE","user":{"email":"test@gmail.com","id":"675732c53bd346493e3b9124"}}
{"class":"NotesController","customId":"4e75ff547a06332e2c6f9f826d252313","funtion":"getNoteById","level":"info","message":"Get Note By ID Request","requestId":"1e89f4e4-556b-4e43-a7c5-5c6d7642651b","timestamp":"2025-04-17T00:09:33.382Z","type":"REQUEST","user":"test@gmail.com"}
{"class":"NoteService","customId":"4e75ff547a06332e2c6f9f826d252313","function":"getNoteByIdAndStatus","level":"info","message":"Get Note By ID and Status Request","requestId":"1e89f4e4-556b-4e43-a7c5-5c6d7642651b","timestamp":"2025-04-17T00:09:33.382Z","type":"REQUEST"}
{"class":"GenericService","function":"findOne","level":"info","message":"Find Document Request","model":"Note","query":{"customId":"4e75ff547a06332e2c6f9f826d252313"},"requestId":"1e89f4e4-556b-4e43-a7c5-5c6d7642651b","timestamp":"2025-04-17T00:09:33.382Z","type":"REQUEST"}
{"class":"GenericService","documentId":"680046b814401643f8caa932","function":"findOne","level":"info","message":"Document Found Successfully","model":"Note","requestId":"1e89f4e4-556b-4e43-a7c5-5c6d7642651b","timestamp":"2025-04-17T00:09:33.403Z","type":"RESPONSE"}
{"class":"NoteService","customId":"4e75ff547a06332e2c6f9f826d252313","function":"getNoteByIdAndStatus","level":"info","message":"Note Retrieved Successfully","note":{"text":"adfa"},"requestId":"1e89f4e4-556b-4e43-a7c5-5c6d7642651b","statusCode":200,"timestamp":"2025-04-17T00:09:33.403Z","type":"RESPONSE"}
{"class":"NotesController","customId":"4e75ff547a06332e2c6f9f826d252313","funtion":"getNoteById","level":"info","message":"Note Retrieved Successfully","note":{"confirmBeforeDestruction":false,"text":"adfa"},"requestId":"1e89f4e4-556b-4e43-a7c5-5c6d7642651b","statusCode":200,"timestamp":"2025-04-17T00:09:33.403Z","type":"RESPONSE","user":"test@gmail.com"}
{"level":"info","message":"Outgoing Response","method":"GET","requestId":"1e89f4e4-556b-4e43-a7c5-5c6d7642651b","statusCode":304,"timestamp":"2025-04-17T00:09:33.404Z","type":"RESPONSE","url":"/api/note/4e75ff547a06332e2c6f9f826d252313"}
{"level":"info","message":"Incoming Request","method":"OPTIONS","requestId":"1ca68864-7ce5-4428-a13e-7f5fef45cf8c","timestamp":"2025-04-17T00:09:34.753Z","type":"REQUEST","url":"/api/delete/4e75ff547a06332e2c6f9f826d252313"}
{"level":"info","message":"Outgoing Response","method":"OPTIONS","requestId":"1ca68864-7ce5-4428-a13e-7f5fef45cf8c","statusCode":204,"timestamp":"2025-04-17T00:09:34.753Z","type":"RESPONSE","url":"/api/delete/4e75ff547a06332e2c6f9f826d252313"}
{"level":"info","message":"Incoming Request","method":"DELETE","requestId":"f4c67380-6e2e-42ae-bcd2-91c2261681f8","timestamp":"2025-04-17T00:09:34.758Z","type":"REQUEST","url":"/api/delete/4e75ff547a06332e2c6f9f826d252313"}
{"endpoint":"/api/delete/4e75ff547a06332e2c6f9f826d252313","level":"info","message":"Authentication Request","place":"AuthMiddleware","requestId":"f4c67380-6e2e-42ae-bcd2-91c2261681f8","timestamp":"2025-04-17T00:09:34.758Z","type":"REQUEST"}
{"level":"info","message":"Authentication Successful","place":"AuthMiddleware","requestId":"f4c67380-6e2e-42ae-bcd2-91c2261681f8","statusCode":200,"timestamp":"2025-04-17T00:09:34.759Z","type":"RESPONSE","user":{"email":"test@gmail.com","id":"675732c53bd346493e3b9124"}}
{"class":"NotesController","customId":"4e75ff547a06332e2c6f9f826d252313","funtion":"deleteNote","level":"info","message":"Delete Note Request","requestId":"f4c67380-6e2e-42ae-bcd2-91c2261681f8","timestamp":"2025-04-17T00:09:34.759Z","type":"REQUEST","user":"test@gmail.com"}
{"class":"NoteService","customId":"4e75ff547a06332e2c6f9f826d252313","function":"deleteNote","level":"info","message":"Delete Note Request","requestId":"f4c67380-6e2e-42ae-bcd2-91c2261681f8","timestamp":"2025-04-17T00:09:34.759Z","type":"REQUEST"}
{"class":"GenericService","function":"updateOne","level":"info","message":"Update Document Request","model":"Note","query":{"customId":"4e75ff547a06332e2c6f9f826d252313"},"requestId":"f4c67380-6e2e-42ae-bcd2-91c2261681f8","timestamp":"2025-04-17T00:09:34.760Z","type":"REQUEST","update":{"$set":{"isDeleted":true}}}
{"class":"GenericService","function":"updateOne","level":"info","matchedCount":1,"message":"Document Updated Successfully","model":"Note","requestId":"f4c67380-6e2e-42ae-bcd2-91c2261681f8","timestamp":"2025-04-17T00:09:34.783Z","type":"RESPONSE"}
{"class":"NoteService","customId":"4e75ff547a06332e2c6f9f826d252313","function":"deleteNote","level":"info","message":"Note Deleted Successfully","requestId":"f4c67380-6e2e-42ae-bcd2-91c2261681f8","statusCode":200,"timestamp":"2025-04-17T00:09:34.783Z","type":"RESPONSE"}
{"class":"NotesController","customId":"4e75ff547a06332e2c6f9f826d252313","funtion":"deleteNote","level":"info","message":"Note Deleted Successfully","requestId":"f4c67380-6e2e-42ae-bcd2-91c2261681f8","response":"Note has been deleted","statusCode":200,"timestamp":"2025-04-17T00:09:34.783Z","type":"RESPONSE","user":"test@gmail.com"}
{"level":"info","message":"Outgoing Response","method":"DELETE","requestId":"f4c67380-6e2e-42ae-bcd2-91c2261681f8","statusCode":200,"timestamp":"2025-04-17T00:09:34.784Z","type":"RESPONSE","url":"/api/delete/4e75ff547a06332e2c6f9f826d252313"}
{"level":"info","message":"Incoming Request","method":"OPTIONS","requestId":"fe303a41-252a-4e69-bdcd-3ba02c06b09e","timestamp":"2025-04-17T00:09:57.300Z","type":"REQUEST","url":"/api/note/4e75ff547a06332e2c6f9f826d252313"}
{"level":"info","message":"Outgoing Response","method":"OPTIONS","requestId":"fe303a41-252a-4e69-bdcd-3ba02c06b09e","statusCode":204,"timestamp":"2025-04-17T00:09:57.300Z","type":"RESPONSE","url":"/api/note/4e75ff547a06332e2c6f9f826d252313"}
{"level":"info","message":"Incoming Request","method":"GET","requestId":"2074c5c3-fd94-4b86-a1f5-25e5951d9a93","timestamp":"2025-04-17T00:09:57.301Z","type":"REQUEST","url":"/api/note/4e75ff547a06332e2c6f9f826d252313"}
{"endpoint":"/api/note/4e75ff547a06332e2c6f9f826d252313","level":"info","message":"Authentication Request","place":"AuthMiddleware","requestId":"2074c5c3-fd94-4b86-a1f5-25e5951d9a93","timestamp":"2025-04-17T00:09:57.301Z","type":"REQUEST"}
{"level":"info","message":"Authentication Successful","place":"AuthMiddleware","requestId":"2074c5c3-fd94-4b86-a1f5-25e5951d9a93","statusCode":200,"timestamp":"2025-04-17T00:09:57.302Z","type":"RESPONSE","user":{"email":"test@gmail.com","id":"675732c53bd346493e3b9124"}}
{"class":"NotesController","customId":"4e75ff547a06332e2c6f9f826d252313","funtion":"getNoteById","level":"info","message":"Get Note By ID Request","requestId":"2074c5c3-fd94-4b86-a1f5-25e5951d9a93","timestamp":"2025-04-17T00:09:57.302Z","type":"REQUEST","user":"test@gmail.com"}
{"class":"NoteService","customId":"4e75ff547a06332e2c6f9f826d252313","function":"getNoteByIdAndStatus","level":"info","message":"Get Note By ID and Status Request","requestId":"2074c5c3-fd94-4b86-a1f5-25e5951d9a93","timestamp":"2025-04-17T00:09:57.302Z","type":"REQUEST"}
{"class":"GenericService","function":"findOne","level":"info","message":"Find Document Request","model":"Note","query":{"customId":"4e75ff547a06332e2c6f9f826d252313"},"requestId":"2074c5c3-fd94-4b86-a1f5-25e5951d9a93","timestamp":"2025-04-17T00:09:57.302Z","type":"REQUEST"}
{"class":"GenericService","documentId":"680046b814401643f8caa932","function":"findOne","level":"info","message":"Document Found Successfully","model":"Note","requestId":"2074c5c3-fd94-4b86-a1f5-25e5951d9a93","timestamp":"2025-04-17T00:09:57.324Z","type":"RESPONSE"}
{"class":"NoteService","customId":"4e75ff547a06332e2c6f9f826d252313","function":"getNoteByIdAndStatus","level":"warn","message":"Note Deleted or Expired","requestId":"2074c5c3-fd94-4b86-a1f5-25e5951d9a93","statusCode":403,"timestamp":"2025-04-17T00:09:57.324Z","type":"RESPONSE"}
{"class":"NotesController","customId":"4e75ff547a06332e2c6f9f826d252313","errorMessage":"Note is deleted or expired","funtion":"getNoteById","level":"warn","message":"Note Not Found or Deleted","requestId":"2074c5c3-fd94-4b86-a1f5-25e5951d9a93","statusCode":403,"timestamp":"2025-04-17T00:09:57.325Z","type":"RESPONSE","user":"test@gmail.com"}
{"level":"info","message":"Outgoing Response","method":"GET","requestId":"2074c5c3-fd94-4b86-a1f5-25e5951d9a93","statusCode":403,"timestamp":"2025-04-17T00:09:57.325Z","type":"RESPONSE","url":"/api/note/4e75ff547a06332e2c6f9f826d252313"}
{"level":"info","message":"Incoming Request","method":"OPTIONS","requestId":"7047d501-9cb4-41d4-b55d-b629346280e5","timestamp":"2025-04-17T00:10:03.923Z","type":"REQUEST","url":"/api/note"}
{"level":"info","message":"Outgoing Response","method":"OPTIONS","requestId":"7047d501-9cb4-41d4-b55d-b629346280e5","statusCode":204,"timestamp":"2025-04-17T00:10:03.924Z","type":"RESPONSE","url":"/api/note"}
{"level":"info","message":"Incoming Request","method":"POST","requestId":"55e20bdc-fa0d-4ac9-87a2-e2831a9bc15e","timestamp":"2025-04-17T00:10:03.925Z","type":"REQUEST","url":"/api/note"}
{"endpoint":"/api/note","level":"info","message":"Authentication Request","place":"AuthMiddleware","requestId":"55e20bdc-fa0d-4ac9-87a2-e2831a9bc15e","timestamp":"2025-04-17T00:10:03.925Z","type":"REQUEST"}
{"level":"info","message":"Authentication Successful","place":"AuthMiddleware","requestId":"55e20bdc-fa0d-4ac9-87a2-e2831a9bc15e","statusCode":200,"timestamp":"2025-04-17T00:10:03.926Z","type":"RESPONSE","user":{"email":"test@gmail.com","id":"675732c53bd346493e3b9124"}}
{"class":"NotesController","funtion":"createNote","level":"info","message":"Create Note Request","payload":{"confirmBeforeDestruction":false,"email":"","noteText":"adfas","password":"","referenceName":"","selfDestructTime":"After reading it"},"requestId":"55e20bdc-fa0d-4ac9-87a2-e2831a9bc15e","timestamp":"2025-04-17T00:10:03.926Z","type":"REQUEST","user":"test@gmail.com"}
{"class":"NoteService","function":"createNote","level":"info","message":"Create Note Request","payload":{"confirmBeforeDestruction":false,"email":"","noteText":"adfas","password":"","referenceName":"","selfDestructTime":"After reading it"},"requestId":"MISSING","timestamp":"2025-04-17T00:10:03.926Z","type":"REQUEST"}
{"class":"NoteService","function":"createNote","level":"info","message":"Note Created Successfully","noteId":"d82cebcf4396eb8bdce4bfc9a458d807","requestId":"MISSING","statusCode":201,"timestamp":"2025-04-17T00:10:03.962Z","type":"RESPONSE"}
{"class":"NotesController","funtion":"createNote","level":"info","message":"Note Created Successfully","requestId":"55e20bdc-fa0d-4ac9-87a2-e2831a9bc15e","response":{"message":"Note created","noteId":"d82cebcf4396eb8bdce4bfc9a458d807"},"statusCode":200,"timestamp":"2025-04-17T00:10:03.963Z","type":"RESPONSE","user":"test@gmail.com"}
{"level":"info","message":"Outgoing Response","method":"POST","requestId":"55e20bdc-fa0d-4ac9-87a2-e2831a9bc15e","statusCode":200,"timestamp":"2025-04-17T00:10:03.963Z","type":"RESPONSE","url":"/api/note"}
{"level":"info","message":"Incoming Request","method":"OPTIONS","requestId":"406ae61d-f019-42e5-981e-b6877d64b3f5","timestamp":"2025-04-17T00:10:11.462Z","type":"REQUEST","url":"/api/note/d82cebcf4396eb8bdce4bfc9a458d807"}
{"level":"info","message":"Outgoing Response","method":"OPTIONS","requestId":"406ae61d-f019-42e5-981e-b6877d64b3f5","statusCode":204,"timestamp":"2025-04-17T00:10:11.462Z","type":"RESPONSE","url":"/api/note/d82cebcf4396eb8bdce4bfc9a458d807"}
{"level":"info","message":"Incoming Request","method":"GET","requestId":"a2adabf0-ce80-40e4-8ad9-3193decddfd3","timestamp":"2025-04-17T00:10:11.463Z","type":"REQUEST","url":"/api/note/d82cebcf4396eb8bdce4bfc9a458d807"}
{"endpoint":"/api/note/d82cebcf4396eb8bdce4bfc9a458d807","level":"info","message":"Authentication Request","place":"AuthMiddleware","requestId":"a2adabf0-ce80-40e4-8ad9-3193decddfd3","timestamp":"2025-04-17T00:10:11.463Z","type":"REQUEST"}
{"level":"info","message":"Authentication Successful","place":"AuthMiddleware","requestId":"a2adabf0-ce80-40e4-8ad9-3193decddfd3","statusCode":200,"timestamp":"2025-04-17T00:10:11.464Z","type":"RESPONSE","user":{"email":"test@gmail.com","id":"675732c53bd346493e3b9124"}}
{"class":"NotesController","customId":"d82cebcf4396eb8bdce4bfc9a458d807","funtion":"getNoteById","level":"info","message":"Get Note By ID Request","requestId":"a2adabf0-ce80-40e4-8ad9-3193decddfd3","timestamp":"2025-04-17T00:10:11.464Z","type":"REQUEST","user":"test@gmail.com"}
{"class":"NoteService","customId":"d82cebcf4396eb8bdce4bfc9a458d807","function":"getNoteByIdAndStatus","level":"info","message":"Get Note By ID and Status Request","requestId":"a2adabf0-ce80-40e4-8ad9-3193decddfd3","timestamp":"2025-04-17T00:10:11.464Z","type":"REQUEST"}
{"class":"GenericService","function":"findOne","level":"info","message":"Find Document Request","model":"Note","query":{"customId":"d82cebcf4396eb8bdce4bfc9a458d807"},"requestId":"a2adabf0-ce80-40e4-8ad9-3193decddfd3","timestamp":"2025-04-17T00:10:11.464Z","type":"REQUEST"}
{"class":"GenericService","documentId":"680046db14401643f8caa938","function":"findOne","level":"info","message":"Document Found Successfully","model":"Note","requestId":"a2adabf0-ce80-40e4-8ad9-3193decddfd3","timestamp":"2025-04-17T00:10:11.486Z","type":"RESPONSE"}
{"class":"NoteService","customId":"d82cebcf4396eb8bdce4bfc9a458d807","function":"getNoteByIdAndStatus","level":"info","message":"Note Retrieved Successfully","note":{"text":"adfas"},"requestId":"a2adabf0-ce80-40e4-8ad9-3193decddfd3","statusCode":200,"timestamp":"2025-04-17T00:10:11.486Z","type":"RESPONSE"}
{"class":"NotesController","customId":"d82cebcf4396eb8bdce4bfc9a458d807","funtion":"getNoteById","level":"info","message":"Note Retrieved Successfully","note":{"confirmBeforeDestruction":false,"text":"adfas"},"requestId":"a2adabf0-ce80-40e4-8ad9-3193decddfd3","statusCode":200,"timestamp":"2025-04-17T00:10:11.486Z","type":"RESPONSE","user":"test@gmail.com"}
{"level":"info","message":"Outgoing Response","method":"GET","requestId":"a2adabf0-ce80-40e4-8ad9-3193decddfd3","statusCode":200,"timestamp":"2025-04-17T00:10:11.487Z","type":"RESPONSE","url":"/api/note/d82cebcf4396eb8bdce4bfc9a458d807"}
{"level":"info","message":"Incoming Request","method":"OPTIONS","requestId":"dc2077ba-3adf-41f7-b184-89e8388499b3","timestamp":"2025-04-17T00:10:12.589Z","type":"REQUEST","url":"/api/delete/d82cebcf4396eb8bdce4bfc9a458d807"}
{"level":"info","message":"Outgoing Response","method":"OPTIONS","requestId":"dc2077ba-3adf-41f7-b184-89e8388499b3","statusCode":204,"timestamp":"2025-04-17T00:10:12.590Z","type":"RESPONSE","url":"/api/delete/d82cebcf4396eb8bdce4bfc9a458d807"}
{"level":"info","message":"Incoming Request","method":"DELETE","requestId":"de23e151-1fa4-46a3-8cf5-32084817f627","timestamp":"2025-04-17T00:10:12.591Z","type":"REQUEST","url":"/api/delete/d82cebcf4396eb8bdce4bfc9a458d807"}
{"endpoint":"/api/delete/d82cebcf4396eb8bdce4bfc9a458d807","level":"info","message":"Authentication Request","place":"AuthMiddleware","requestId":"de23e151-1fa4-46a3-8cf5-32084817f627","timestamp":"2025-04-17T00:10:12.591Z","type":"REQUEST"}
{"level":"info","message":"Authentication Successful","place":"AuthMiddleware","requestId":"de23e151-1fa4-46a3-8cf5-32084817f627","statusCode":200,"timestamp":"2025-04-17T00:10:12.592Z","type":"RESPONSE","user":{"email":"test@gmail.com","id":"675732c53bd346493e3b9124"}}
{"class":"NotesController","customId":"d82cebcf4396eb8bdce4bfc9a458d807","funtion":"deleteNote","level":"info","message":"Delete Note Request","requestId":"de23e151-1fa4-46a3-8cf5-32084817f627","timestamp":"2025-04-17T00:10:12.592Z","type":"REQUEST","user":"test@gmail.com"}
{"class":"NoteService","customId":"d82cebcf4396eb8bdce4bfc9a458d807","function":"deleteNote","level":"info","message":"Delete Note Request","requestId":"de23e151-1fa4-46a3-8cf5-32084817f627","timestamp":"2025-04-17T00:10:12.592Z","type":"REQUEST"}
{"class":"GenericService","function":"updateOne","level":"info","message":"Update Document Request","model":"Note","query":{"customId":"d82cebcf4396eb8bdce4bfc9a458d807"},"requestId":"de23e151-1fa4-46a3-8cf5-32084817f627","timestamp":"2025-04-17T00:10:12.592Z","type":"REQUEST","update":{"$set":{"isDeleted":true}}}
{"class":"GenericService","function":"updateOne","level":"info","matchedCount":1,"message":"Document Updated Successfully","model":"Note","requestId":"de23e151-1fa4-46a3-8cf5-32084817f627","timestamp":"2025-04-17T00:10:12.617Z","type":"RESPONSE"}
{"class":"NoteService","customId":"d82cebcf4396eb8bdce4bfc9a458d807","function":"deleteNote","level":"info","message":"Note Deleted Successfully","requestId":"de23e151-1fa4-46a3-8cf5-32084817f627","statusCode":200,"timestamp":"2025-04-17T00:10:12.618Z","type":"RESPONSE"}
{"class":"NotesController","customId":"d82cebcf4396eb8bdce4bfc9a458d807","funtion":"deleteNote","level":"info","message":"Note Deleted Successfully","requestId":"de23e151-1fa4-46a3-8cf5-32084817f627","response":"Note has been deleted","statusCode":200,"timestamp":"2025-04-17T00:10:12.618Z","type":"RESPONSE","user":"test@gmail.com"}
{"level":"info","message":"Outgoing Response","method":"DELETE","requestId":"de23e151-1fa4-46a3-8cf5-32084817f627","statusCode":200,"timestamp":"2025-04-17T00:10:12.619Z","type":"RESPONSE","url":"/api/delete/d82cebcf4396eb8bdce4bfc9a458d807"}
{"level":"info","message":"Incoming Request","method":"DELETE","requestId":"b9e369de-8133-48d7-9ae7-9e1af000e32d","timestamp":"2025-04-17T00:10:14.185Z","type":"REQUEST","url":"/api/delete/d82cebcf4396eb8bdce4bfc9a458d807"}
{"endpoint":"/api/delete/d82cebcf4396eb8bdce4bfc9a458d807","level":"info","message":"Authentication Request","place":"AuthMiddleware","requestId":"b9e369de-8133-48d7-9ae7-9e1af000e32d","timestamp":"2025-04-17T00:10:14.186Z","type":"REQUEST"}
{"level":"info","message":"Authentication Successful","place":"AuthMiddleware","requestId":"b9e369de-8133-48d7-9ae7-9e1af000e32d","statusCode":200,"timestamp":"2025-04-17T00:10:14.186Z","type":"RESPONSE","user":{"email":"test@gmail.com","id":"675732c53bd346493e3b9124"}}
{"class":"NotesController","customId":"d82cebcf4396eb8bdce4bfc9a458d807","funtion":"deleteNote","level":"info","message":"Delete Note Request","requestId":"b9e369de-8133-48d7-9ae7-9e1af000e32d","timestamp":"2025-04-17T00:10:14.186Z","type":"REQUEST","user":"test@gmail.com"}
{"class":"NoteService","customId":"d82cebcf4396eb8bdce4bfc9a458d807","function":"deleteNote","level":"info","message":"Delete Note Request","requestId":"b9e369de-8133-48d7-9ae7-9e1af000e32d","timestamp":"2025-04-17T00:10:14.186Z","type":"REQUEST"}
{"class":"GenericService","function":"updateOne","level":"info","message":"Update Document Request","model":"Note","query":{"customId":"d82cebcf4396eb8bdce4bfc9a458d807"},"requestId":"b9e369de-8133-48d7-9ae7-9e1af000e32d","timestamp":"2025-04-17T00:10:14.187Z","type":"REQUEST","update":{"$set":{"isDeleted":true}}}
{"class":"GenericService","function":"updateOne","level":"info","matchedCount":1,"message":"Document Updated Successfully","model":"Note","requestId":"b9e369de-8133-48d7-9ae7-9e1af000e32d","timestamp":"2025-04-17T00:10:14.210Z","type":"RESPONSE"}
{"class":"NoteService","customId":"d82cebcf4396eb8bdce4bfc9a458d807","function":"deleteNote","level":"info","message":"Note Deleted Successfully","requestId":"b9e369de-8133-48d7-9ae7-9e1af000e32d","statusCode":200,"timestamp":"2025-04-17T00:10:14.211Z","type":"RESPONSE"}
{"class":"NotesController","customId":"d82cebcf4396eb8bdce4bfc9a458d807","funtion":"deleteNote","level":"info","message":"Note Deleted Successfully","requestId":"b9e369de-8133-48d7-9ae7-9e1af000e32d","response":"Note has been deleted","statusCode":200,"timestamp":"2025-04-17T00:10:14.211Z","type":"RESPONSE","user":"test@gmail.com"}
{"level":"info","message":"Outgoing Response","method":"DELETE","requestId":"b9e369de-8133-48d7-9ae7-9e1af000e32d","statusCode":200,"timestamp":"2025-04-17T00:10:14.212Z","type":"RESPONSE","url":"/api/delete/d82cebcf4396eb8bdce4bfc9a458d807"}
{"level":"info","message":"Incoming Request","method":"DELETE","requestId":"6c554574-0559-4941-95df-f1e95d8ebfeb","timestamp":"2025-04-17T00:10:14.953Z","type":"REQUEST","url":"/api/delete/d82cebcf4396eb8bdce4bfc9a458d807"}
{"endpoint":"/api/delete/d82cebcf4396eb8bdce4bfc9a458d807","level":"info","message":"Authentication Request","place":"AuthMiddleware","requestId":"6c554574-0559-4941-95df-f1e95d8ebfeb","timestamp":"2025-04-17T00:10:14.954Z","type":"REQUEST"}
{"level":"info","message":"Authentication Successful","place":"AuthMiddleware","requestId":"6c554574-0559-4941-95df-f1e95d8ebfeb","statusCode":200,"timestamp":"2025-04-17T00:10:14.954Z","type":"RESPONSE","user":{"email":"test@gmail.com","id":"675732c53bd346493e3b9124"}}
{"class":"NotesController","customId":"d82cebcf4396eb8bdce4bfc9a458d807","funtion":"deleteNote","level":"info","message":"Delete Note Request","requestId":"6c554574-0559-4941-95df-f1e95d8ebfeb","timestamp":"2025-04-17T00:10:14.955Z","type":"REQUEST","user":"test@gmail.com"}
{"class":"NoteService","customId":"d82cebcf4396eb8bdce4bfc9a458d807","function":"deleteNote","level":"info","message":"Delete Note Request","requestId":"6c554574-0559-4941-95df-f1e95d8ebfeb","timestamp":"2025-04-17T00:10:14.955Z","type":"REQUEST"}
{"class":"GenericService","function":"updateOne","level":"info","message":"Update Document Request","model":"Note","query":{"customId":"d82cebcf4396eb8bdce4bfc9a458d807"},"requestId":"6c554574-0559-4941-95df-f1e95d8ebfeb","timestamp":"2025-04-17T00:10:14.955Z","type":"REQUEST","update":{"$set":{"isDeleted":true}}}
{"class":"GenericService","function":"updateOne","level":"info","matchedCount":1,"message":"Document Updated Successfully","model":"Note","requestId":"6c554574-0559-4941-95df-f1e95d8ebfeb","timestamp":"2025-04-17T00:10:14.976Z","type":"RESPONSE"}
{"class":"NoteService","customId":"d82cebcf4396eb8bdce4bfc9a458d807","function":"deleteNote","level":"info","message":"Note Deleted Successfully","requestId":"6c554574-0559-4941-95df-f1e95d8ebfeb","statusCode":200,"timestamp":"2025-04-17T00:10:14.976Z","type":"RESPONSE"}
{"class":"NotesController","customId":"d82cebcf4396eb8bdce4bfc9a458d807","funtion":"deleteNote","level":"info","message":"Note Deleted Successfully","requestId":"6c554574-0559-4941-95df-f1e95d8ebfeb","response":"Note has been deleted","statusCode":200,"timestamp":"2025-04-17T00:10:14.977Z","type":"RESPONSE","user":"test@gmail.com"}
{"level":"info","message":"Outgoing Response","method":"DELETE","requestId":"6c554574-0559-4941-95df-f1e95d8ebfeb","statusCode":200,"timestamp":"2025-04-17T00:10:14.977Z","type":"RESPONSE","url":"/api/delete/d82cebcf4396eb8bdce4bfc9a458d807"}
{"level":"info","message":"Incoming Request","method":"DELETE","requestId":"0052dd03-c6be-489e-b705-980990e122fa","timestamp":"2025-04-17T00:10:15.846Z","type":"REQUEST","url":"/api/delete/d82cebcf4396eb8bdce4bfc9a458d807"}
{"endpoint":"/api/delete/d82cebcf4396eb8bdce4bfc9a458d807","level":"info","message":"Authentication Request","place":"AuthMiddleware","requestId":"0052dd03-c6be-489e-b705-980990e122fa","timestamp":"2025-04-17T00:10:15.846Z","type":"REQUEST"}
{"level":"info","message":"Authentication Successful","place":"AuthMiddleware","requestId":"0052dd03-c6be-489e-b705-980990e122fa","statusCode":200,"timestamp":"2025-04-17T00:10:15.847Z","type":"RESPONSE","user":{"email":"test@gmail.com","id":"675732c53bd346493e3b9124"}}
{"class":"NotesController","customId":"d82cebcf4396eb8bdce4bfc9a458d807","funtion":"deleteNote","level":"info","message":"Delete Note Request","requestId":"0052dd03-c6be-489e-b705-980990e122fa","timestamp":"2025-04-17T00:10:15.847Z","type":"REQUEST","user":"test@gmail.com"}
{"class":"NoteService","customId":"d82cebcf4396eb8bdce4bfc9a458d807","function":"deleteNote","level":"info","message":"Delete Note Request","requestId":"0052dd03-c6be-489e-b705-980990e122fa","timestamp":"2025-04-17T00:10:15.847Z","type":"REQUEST"}
{"class":"GenericService","function":"updateOne","level":"info","message":"Update Document Request","model":"Note","query":{"customId":"d82cebcf4396eb8bdce4bfc9a458d807"},"requestId":"0052dd03-c6be-489e-b705-980990e122fa","timestamp":"2025-04-17T00:10:15.848Z","type":"REQUEST","update":{"$set":{"isDeleted":true}}}
{"class":"GenericService","function":"updateOne","level":"info","matchedCount":1,"message":"Document Updated Successfully","model":"Note","requestId":"0052dd03-c6be-489e-b705-980990e122fa","timestamp":"2025-04-17T00:10:15.870Z","type":"RESPONSE"}
{"class":"NoteService","customId":"d82cebcf4396eb8bdce4bfc9a458d807","function":"deleteNote","level":"info","message":"Note Deleted Successfully","requestId":"0052dd03-c6be-489e-b705-980990e122fa","statusCode":200,"timestamp":"2025-04-17T00:10:15.873Z","type":"RESPONSE"}
{"class":"NotesController","customId":"d82cebcf4396eb8bdce4bfc9a458d807","funtion":"deleteNote","level":"info","message":"Note Deleted Successfully","requestId":"0052dd03-c6be-489e-b705-980990e122fa","response":"Note has been deleted","statusCode":200,"timestamp":"2025-04-17T00:10:15.874Z","type":"RESPONSE","user":"test@gmail.com"}
{"level":"info","message":"Outgoing Response","method":"DELETE","requestId":"0052dd03-c6be-489e-b705-980990e122fa","statusCode":200,"timestamp":"2025-04-17T00:10:15.875Z","type":"RESPONSE","url":"/api/delete/d82cebcf4396eb8bdce4bfc9a458d807"}
{"level":"info","message":"Incoming Request","method":"DELETE","requestId":"263e3988-af8e-4b3d-9277-4867322eaada","timestamp":"2025-04-17T00:10:16.567Z","type":"REQUEST","url":"/api/delete/d82cebcf4396eb8bdce4bfc9a458d807"}
{"endpoint":"/api/delete/d82cebcf4396eb8bdce4bfc9a458d807","level":"info","message":"Authentication Request","place":"AuthMiddleware","requestId":"263e3988-af8e-4b3d-9277-4867322eaada","timestamp":"2025-04-17T00:10:16.567Z","type":"REQUEST"}
{"level":"info","message":"Authentication Successful","place":"AuthMiddleware","requestId":"263e3988-af8e-4b3d-9277-4867322eaada","statusCode":200,"timestamp":"2025-04-17T00:10:16.568Z","type":"RESPONSE","user":{"email":"test@gmail.com","id":"675732c53bd346493e3b9124"}}
{"class":"NotesController","customId":"d82cebcf4396eb8bdce4bfc9a458d807","funtion":"deleteNote","level":"info","message":"Delete Note Request","requestId":"263e3988-af8e-4b3d-9277-4867322eaada","timestamp":"2025-04-17T00:10:16.568Z","type":"REQUEST","user":"test@gmail.com"}
{"class":"NoteService","customId":"d82cebcf4396eb8bdce4bfc9a458d807","function":"deleteNote","level":"info","message":"Delete Note Request","requestId":"263e3988-af8e-4b3d-9277-4867322eaada","timestamp":"2025-04-17T00:10:16.568Z","type":"REQUEST"}
{"class":"GenericService","function":"updateOne","level":"info","message":"Update Document Request","model":"Note","query":{"customId":"d82cebcf4396eb8bdce4bfc9a458d807"},"requestId":"263e3988-af8e-4b3d-9277-4867322eaada","timestamp":"2025-04-17T00:10:16.568Z","type":"REQUEST","update":{"$set":{"isDeleted":true}}}
{"class":"GenericService","function":"updateOne","level":"info","matchedCount":1,"message":"Document Updated Successfully","model":"Note","requestId":"263e3988-af8e-4b3d-9277-4867322eaada","timestamp":"2025-04-17T00:10:16.591Z","type":"RESPONSE"}
{"class":"NoteService","customId":"d82cebcf4396eb8bdce4bfc9a458d807","function":"deleteNote","level":"info","message":"Note Deleted Successfully","requestId":"263e3988-af8e-4b3d-9277-4867322eaada","statusCode":200,"timestamp":"2025-04-17T00:10:16.592Z","type":"RESPONSE"}
{"class":"NotesController","customId":"d82cebcf4396eb8bdce4bfc9a458d807","funtion":"deleteNote","level":"info","message":"Note Deleted Successfully","requestId":"263e3988-af8e-4b3d-9277-4867322eaada","response":"Note has been deleted","statusCode":200,"timestamp":"2025-04-17T00:10:16.592Z","type":"RESPONSE","user":"test@gmail.com"}
{"level":"info","message":"Outgoing Response","method":"DELETE","requestId":"263e3988-af8e-4b3d-9277-4867322eaada","statusCode":200,"timestamp":"2025-04-17T00:10:16.592Z","type":"RESPONSE","url":"/api/delete/d82cebcf4396eb8bdce4bfc9a458d807"}
{"level":"info","message":"Incoming Request","method":"DELETE","requestId":"5f9b3e14-ffb7-4384-87f9-e1266b68361d","timestamp":"2025-04-17T00:10:17.223Z","type":"REQUEST","url":"/api/delete/d82cebcf4396eb8bdce4bfc9a458d807"}
{"endpoint":"/api/delete/d82cebcf4396eb8bdce4bfc9a458d807","level":"info","message":"Authentication Request","place":"AuthMiddleware","requestId":"5f9b3e14-ffb7-4384-87f9-e1266b68361d","timestamp":"2025-04-17T00:10:17.223Z","type":"REQUEST"}
{"level":"info","message":"Authentication Successful","place":"AuthMiddleware","requestId":"5f9b3e14-ffb7-4384-87f9-e1266b68361d","statusCode":200,"timestamp":"2025-04-17T00:10:17.225Z","type":"RESPONSE","user":{"email":"test@gmail.com","id":"675732c53bd346493e3b9124"}}
{"class":"NotesController","customId":"d82cebcf4396eb8bdce4bfc9a458d807","funtion":"deleteNote","level":"info","message":"Delete Note Request","requestId":"5f9b3e14-ffb7-4384-87f9-e1266b68361d","timestamp":"2025-04-17T00:10:17.225Z","type":"REQUEST","user":"test@gmail.com"}
{"class":"NoteService","customId":"d82cebcf4396eb8bdce4bfc9a458d807","function":"deleteNote","level":"info","message":"Delete Note Request","requestId":"5f9b3e14-ffb7-4384-87f9-e1266b68361d","timestamp":"2025-04-17T00:10:17.225Z","type":"REQUEST"}
{"class":"GenericService","function":"updateOne","level":"info","message":"Update Document Request","model":"Note","query":{"customId":"d82cebcf4396eb8bdce4bfc9a458d807"},"requestId":"5f9b3e14-ffb7-4384-87f9-e1266b68361d","timestamp":"2025-04-17T00:10:17.225Z","type":"REQUEST","update":{"$set":{"isDeleted":true}}}
{"class":"GenericService","function":"updateOne","level":"info","matchedCount":1,"message":"Document Updated Successfully","model":"Note","requestId":"5f9b3e14-ffb7-4384-87f9-e1266b68361d","timestamp":"2025-04-17T00:10:17.248Z","type":"RESPONSE"}
{"class":"NoteService","customId":"d82cebcf4396eb8bdce4bfc9a458d807","function":"deleteNote","level":"info","message":"Note Deleted Successfully","requestId":"5f9b3e14-ffb7-4384-87f9-e1266b68361d","statusCode":200,"timestamp":"2025-04-17T00:10:17.248Z","type":"RESPONSE"}
{"class":"NotesController","customId":"d82cebcf4396eb8bdce4bfc9a458d807","funtion":"deleteNote","level":"info","message":"Note Deleted Successfully","requestId":"5f9b3e14-ffb7-4384-87f9-e1266b68361d","response":"Note has been deleted","statusCode":200,"timestamp":"2025-04-17T00:10:17.248Z","type":"RESPONSE","user":"test@gmail.com"}
{"level":"info","message":"Outgoing Response","method":"DELETE","requestId":"5f9b3e14-ffb7-4384-87f9-e1266b68361d","statusCode":200,"timestamp":"2025-04-17T00:10:17.249Z","type":"RESPONSE","url":"/api/delete/d82cebcf4396eb8bdce4bfc9a458d807"}
{"level":"info","message":"Incoming Request","method":"OPTIONS","requestId":"cf4d39f2-51a7-410e-b10a-34860347cee0","timestamp":"2025-04-17T00:10:17.907Z","type":"REQUEST","url":"/api/delete/d82cebcf4396eb8bdce4bfc9a458d807"}
{"level":"info","message":"Outgoing Response","method":"OPTIONS","requestId":"cf4d39f2-51a7-410e-b10a-34860347cee0","statusCode":204,"timestamp":"2025-04-17T00:10:17.907Z","type":"RESPONSE","url":"/api/delete/d82cebcf4396eb8bdce4bfc9a458d807"}
{"level":"info","message":"Incoming Request","method":"DELETE","requestId":"89e987df-70f5-4f43-8d9a-3336fc244eb0","timestamp":"2025-04-17T00:10:17.909Z","type":"REQUEST","url":"/api/delete/d82cebcf4396eb8bdce4bfc9a458d807"}
{"endpoint":"/api/delete/d82cebcf4396eb8bdce4bfc9a458d807","level":"info","message":"Authentication Request","place":"AuthMiddleware","requestId":"89e987df-70f5-4f43-8d9a-3336fc244eb0","timestamp":"2025-04-17T00:10:17.910Z","type":"REQUEST"}
{"level":"info","message":"Authentication Successful","place":"AuthMiddleware","requestId":"89e987df-70f5-4f43-8d9a-3336fc244eb0","statusCode":200,"timestamp":"2025-04-17T00:10:17.910Z","type":"RESPONSE","user":{"email":"test@gmail.com","id":"675732c53bd346493e3b9124"}}
{"class":"NotesController","customId":"d82cebcf4396eb8bdce4bfc9a458d807","funtion":"deleteNote","level":"info","message":"Delete Note Request","requestId":"89e987df-70f5-4f43-8d9a-3336fc244eb0","timestamp":"2025-04-17T00:10:17.911Z","type":"REQUEST","user":"test@gmail.com"}
{"class":"NoteService","customId":"d82cebcf4396eb8bdce4bfc9a458d807","function":"deleteNote","level":"info","message":"Delete Note Request","requestId":"89e987df-70f5-4f43-8d9a-3336fc244eb0","timestamp":"2025-04-17T00:10:17.911Z","type":"REQUEST"}
{"class":"GenericService","function":"updateOne","level":"info","message":"Update Document Request","model":"Note","query":{"customId":"d82cebcf4396eb8bdce4bfc9a458d807"},"requestId":"89e987df-70f5-4f43-8d9a-3336fc244eb0","timestamp":"2025-04-17T00:10:17.911Z","type":"REQUEST","update":{"$set":{"isDeleted":true}}}
{"class":"GenericService","function":"updateOne","level":"info","matchedCount":1,"message":"Document Updated Successfully","model":"Note","requestId":"89e987df-70f5-4f43-8d9a-3336fc244eb0","timestamp":"2025-04-17T00:10:17.935Z","type":"RESPONSE"}
{"class":"NoteService","customId":"d82cebcf4396eb8bdce4bfc9a458d807","function":"deleteNote","level":"info","message":"Note Deleted Successfully","requestId":"89e987df-70f5-4f43-8d9a-3336fc244eb0","statusCode":200,"timestamp":"2025-04-17T00:10:17.936Z","type":"RESPONSE"}
{"class":"NotesController","customId":"d82cebcf4396eb8bdce4bfc9a458d807","funtion":"deleteNote","level":"info","message":"Note Deleted Successfully","requestId":"89e987df-70f5-4f43-8d9a-3336fc244eb0","response":"Note has been deleted","statusCode":200,"timestamp":"2025-04-17T00:10:17.936Z","type":"RESPONSE","user":"test@gmail.com"}
{"level":"info","message":"Outgoing Response","method":"DELETE","requestId":"89e987df-70f5-4f43-8d9a-3336fc244eb0","statusCode":200,"timestamp":"2025-04-17T00:10:17.936Z","type":"RESPONSE","url":"/api/delete/d82cebcf4396eb8bdce4bfc9a458d807"}
{"level":"info","message":"Incoming Request","method":"DELETE","requestId":"c2759646-be25-4691-9f5c-5e560fa5a9b9","timestamp":"2025-04-17T00:10:18.489Z","type":"REQUEST","url":"/api/delete/d82cebcf4396eb8bdce4bfc9a458d807"}
{"endpoint":"/api/delete/d82cebcf4396eb8bdce4bfc9a458d807","level":"info","message":"Authentication Request","place":"AuthMiddleware","requestId":"c2759646-be25-4691-9f5c-5e560fa5a9b9","timestamp":"2025-04-17T00:10:18.489Z","type":"REQUEST"}
{"level":"info","message":"Authentication Successful","place":"AuthMiddleware","requestId":"c2759646-be25-4691-9f5c-5e560fa5a9b9","statusCode":200,"timestamp":"2025-04-17T00:10:18.490Z","type":"RESPONSE","user":{"email":"test@gmail.com","id":"675732c53bd346493e3b9124"}}
{"class":"NotesController","customId":"d82cebcf4396eb8bdce4bfc9a458d807","funtion":"deleteNote","level":"info","message":"Delete Note Request","requestId":"c2759646-be25-4691-9f5c-5e560fa5a9b9","timestamp":"2025-04-17T00:10:18.490Z","type":"REQUEST","user":"test@gmail.com"}
{"class":"NoteService","customId":"d82cebcf4396eb8bdce4bfc9a458d807","function":"deleteNote","level":"info","message":"Delete Note Request","requestId":"c2759646-be25-4691-9f5c-5e560fa5a9b9","timestamp":"2025-04-17T00:10:18.490Z","type":"REQUEST"}
{"class":"GenericService","function":"updateOne","level":"info","message":"Update Document Request","model":"Note","query":{"customId":"d82cebcf4396eb8bdce4bfc9a458d807"},"requestId":"c2759646-be25-4691-9f5c-5e560fa5a9b9","timestamp":"2025-04-17T00:10:18.490Z","type":"REQUEST","update":{"$set":{"isDeleted":true}}}
{"class":"GenericService","function":"updateOne","level":"info","matchedCount":1,"message":"Document Updated Successfully","model":"Note","requestId":"c2759646-be25-4691-9f5c-5e560fa5a9b9","timestamp":"2025-04-17T00:10:18.516Z","type":"RESPONSE"}
{"class":"NoteService","customId":"d82cebcf4396eb8bdce4bfc9a458d807","function":"deleteNote","level":"info","message":"Note Deleted Successfully","requestId":"c2759646-be25-4691-9f5c-5e560fa5a9b9","statusCode":200,"timestamp":"2025-04-17T00:10:18.516Z","type":"RESPONSE"}
{"class":"NotesController","customId":"d82cebcf4396eb8bdce4bfc9a458d807","funtion":"deleteNote","level":"info","message":"Note Deleted Successfully","requestId":"c2759646-be25-4691-9f5c-5e560fa5a9b9","response":"Note has been deleted","statusCode":200,"timestamp":"2025-04-17T00:10:18.516Z","type":"RESPONSE","user":"test@gmail.com"}
{"level":"info","message":"Outgoing Response","method":"DELETE","requestId":"c2759646-be25-4691-9f5c-5e560fa5a9b9","statusCode":200,"timestamp":"2025-04-17T00:10:18.516Z","type":"RESPONSE","url":"/api/delete/d82cebcf4396eb8bdce4bfc9a458d807"}
{"level":"info","message":"Incoming Request","method":"OPTIONS","requestId":"9a1717d4-de36-4029-abc4-5f40627dce76","timestamp":"2025-04-17T00:10:32.314Z","type":"REQUEST","url":"/api/delete/d82cebcf4396eb8bdce4bfc9a458d807"}
{"level":"info","message":"Outgoing Response","method":"OPTIONS","requestId":"9a1717d4-de36-4029-abc4-5f40627dce76","statusCode":204,"timestamp":"2025-04-17T00:10:32.315Z","type":"RESPONSE","url":"/api/delete/d82cebcf4396eb8bdce4bfc9a458d807"}
{"level":"info","message":"Incoming Request","method":"DELETE","requestId":"89e8ec5c-efb9-4ea4-8c0e-14c3d8d90ae0","timestamp":"2025-04-17T00:10:32.316Z","type":"REQUEST","url":"/api/delete/d82cebcf4396eb8bdce4bfc9a458d807"}
{"endpoint":"/api/delete/d82cebcf4396eb8bdce4bfc9a458d807","level":"info","message":"Authentication Request","place":"AuthMiddleware","requestId":"89e8ec5c-efb9-4ea4-8c0e-14c3d8d90ae0","timestamp":"2025-04-17T00:10:32.316Z","type":"REQUEST"}
{"level":"info","message":"Authentication Successful","place":"AuthMiddleware","requestId":"89e8ec5c-efb9-4ea4-8c0e-14c3d8d90ae0","statusCode":200,"timestamp":"2025-04-17T00:10:32.318Z","type":"RESPONSE","user":{"email":"test@gmail.com","id":"675732c53bd346493e3b9124"}}
{"class":"NotesController","customId":"d82cebcf4396eb8bdce4bfc9a458d807","funtion":"deleteNote","level":"info","message":"Delete Note Request","requestId":"89e8ec5c-efb9-4ea4-8c0e-14c3d8d90ae0","timestamp":"2025-04-17T00:10:32.318Z","type":"REQUEST","user":"test@gmail.com"}
{"class":"NoteService","customId":"d82cebcf4396eb8bdce4bfc9a458d807","function":"deleteNote","level":"info","message":"Delete Note Request","requestId":"89e8ec5c-efb9-4ea4-8c0e-14c3d8d90ae0","timestamp":"2025-04-17T00:10:32.319Z","type":"REQUEST"}
{"class":"GenericService","function":"updateOne","level":"info","message":"Update Document Request","model":"Note","query":{"customId":"d82cebcf4396eb8bdce4bfc9a458d807"},"requestId":"89e8ec5c-efb9-4ea4-8c0e-14c3d8d90ae0","timestamp":"2025-04-17T00:10:32.320Z","type":"REQUEST","update":{"$set":{"isDeleted":true}}}
{"class":"GenericService","function":"updateOne","level":"info","matchedCount":1,"message":"Document Updated Successfully","model":"Note","requestId":"89e8ec5c-efb9-4ea4-8c0e-14c3d8d90ae0","timestamp":"2025-04-17T00:10:32.342Z","type":"RESPONSE"}
{"class":"NoteService","customId":"d82cebcf4396eb8bdce4bfc9a458d807","function":"deleteNote","level":"info","message":"Note Deleted Successfully","requestId":"89e8ec5c-efb9-4ea4-8c0e-14c3d8d90ae0","statusCode":200,"timestamp":"2025-04-17T00:10:32.342Z","type":"RESPONSE"}
{"class":"NotesController","customId":"d82cebcf4396eb8bdce4bfc9a458d807","funtion":"deleteNote","level":"info","message":"Note Deleted Successfully","requestId":"89e8ec5c-efb9-4ea4-8c0e-14c3d8d90ae0","response":"Note has been deleted","statusCode":200,"timestamp":"2025-04-17T00:10:32.342Z","type":"RESPONSE","user":"test@gmail.com"}
{"level":"info","message":"Outgoing Response","method":"DELETE","requestId":"89e8ec5c-efb9-4ea4-8c0e-14c3d8d90ae0","statusCode":200,"timestamp":"2025-04-17T00:10:32.343Z","type":"RESPONSE","url":"/api/delete/d82cebcf4396eb8bdce4bfc9a458d807"}
{"level":"info","message":"Incoming Request","method":"OPTIONS","requestId":"3c9bc8f7-5fbc-4c71-bd0c-40ef59935f2b","timestamp":"2025-04-17T00:11:07.003Z","type":"REQUEST","url":"/api/delete/d82cebcf4396eb8bdce4bfc9a458d807"}
{"level":"info","message":"Outgoing Response","method":"OPTIONS","requestId":"3c9bc8f7-5fbc-4c71-bd0c-40ef59935f2b","statusCode":204,"timestamp":"2025-04-17T00:11:07.003Z","type":"RESPONSE","url":"/api/delete/d82cebcf4396eb8bdce4bfc9a458d807"}
{"level":"info","message":"Incoming Request","method":"DELETE","requestId":"208797dd-a83b-4ca5-81e8-116ea7528f4d","timestamp":"2025-04-17T00:11:07.004Z","type":"REQUEST","url":"/api/delete/d82cebcf4396eb8bdce4bfc9a458d807"}
{"endpoint":"/api/delete/d82cebcf4396eb8bdce4bfc9a458d807","level":"info","message":"Authentication Request","place":"AuthMiddleware","requestId":"208797dd-a83b-4ca5-81e8-116ea7528f4d","timestamp":"2025-04-17T00:11:07.004Z","type":"REQUEST"}
{"level":"info","message":"Authentication Successful","place":"AuthMiddleware","requestId":"208797dd-a83b-4ca5-81e8-116ea7528f4d","statusCode":200,"timestamp":"2025-04-17T00:11:07.005Z","type":"RESPONSE","user":{"email":"test@gmail.com","id":"675732c53bd346493e3b9124"}}
{"class":"NotesController","customId":"d82cebcf4396eb8bdce4bfc9a458d807","funtion":"deleteNote","level":"info","message":"Delete Note Request","requestId":"208797dd-a83b-4ca5-81e8-116ea7528f4d","timestamp":"2025-04-17T00:11:07.005Z","type":"REQUEST","user":"test@gmail.com"}
{"class":"NoteService","customId":"d82cebcf4396eb8bdce4bfc9a458d807","function":"deleteNote","level":"info","message":"Delete Note Request","requestId":"208797dd-a83b-4ca5-81e8-116ea7528f4d","timestamp":"2025-04-17T00:11:07.005Z","type":"REQUEST"}
{"class":"GenericService","function":"updateOne","level":"info","message":"Update Document Request","model":"Note","query":{"customId":"d82cebcf4396eb8bdce4bfc9a458d807"},"requestId":"208797dd-a83b-4ca5-81e8-116ea7528f4d","timestamp":"2025-04-17T00:11:07.006Z","type":"REQUEST","update":{"$set":{"isDeleted":true}}}
{"class":"GenericService","function":"updateOne","level":"info","matchedCount":1,"message":"Document Updated Successfully","model":"Note","requestId":"208797dd-a83b-4ca5-81e8-116ea7528f4d","timestamp":"2025-04-17T00:11:07.028Z","type":"RESPONSE"}
{"class":"NoteService","customId":"d82cebcf4396eb8bdce4bfc9a458d807","function":"deleteNote","level":"info","message":"Note Deleted Successfully","requestId":"208797dd-a83b-4ca5-81e8-116ea7528f4d","statusCode":200,"timestamp":"2025-04-17T00:11:07.028Z","type":"RESPONSE"}
{"class":"NotesController","customId":"d82cebcf4396eb8bdce4bfc9a458d807","funtion":"deleteNote","level":"info","message":"Note Deleted Successfully","requestId":"208797dd-a83b-4ca5-81e8-116ea7528f4d","response":"Note has been deleted","statusCode":200,"timestamp":"2025-04-17T00:11:07.028Z","type":"RESPONSE","user":"test@gmail.com"}
{"level":"info","message":"Outgoing Response","method":"DELETE","requestId":"208797dd-a83b-4ca5-81e8-116ea7528f4d","statusCode":200,"timestamp":"2025-04-17T00:11:07.029Z","type":"RESPONSE","url":"/api/delete/d82cebcf4396eb8bdce4bfc9a458d807"}
{"level":"info","message":"Incoming Request","method":"DELETE","requestId":"08204046-6b23-4d5f-93cb-e6848bcec8e5","timestamp":"2025-04-17T00:11:07.900Z","type":"REQUEST","url":"/api/delete/d82cebcf4396eb8bdce4bfc9a458d807"}
{"endpoint":"/api/delete/d82cebcf4396eb8bdce4bfc9a458d807","level":"info","message":"Authentication Request","place":"AuthMiddleware","requestId":"08204046-6b23-4d5f-93cb-e6848bcec8e5","timestamp":"2025-04-17T00:11:07.900Z","type":"REQUEST"}
{"level":"info","message":"Authentication Successful","place":"AuthMiddleware","requestId":"08204046-6b23-4d5f-93cb-e6848bcec8e5","statusCode":200,"timestamp":"2025-04-17T00:11:07.901Z","type":"RESPONSE","user":{"email":"test@gmail.com","id":"675732c53bd346493e3b9124"}}
{"class":"NotesController","customId":"d82cebcf4396eb8bdce4bfc9a458d807","funtion":"deleteNote","level":"info","message":"Delete Note Request","requestId":"08204046-6b23-4d5f-93cb-e6848bcec8e5","timestamp":"2025-04-17T00:11:07.901Z","type":"REQUEST","user":"test@gmail.com"}
{"class":"NoteService","customId":"d82cebcf4396eb8bdce4bfc9a458d807","function":"deleteNote","level":"info","message":"Delete Note Request","requestId":"08204046-6b23-4d5f-93cb-e6848bcec8e5","timestamp":"2025-04-17T00:11:07.903Z","type":"REQUEST"}
{"class":"GenericService","function":"updateOne","level":"info","message":"Update Document Request","model":"Note","query":{"customId":"d82cebcf4396eb8bdce4bfc9a458d807"},"requestId":"08204046-6b23-4d5f-93cb-e6848bcec8e5","timestamp":"2025-04-17T00:11:07.903Z","type":"REQUEST","update":{"$set":{"isDeleted":true}}}
{"class":"GenericService","function":"updateOne","level":"info","matchedCount":1,"message":"Document Updated Successfully","model":"Note","requestId":"08204046-6b23-4d5f-93cb-e6848bcec8e5","timestamp":"2025-04-17T00:11:07.925Z","type":"RESPONSE"}
{"class":"NoteService","customId":"d82cebcf4396eb8bdce4bfc9a458d807","function":"deleteNote","level":"info","message":"Note Deleted Successfully","requestId":"08204046-6b23-4d5f-93cb-e6848bcec8e5","statusCode":200,"timestamp":"2025-04-17T00:11:07.925Z","type":"RESPONSE"}
{"class":"NotesController","customId":"d82cebcf4396eb8bdce4bfc9a458d807","funtion":"deleteNote","level":"info","message":"Note Deleted Successfully","requestId":"08204046-6b23-4d5f-93cb-e6848bcec8e5","response":"Note has been deleted","statusCode":200,"timestamp":"2025-04-17T00:11:07.925Z","type":"RESPONSE","user":"test@gmail.com"}
{"level":"info","message":"Outgoing Response","method":"DELETE","requestId":"08204046-6b23-4d5f-93cb-e6848bcec8e5","statusCode":200,"timestamp":"2025-04-17T00:11:07.926Z","type":"RESPONSE","url":"/api/delete/d82cebcf4396eb8bdce4bfc9a458d807"}
{"level":"info","message":"Incoming Request","method":"OPTIONS","requestId":"d5f34794-26c4-4782-a888-cd3a8daaa1d4","timestamp":"2025-04-17T00:14:16.793Z","type":"REQUEST","url":"/api/note/d82cebcf4396eb8bdce4bfc9a458d807"}
{"level":"info","message":"Outgoing Response","method":"OPTIONS","requestId":"d5f34794-26c4-4782-a888-cd3a8daaa1d4","statusCode":204,"timestamp":"2025-04-17T00:14:16.793Z","type":"RESPONSE","url":"/api/note/d82cebcf4396eb8bdce4bfc9a458d807"}
{"level":"info","message":"Incoming Request","method":"OPTIONS","requestId":"463361fa-354f-4ad7-8aaa-f2e92bb6e291","timestamp":"2025-04-17T00:14:16.794Z","type":"REQUEST","url":"/api/note/d82cebcf4396eb8bdce4bfc9a458d807"}
{"level":"info","message":"Outgoing Response","method":"OPTIONS","requestId":"463361fa-354f-4ad7-8aaa-f2e92bb6e291","statusCode":204,"timestamp":"2025-04-17T00:14:16.794Z","type":"RESPONSE","url":"/api/note/d82cebcf4396eb8bdce4bfc9a458d807"}
{"level":"info","message":"Incoming Request","method":"GET","requestId":"d568166b-88a1-4df5-888d-cbbbfca6ccdd","timestamp":"2025-04-17T00:14:16.795Z","type":"REQUEST","url":"/api/note/d82cebcf4396eb8bdce4bfc9a458d807"}
{"endpoint":"/api/note/d82cebcf4396eb8bdce4bfc9a458d807","level":"info","message":"Authentication Request","place":"AuthMiddleware","requestId":"d568166b-88a1-4df5-888d-cbbbfca6ccdd","timestamp":"2025-04-17T00:14:16.795Z","type":"REQUEST"}
{"level":"info","message":"Authentication Successful","place":"AuthMiddleware","requestId":"d568166b-88a1-4df5-888d-cbbbfca6ccdd","statusCode":200,"timestamp":"2025-04-17T00:14:16.795Z","type":"RESPONSE","user":{"email":"test@gmail.com","id":"675732c53bd346493e3b9124"}}
{"class":"NotesController","customId":"d82cebcf4396eb8bdce4bfc9a458d807","funtion":"getNoteById","level":"info","message":"Get Note By ID Request","requestId":"d568166b-88a1-4df5-888d-cbbbfca6ccdd","timestamp":"2025-04-17T00:14:16.796Z","type":"REQUEST","user":"test@gmail.com"}
{"class":"NoteService","customId":"d82cebcf4396eb8bdce4bfc9a458d807","function":"getNoteByIdAndStatus","level":"info","message":"Get Note By ID and Status Request","requestId":"d568166b-88a1-4df5-888d-cbbbfca6ccdd","timestamp":"2025-04-17T00:14:16.796Z","type":"REQUEST"}
{"class":"GenericService","function":"findOne","level":"info","message":"Find Document Request","model":"Note","query":{"customId":"d82cebcf4396eb8bdce4bfc9a458d807"},"requestId":"d568166b-88a1-4df5-888d-cbbbfca6ccdd","timestamp":"2025-04-17T00:14:16.796Z","type":"REQUEST"}
{"class":"GenericService","documentId":"680046db14401643f8caa938","function":"findOne","level":"info","message":"Document Found Successfully","model":"Note","requestId":"d568166b-88a1-4df5-888d-cbbbfca6ccdd","timestamp":"2025-04-17T00:14:16.818Z","type":"RESPONSE"}
{"class":"NoteService","customId":"d82cebcf4396eb8bdce4bfc9a458d807","function":"getNoteByIdAndStatus","level":"warn","message":"Note Deleted or Expired","requestId":"d568166b-88a1-4df5-888d-cbbbfca6ccdd","statusCode":403,"timestamp":"2025-04-17T00:14:16.819Z","type":"RESPONSE"}
{"class":"NotesController","customId":"d82cebcf4396eb8bdce4bfc9a458d807","errorMessage":"Note is deleted or expired","funtion":"getNoteById","level":"warn","message":"Note Not Found or Deleted","requestId":"d568166b-88a1-4df5-888d-cbbbfca6ccdd","statusCode":403,"timestamp":"2025-04-17T00:14:16.819Z","type":"RESPONSE","user":"test@gmail.com"}
{"level":"info","message":"Outgoing Response","method":"GET","requestId":"d568166b-88a1-4df5-888d-cbbbfca6ccdd","statusCode":403,"timestamp":"2025-04-17T00:14:16.819Z","type":"RESPONSE","url":"/api/note/d82cebcf4396eb8bdce4bfc9a458d807"}
{"level":"info","message":"Incoming Request","method":"GET","requestId":"cadab816-dd94-4b23-a58e-35e26529b5c9","timestamp":"2025-04-17T00:14:16.820Z","type":"REQUEST","url":"/api/note/d82cebcf4396eb8bdce4bfc9a458d807"}
{"endpoint":"/api/note/d82cebcf4396eb8bdce4bfc9a458d807","level":"info","message":"Authentication Request","place":"AuthMiddleware","requestId":"cadab816-dd94-4b23-a58e-35e26529b5c9","timestamp":"2025-04-17T00:14:16.820Z","type":"REQUEST"}
{"level":"info","message":"Authentication Successful","place":"AuthMiddleware","requestId":"cadab816-dd94-4b23-a58e-35e26529b5c9","statusCode":200,"timestamp":"2025-04-17T00:14:16.821Z","type":"RESPONSE","user":{"email":"test@gmail.com","id":"675732c53bd346493e3b9124"}}
{"class":"NotesController","customId":"d82cebcf4396eb8bdce4bfc9a458d807","funtion":"getNoteById","level":"info","message":"Get Note By ID Request","requestId":"cadab816-dd94-4b23-a58e-35e26529b5c9","timestamp":"2025-04-17T00:14:16.821Z","type":"REQUEST","user":"test@gmail.com"}
{"class":"NoteService","customId":"d82cebcf4396eb8bdce4bfc9a458d807","function":"getNoteByIdAndStatus","level":"info","message":"Get Note By ID and Status Request","requestId":"cadab816-dd94-4b23-a58e-35e26529b5c9","timestamp":"2025-04-17T00:14:16.821Z","type":"REQUEST"}
{"class":"GenericService","function":"findOne","level":"info","message":"Find Document Request","model":"Note","query":{"customId":"d82cebcf4396eb8bdce4bfc9a458d807"},"requestId":"cadab816-dd94-4b23-a58e-35e26529b5c9","timestamp":"2025-04-17T00:14:16.821Z","type":"REQUEST"}
{"class":"GenericService","documentId":"680046db14401643f8caa938","function":"findOne","level":"info","message":"Document Found Successfully","model":"Note","requestId":"cadab816-dd94-4b23-a58e-35e26529b5c9","timestamp":"2025-04-17T00:14:16.843Z","type":"RESPONSE"}
{"class":"NoteService","customId":"d82cebcf4396eb8bdce4bfc9a458d807","function":"getNoteByIdAndStatus","level":"warn","message":"Note Deleted or Expired","requestId":"cadab816-dd94-4b23-a58e-35e26529b5c9","statusCode":403,"timestamp":"2025-04-17T00:14:16.844Z","type":"RESPONSE"}
{"class":"NotesController","customId":"d82cebcf4396eb8bdce4bfc9a458d807","errorMessage":"Note is deleted or expired","funtion":"getNoteById","level":"warn","message":"Note Not Found or Deleted","requestId":"cadab816-dd94-4b23-a58e-35e26529b5c9","statusCode":403,"timestamp":"2025-04-17T00:14:16.844Z","type":"RESPONSE","user":"test@gmail.com"}
{"level":"info","message":"Outgoing Response","method":"GET","requestId":"cadab816-dd94-4b23-a58e-35e26529b5c9","statusCode":403,"timestamp":"2025-04-17T00:14:16.844Z","type":"RESPONSE","url":"/api/note/d82cebcf4396eb8bdce4bfc9a458d807"}
{"level":"info","message":"Incoming Request","method":"OPTIONS","requestId":"deb3cb10-dd98-4f42-9970-ed2c995491f6","timestamp":"2025-04-17T00:14:36.171Z","type":"REQUEST","url":"/api/note/2313"}
{"level":"info","message":"Outgoing Response","method":"OPTIONS","requestId":"deb3cb10-dd98-4f42-9970-ed2c995491f6","statusCode":204,"timestamp":"2025-04-17T00:14:36.171Z","type":"RESPONSE","url":"/api/note/2313"}
{"level":"info","message":"Incoming Request","method":"OPTIONS","requestId":"a0119fa6-c8c8-44d8-a869-1f35b7eefd7a","timestamp":"2025-04-17T00:14:36.172Z","type":"REQUEST","url":"/api/note/2313"}
{"level":"info","message":"Outgoing Response","method":"OPTIONS","requestId":"a0119fa6-c8c8-44d8-a869-1f35b7eefd7a","statusCode":204,"timestamp":"2025-04-17T00:14:36.172Z","type":"RESPONSE","url":"/api/note/2313"}
{"level":"info","message":"Incoming Request","method":"GET","requestId":"26b1faed-08b7-4509-b9f2-a1e9a54c389e","timestamp":"2025-04-17T00:14:36.173Z","type":"REQUEST","url":"/api/note/2313"}
{"endpoint":"/api/note/2313","level":"info","message":"Authentication Request","place":"AuthMiddleware","requestId":"26b1faed-08b7-4509-b9f2-a1e9a54c389e","timestamp":"2025-04-17T00:14:36.173Z","type":"REQUEST"}
{"level":"info","message":"Authentication Successful","place":"AuthMiddleware","requestId":"26b1faed-08b7-4509-b9f2-a1e9a54c389e","statusCode":200,"timestamp":"2025-04-17T00:14:36.173Z","type":"RESPONSE","user":{"email":"test@gmail.com","id":"675732c53bd346493e3b9124"}}
{"class":"NotesController","customId":"2313","funtion":"getNoteById","level":"info","message":"Get Note By ID Request","requestId":"26b1faed-08b7-4509-b9f2-a1e9a54c389e","timestamp":"2025-04-17T00:14:36.174Z","type":"REQUEST","user":"test@gmail.com"}
{"class":"NoteService","customId":"2313","function":"getNoteByIdAndStatus","level":"info","message":"Get Note By ID and Status Request","requestId":"26b1faed-08b7-4509-b9f2-a1e9a54c389e","timestamp":"2025-04-17T00:14:36.174Z","type":"REQUEST"}
{"class":"GenericService","function":"findOne","level":"info","message":"Find Document Request","model":"Note","query":{"customId":"2313"},"requestId":"26b1faed-08b7-4509-b9f2-a1e9a54c389e","timestamp":"2025-04-17T00:14:36.174Z","type":"REQUEST"}
{"class":"GenericService","function":"findOne","level":"warn","message":"Document Not Found","model":"Note","requestId":"26b1faed-08b7-4509-b9f2-a1e9a54c389e","timestamp":"2025-04-17T00:14:36.197Z","type":"RESPONSE"}
{"class":"NoteService","customId":"2313","function":"getNoteByIdAndStatus","level":"warn","message":"Note Not Found","requestId":"26b1faed-08b7-4509-b9f2-a1e9a54c389e","statusCode":404,"timestamp":"2025-04-17T00:14:36.197Z","type":"RESPONSE"}
{"class":"NotesController","customId":"2313","errorMessage":"Note not found","funtion":"getNoteById","level":"warn","message":"Note Not Found or Deleted","requestId":"26b1faed-08b7-4509-b9f2-a1e9a54c389e","statusCode":404,"timestamp":"2025-04-17T00:14:36.198Z","type":"RESPONSE","user":"test@gmail.com"}
{"level":"info","message":"Outgoing Response","method":"GET","requestId":"26b1faed-08b7-4509-b9f2-a1e9a54c389e","statusCode":404,"timestamp":"2025-04-17T00:14:36.198Z","type":"RESPONSE","url":"/api/note/2313"}
{"level":"info","message":"Incoming Request","method":"GET","requestId":"51c25dc4-2606-4c19-8d0a-22fc78a9bf67","timestamp":"2025-04-17T00:14:36.199Z","type":"REQUEST","url":"/api/note/2313"}
{"endpoint":"/api/note/2313","level":"info","message":"Authentication Request","place":"AuthMiddleware","requestId":"51c25dc4-2606-4c19-8d0a-22fc78a9bf67","timestamp":"2025-04-17T00:14:36.199Z","type":"REQUEST"}
{"level":"info","message":"Authentication Successful","place":"AuthMiddleware","requestId":"51c25dc4-2606-4c19-8d0a-22fc78a9bf67","statusCode":200,"timestamp":"2025-04-17T00:14:36.200Z","type":"RESPONSE","user":{"email":"test@gmail.com","id":"675732c53bd346493e3b9124"}}
{"class":"NotesController","customId":"2313","funtion":"getNoteById","level":"info","message":"Get Note By ID Request","requestId":"51c25dc4-2606-4c19-8d0a-22fc78a9bf67","timestamp":"2025-04-17T00:14:36.200Z","type":"REQUEST","user":"test@gmail.com"}
{"class":"NoteService","customId":"2313","function":"getNoteByIdAndStatus","level":"info","message":"Get Note By ID and Status Request","requestId":"51c25dc4-2606-4c19-8d0a-22fc78a9bf67","timestamp":"2025-04-17T00:14:36.200Z","type":"REQUEST"}
{"class":"GenericService","function":"findOne","level":"info","message":"Find Document Request","model":"Note","query":{"customId":"2313"},"requestId":"51c25dc4-2606-4c19-8d0a-22fc78a9bf67","timestamp":"2025-04-17T00:14:36.200Z","type":"REQUEST"}
{"class":"GenericService","function":"findOne","level":"warn","message":"Document Not Found","model":"Note","requestId":"51c25dc4-2606-4c19-8d0a-22fc78a9bf67","timestamp":"2025-04-17T00:14:36.221Z","type":"RESPONSE"}
{"class":"NoteService","customId":"2313","function":"getNoteByIdAndStatus","level":"warn","message":"Note Not Found","requestId":"51c25dc4-2606-4c19-8d0a-22fc78a9bf67","statusCode":404,"timestamp":"2025-04-17T00:14:36.221Z","type":"RESPONSE"}
{"class":"NotesController","customId":"2313","errorMessage":"Note not found","funtion":"getNoteById","level":"warn","message":"Note Not Found or Deleted","requestId":"51c25dc4-2606-4c19-8d0a-22fc78a9bf67","statusCode":404,"timestamp":"2025-04-17T00:14:36.222Z","type":"RESPONSE","user":"test@gmail.com"}
{"level":"info","message":"Outgoing Response","method":"GET","requestId":"51c25dc4-2606-4c19-8d0a-22fc78a9bf67","statusCode":404,"timestamp":"2025-04-17T00:14:36.222Z","type":"RESPONSE","url":"/api/note/2313"}
{"level":"info","message":"Incoming Request","method":"OPTIONS","requestId":"4e67b6c4-b0f7-49a9-90f6-31a9872a13a3","timestamp":"2025-04-17T00:14:39.028Z","type":"REQUEST","url":"/api/note/undefined"}
{"level":"info","message":"Outgoing Response","method":"OPTIONS","requestId":"4e67b6c4-b0f7-49a9-90f6-31a9872a13a3","statusCode":204,"timestamp":"2025-04-17T00:14:39.028Z","type":"RESPONSE","url":"/api/note/undefined"}
{"level":"info","message":"Incoming Request","method":"GET","requestId":"12ef5495-ce0c-4caf-8757-b31f030c0776","timestamp":"2025-04-17T00:14:39.029Z","type":"REQUEST","url":"/api/note/undefined"}
{"endpoint":"/api/note/undefined","level":"info","message":"Authentication Request","place":"AuthMiddleware","requestId":"12ef5495-ce0c-4caf-8757-b31f030c0776","timestamp":"2025-04-17T00:14:39.030Z","type":"REQUEST"}
{"level":"info","message":"Authentication Successful","place":"AuthMiddleware","requestId":"12ef5495-ce0c-4caf-8757-b31f030c0776","statusCode":200,"timestamp":"2025-04-17T00:14:39.030Z","type":"RESPONSE","user":{"email":"test@gmail.com","id":"675732c53bd346493e3b9124"}}
{"class":"NotesController","customId":"undefined","funtion":"getNoteById","level":"info","message":"Get Note By ID Request","requestId":"12ef5495-ce0c-4caf-8757-b31f030c0776","timestamp":"2025-04-17T00:14:39.030Z","type":"REQUEST","user":"test@gmail.com"}
{"class":"NoteService","customId":"undefined","function":"getNoteByIdAndStatus","level":"info","message":"Get Note By ID and Status Request","requestId":"12ef5495-ce0c-4caf-8757-b31f030c0776","timestamp":"2025-04-17T00:14:39.031Z","type":"REQUEST"}
{"class":"GenericService","function":"findOne","level":"info","message":"Find Document Request","model":"Note","query":{"customId":"undefined"},"requestId":"12ef5495-ce0c-4caf-8757-b31f030c0776","timestamp":"2025-04-17T00:14:39.031Z","type":"REQUEST"}
{"class":"GenericService","function":"findOne","level":"warn","message":"Document Not Found","model":"Note","requestId":"12ef5495-ce0c-4caf-8757-b31f030c0776","timestamp":"2025-04-17T00:14:39.055Z","type":"RESPONSE"}
{"class":"NoteService","customId":"undefined","function":"getNoteByIdAndStatus","level":"warn","message":"Note Not Found","requestId":"12ef5495-ce0c-4caf-8757-b31f030c0776","statusCode":404,"timestamp":"2025-04-17T00:14:39.055Z","type":"RESPONSE"}
{"class":"NotesController","customId":"undefined","errorMessage":"Note not found","funtion":"getNoteById","level":"warn","message":"Note Not Found or Deleted","requestId":"12ef5495-ce0c-4caf-8757-b31f030c0776","statusCode":404,"timestamp":"2025-04-17T00:14:39.055Z","type":"RESPONSE","user":"test@gmail.com"}
{"level":"info","message":"Outgoing Response","method":"GET","requestId":"12ef5495-ce0c-4caf-8757-b31f030c0776","statusCode":404,"timestamp":"2025-04-17T00:14:39.056Z","type":"RESPONSE","url":"/api/note/undefined"}
{"level":"info","message":"Incoming Request","method":"OPTIONS","requestId":"8862247f-3769-411e-bda0-aaddb52b39fd","timestamp":"2025-04-17T00:14:53.605Z","type":"REQUEST","url":"/api/note/asdaf"}
{"level":"info","message":"Outgoing Response","method":"OPTIONS","requestId":"8862247f-3769-411e-bda0-aaddb52b39fd","statusCode":204,"timestamp":"2025-04-17T00:14:53.605Z","type":"RESPONSE","url":"/api/note/asdaf"}
{"level":"info","message":"Incoming Request","method":"OPTIONS","requestId":"89434514-7b21-44d1-963b-251a76554885","timestamp":"2025-04-17T00:14:53.605Z","type":"REQUEST","url":"/api/note/asdaf"}
{"level":"info","message":"Outgoing Response","method":"OPTIONS","requestId":"89434514-7b21-44d1-963b-251a76554885","statusCode":204,"timestamp":"2025-04-17T00:14:53.606Z","type":"RESPONSE","url":"/api/note/asdaf"}
{"level":"info","message":"Incoming Request","method":"GET","requestId":"76d97ffa-6eed-4771-bbd2-3b5c92edc440","timestamp":"2025-04-17T00:14:53.607Z","type":"REQUEST","url":"/api/note/asdaf"}
{"endpoint":"/api/note/asdaf","level":"info","message":"Authentication Request","place":"AuthMiddleware","requestId":"76d97ffa-6eed-4771-bbd2-3b5c92edc440","timestamp":"2025-04-17T00:14:53.607Z","type":"REQUEST"}
{"level":"info","message":"Authentication Successful","place":"AuthMiddleware","requestId":"76d97ffa-6eed-4771-bbd2-3b5c92edc440","statusCode":200,"timestamp":"2025-04-17T00:14:53.608Z","type":"RESPONSE","user":{"email":"test@gmail.com","id":"675732c53bd346493e3b9124"}}
{"class":"NotesController","customId":"asdaf","funtion":"getNoteById","level":"info","message":"Get Note By ID Request","requestId":"76d97ffa-6eed-4771-bbd2-3b5c92edc440","timestamp":"2025-04-17T00:14:53.608Z","type":"REQUEST","user":"test@gmail.com"}
{"class":"NoteService","customId":"asdaf","function":"getNoteByIdAndStatus","level":"info","message":"Get Note By ID and Status Request","requestId":"76d97ffa-6eed-4771-bbd2-3b5c92edc440","timestamp":"2025-04-17T00:14:53.608Z","type":"REQUEST"}
{"class":"GenericService","function":"findOne","level":"info","message":"Find Document Request","model":"Note","query":{"customId":"asdaf"},"requestId":"76d97ffa-6eed-4771-bbd2-3b5c92edc440","timestamp":"2025-04-17T00:14:53.608Z","type":"REQUEST"}
{"class":"GenericService","function":"findOne","level":"warn","message":"Document Not Found","model":"Note","requestId":"76d97ffa-6eed-4771-bbd2-3b5c92edc440","timestamp":"2025-04-17T00:14:53.629Z","type":"RESPONSE"}
{"class":"NoteService","customId":"asdaf","function":"getNoteByIdAndStatus","level":"warn","message":"Note Not Found","requestId":"76d97ffa-6eed-4771-bbd2-3b5c92edc440","statusCode":404,"timestamp":"2025-04-17T00:14:53.630Z","type":"RESPONSE"}
{"class":"NotesController","customId":"asdaf","errorMessage":"Note not found","funtion":"getNoteById","level":"warn","message":"Note Not Found or Deleted","requestId":"76d97ffa-6eed-4771-bbd2-3b5c92edc440","statusCode":404,"timestamp":"2025-04-17T00:14:53.630Z","type":"RESPONSE","user":"test@gmail.com"}
{"level":"info","message":"Outgoing Response","method":"GET","requestId":"76d97ffa-6eed-4771-bbd2-3b5c92edc440","statusCode":404,"timestamp":"2025-04-17T00:14:53.630Z","type":"RESPONSE","url":"/api/note/asdaf"}
{"level":"info","message":"Incoming Request","method":"GET","requestId":"ab0b8bee-bc2f-488e-b738-b639d4cc1db4","timestamp":"2025-04-17T00:14:53.631Z","type":"REQUEST","url":"/api/note/asdaf"}
{"endpoint":"/api/note/asdaf","level":"info","message":"Authentication Request","place":"AuthMiddleware","requestId":"ab0b8bee-bc2f-488e-b738-b639d4cc1db4","timestamp":"2025-04-17T00:14:53.631Z","type":"REQUEST"}
{"level":"info","message":"Authentication Successful","place":"AuthMiddleware","requestId":"ab0b8bee-bc2f-488e-b738-b639d4cc1db4","statusCode":200,"timestamp":"2025-04-17T00:14:53.632Z","type":"RESPONSE","user":{"email":"test@gmail.com","id":"675732c53bd346493e3b9124"}}
{"class":"NotesController","customId":"asdaf","funtion":"getNoteById","level":"info","message":"Get Note By ID Request","requestId":"ab0b8bee-bc2f-488e-b738-b639d4cc1db4","timestamp":"2025-04-17T00:14:53.632Z","type":"REQUEST","user":"test@gmail.com"}
{"class":"NoteService","customId":"asdaf","function":"getNoteByIdAndStatus","level":"info","message":"Get Note By ID and Status Request","requestId":"ab0b8bee-bc2f-488e-b738-b639d4cc1db4","timestamp":"2025-04-17T00:14:53.632Z","type":"REQUEST"}
{"class":"GenericService","function":"findOne","level":"info","message":"Find Document Request","model":"Note","query":{"customId":"asdaf"},"requestId":"ab0b8bee-bc2f-488e-b738-b639d4cc1db4","timestamp":"2025-04-17T00:14:53.632Z","type":"REQUEST"}
{"class":"GenericService","function":"findOne","level":"warn","message":"Document Not Found","model":"Note","requestId":"ab0b8bee-bc2f-488e-b738-b639d4cc1db4","timestamp":"2025-04-17T00:14:53.655Z","type":"RESPONSE"}
{"class":"NoteService","customId":"asdaf","function":"getNoteByIdAndStatus","level":"warn","message":"Note Not Found","requestId":"ab0b8bee-bc2f-488e-b738-b639d4cc1db4","statusCode":404,"timestamp":"2025-04-17T00:14:53.656Z","type":"RESPONSE"}
{"class":"NotesController","customId":"asdaf","errorMessage":"Note not found","funtion":"getNoteById","level":"warn","message":"Note Not Found or Deleted","requestId":"ab0b8bee-bc2f-488e-b738-b639d4cc1db4","statusCode":404,"timestamp":"2025-04-17T00:14:53.656Z","type":"RESPONSE","user":"test@gmail.com"}
{"level":"info","message":"Outgoing Response","method":"GET","requestId":"ab0b8bee-bc2f-488e-b738-b639d4cc1db4","statusCode":404,"timestamp":"2025-04-17T00:14:53.656Z","type":"RESPONSE","url":"/api/note/asdaf"}
{"level":"info","message":"Incoming Request","method":"OPTIONS","requestId":"009e4b08-96e9-471f-a56f-356ff0e6f47b","timestamp":"2025-04-17T00:15:16.597Z","type":"REQUEST","url":"/api/note/asdaf"}
{"level":"info","message":"Outgoing Response","method":"OPTIONS","requestId":"009e4b08-96e9-471f-a56f-356ff0e6f47b","statusCode":204,"timestamp":"2025-04-17T00:15:16.598Z","type":"RESPONSE","url":"/api/note/asdaf"}
{"level":"info","message":"Incoming Request","method":"GET","requestId":"5cd23442-136b-4643-9ee5-b68935d2f9bb","timestamp":"2025-04-17T00:15:16.600Z","type":"REQUEST","url":"/api/note/asdaf"}
{"endpoint":"/api/note/asdaf","level":"info","message":"Authentication Request","place":"AuthMiddleware","requestId":"5cd23442-136b-4643-9ee5-b68935d2f9bb","timestamp":"2025-04-17T00:15:16.600Z","type":"REQUEST"}
{"level":"info","message":"Authentication Successful","place":"AuthMiddleware","requestId":"5cd23442-136b-4643-9ee5-b68935d2f9bb","statusCode":200,"timestamp":"2025-04-17T00:15:16.600Z","type":"RESPONSE","user":{"email":"test@gmail.com","id":"675732c53bd346493e3b9124"}}
{"class":"NotesController","customId":"asdaf","funtion":"getNoteById","level":"info","message":"Get Note By ID Request","requestId":"5cd23442-136b-4643-9ee5-b68935d2f9bb","timestamp":"2025-04-17T00:15:16.601Z","type":"REQUEST","user":"test@gmail.com"}
{"class":"NoteService","customId":"asdaf","function":"getNoteByIdAndStatus","level":"info","message":"Get Note By ID and Status Request","requestId":"5cd23442-136b-4643-9ee5-b68935d2f9bb","timestamp":"2025-04-17T00:15:16.601Z","type":"REQUEST"}
{"class":"GenericService","function":"findOne","level":"info","message":"Find Document Request","model":"Note","query":{"customId":"asdaf"},"requestId":"5cd23442-136b-4643-9ee5-b68935d2f9bb","timestamp":"2025-04-17T00:15:16.601Z","type":"REQUEST"}
{"class":"GenericService","function":"findOne","level":"warn","message":"Document Not Found","model":"Note","requestId":"5cd23442-136b-4643-9ee5-b68935d2f9bb","timestamp":"2025-04-17T00:15:16.623Z","type":"RESPONSE"}
{"class":"NoteService","customId":"asdaf","function":"getNoteByIdAndStatus","level":"warn","message":"Note Not Found","requestId":"5cd23442-136b-4643-9ee5-b68935d2f9bb","statusCode":404,"timestamp":"2025-04-17T00:15:16.624Z","type":"RESPONSE"}
{"class":"NotesController","customId":"asdaf","errorMessage":"Note not found","funtion":"getNoteById","level":"warn","message":"Note Not Found or Deleted","requestId":"5cd23442-136b-4643-9ee5-b68935d2f9bb","statusCode":404,"timestamp":"2025-04-17T00:15:16.624Z","type":"RESPONSE","user":"test@gmail.com"}
{"level":"info","message":"Outgoing Response","method":"GET","requestId":"5cd23442-136b-4643-9ee5-b68935d2f9bb","statusCode":404,"timestamp":"2025-04-17T00:15:16.625Z","type":"RESPONSE","url":"/api/note/asdaf"}
{"level":"info","message":"Incoming Request","method":"OPTIONS","requestId":"19607c5a-566b-4714-a202-f3838ddd8590","timestamp":"2025-04-17T00:15:27.686Z","type":"REQUEST","url":"/api/note/asdfa"}
{"level":"info","message":"Outgoing Response","method":"OPTIONS","requestId":"19607c5a-566b-4714-a202-f3838ddd8590","statusCode":204,"timestamp":"2025-04-17T00:15:27.687Z","type":"RESPONSE","url":"/api/note/asdfa"}
{"level":"info","message":"Incoming Request","method":"OPTIONS","requestId":"c83f1e03-29d4-496e-9562-0074845a05cf","timestamp":"2025-04-17T00:15:27.688Z","type":"REQUEST","url":"/api/note/asdfa"}
{"level":"info","message":"Outgoing Response","method":"OPTIONS","requestId":"c83f1e03-29d4-496e-9562-0074845a05cf","statusCode":204,"timestamp":"2025-04-17T00:15:27.688Z","type":"RESPONSE","url":"/api/note/asdfa"}
{"level":"info","message":"Incoming Request","method":"GET","requestId":"b418d2ae-c4a3-4246-bfd4-5a33d9d13b0b","timestamp":"2025-04-17T00:15:27.689Z","type":"REQUEST","url":"/api/note/asdfa"}
{"endpoint":"/api/note/asdfa","level":"info","message":"Authentication Request","place":"AuthMiddleware","requestId":"b418d2ae-c4a3-4246-bfd4-5a33d9d13b0b","timestamp":"2025-04-17T00:15:27.689Z","type":"REQUEST"}
{"level":"info","message":"Authentication Successful","place":"AuthMiddleware","requestId":"b418d2ae-c4a3-4246-bfd4-5a33d9d13b0b","statusCode":200,"timestamp":"2025-04-17T00:15:27.690Z","type":"RESPONSE","user":{"email":"test@gmail.com","id":"675732c53bd346493e3b9124"}}
{"class":"NotesController","customId":"asdfa","funtion":"getNoteById","level":"info","message":"Get Note By ID Request","requestId":"b418d2ae-c4a3-4246-bfd4-5a33d9d13b0b","timestamp":"2025-04-17T00:15:27.690Z","type":"REQUEST","user":"test@gmail.com"}
{"class":"NoteService","customId":"asdfa","function":"getNoteByIdAndStatus","level":"info","message":"Get Note By ID and Status Request","requestId":"b418d2ae-c4a3-4246-bfd4-5a33d9d13b0b","timestamp":"2025-04-17T00:15:27.690Z","type":"REQUEST"}
{"class":"GenericService","function":"findOne","level":"info","message":"Find Document Request","model":"Note","query":{"customId":"asdfa"},"requestId":"b418d2ae-c4a3-4246-bfd4-5a33d9d13b0b","timestamp":"2025-04-17T00:15:27.690Z","type":"REQUEST"}
{"class":"GenericService","function":"findOne","level":"warn","message":"Document Not Found","model":"Note","requestId":"b418d2ae-c4a3-4246-bfd4-5a33d9d13b0b","timestamp":"2025-04-17T00:15:27.713Z","type":"RESPONSE"}
{"class":"NoteService","customId":"asdfa","function":"getNoteByIdAndStatus","level":"warn","message":"Note Not Found","requestId":"b418d2ae-c4a3-4246-bfd4-5a33d9d13b0b","statusCode":404,"timestamp":"2025-04-17T00:15:27.713Z","type":"RESPONSE"}
{"class":"NotesController","customId":"asdfa","errorMessage":"Note not found","funtion":"getNoteById","level":"warn","message":"Note Not Found or Deleted","requestId":"b418d2ae-c4a3-4246-bfd4-5a33d9d13b0b","statusCode":404,"timestamp":"2025-04-17T00:15:27.713Z","type":"RESPONSE","user":"test@gmail.com"}
{"level":"info","message":"Outgoing Response","method":"GET","requestId":"b418d2ae-c4a3-4246-bfd4-5a33d9d13b0b","statusCode":404,"timestamp":"2025-04-17T00:15:27.714Z","type":"RESPONSE","url":"/api/note/asdfa"}
{"level":"info","message":"Incoming Request","method":"GET","requestId":"2ebe0c88-7809-428f-9e84-b1e8881ea445","timestamp":"2025-04-17T00:15:27.714Z","type":"REQUEST","url":"/api/note/asdfa"}
{"endpoint":"/api/note/asdfa","level":"info","message":"Authentication Request","place":"AuthMiddleware","requestId":"2ebe0c88-7809-428f-9e84-b1e8881ea445","timestamp":"2025-04-17T00:15:27.714Z","type":"REQUEST"}
{"level":"info","message":"Authentication Successful","place":"AuthMiddleware","requestId":"2ebe0c88-7809-428f-9e84-b1e8881ea445","statusCode":200,"timestamp":"2025-04-17T00:15:27.715Z","type":"RESPONSE","user":{"email":"test@gmail.com","id":"675732c53bd346493e3b9124"}}
{"class":"NotesController","customId":"asdfa","funtion":"getNoteById","level":"info","message":"Get Note By ID Request","requestId":"2ebe0c88-7809-428f-9e84-b1e8881ea445","timestamp":"2025-04-17T00:15:27.716Z","type":"REQUEST","user":"test@gmail.com"}
{"class":"NoteService","customId":"asdfa","function":"getNoteByIdAndStatus","level":"info","message":"Get Note By ID and Status Request","requestId":"2ebe0c88-7809-428f-9e84-b1e8881ea445","timestamp":"2025-04-17T00:15:27.716Z","type":"REQUEST"}
{"class":"GenericService","function":"findOne","level":"info","message":"Find Document Request","model":"Note","query":{"customId":"asdfa"},"requestId":"2ebe0c88-7809-428f-9e84-b1e8881ea445","timestamp":"2025-04-17T00:15:27.716Z","type":"REQUEST"}
{"class":"GenericService","function":"findOne","level":"warn","message":"Document Not Found","model":"Note","requestId":"2ebe0c88-7809-428f-9e84-b1e8881ea445","timestamp":"2025-04-17T00:15:27.739Z","type":"RESPONSE"}
{"class":"NoteService","customId":"asdfa","function":"getNoteByIdAndStatus","level":"warn","message":"Note Not Found","requestId":"2ebe0c88-7809-428f-9e84-b1e8881ea445","statusCode":404,"timestamp":"2025-04-17T00:15:27.739Z","type":"RESPONSE"}
{"class":"NotesController","customId":"asdfa","errorMessage":"Note not found","funtion":"getNoteById","level":"warn","message":"Note Not Found or Deleted","requestId":"2ebe0c88-7809-428f-9e84-b1e8881ea445","statusCode":404,"timestamp":"2025-04-17T00:15:27.739Z","type":"RESPONSE","user":"test@gmail.com"}
{"level":"info","message":"Outgoing Response","method":"GET","requestId":"2ebe0c88-7809-428f-9e84-b1e8881ea445","statusCode":404,"timestamp":"2025-04-17T00:15:27.739Z","type":"RESPONSE","url":"/api/note/asdfa"}
{"level":"info","message":"Incoming Request","method":"OPTIONS","requestId":"dc6bbeff-7baa-430e-9fe2-d220b997b1d2","timestamp":"2025-04-17T00:15:29.176Z","type":"REQUEST","url":"/api/note/undefined"}
{"level":"info","message":"Outgoing Response","method":"OPTIONS","requestId":"dc6bbeff-7baa-430e-9fe2-d220b997b1d2","statusCode":204,"timestamp":"2025-04-17T00:15:29.177Z","type":"RESPONSE","url":"/api/note/undefined"}
{"level":"info","message":"Incoming Request","method":"GET","requestId":"8b0e5a28-d330-4bee-ad3c-5313af3433d6","timestamp":"2025-04-17T00:15:29.179Z","type":"REQUEST","url":"/api/note/undefined"}
{"endpoint":"/api/note/undefined","level":"info","message":"Authentication Request","place":"AuthMiddleware","requestId":"8b0e5a28-d330-4bee-ad3c-5313af3433d6","timestamp":"2025-04-17T00:15:29.179Z","type":"REQUEST"}
{"level":"info","message":"Authentication Successful","place":"AuthMiddleware","requestId":"8b0e5a28-d330-4bee-ad3c-5313af3433d6","statusCode":200,"timestamp":"2025-04-17T00:15:29.179Z","type":"RESPONSE","user":{"email":"test@gmail.com","id":"675732c53bd346493e3b9124"}}
{"class":"NotesController","customId":"undefined","funtion":"getNoteById","level":"info","message":"Get Note By ID Request","requestId":"8b0e5a28-d330-4bee-ad3c-5313af3433d6","timestamp":"2025-04-17T00:15:29.179Z","type":"REQUEST","user":"test@gmail.com"}
{"class":"NoteService","customId":"undefined","function":"getNoteByIdAndStatus","level":"info","message":"Get Note By ID and Status Request","requestId":"8b0e5a28-d330-4bee-ad3c-5313af3433d6","timestamp":"2025-04-17T00:15:29.179Z","type":"REQUEST"}
{"class":"GenericService","function":"findOne","level":"info","message":"Find Document Request","model":"Note","query":{"customId":"undefined"},"requestId":"8b0e5a28-d330-4bee-ad3c-5313af3433d6","timestamp":"2025-04-17T00:15:29.179Z","type":"REQUEST"}
{"class":"GenericService","function":"findOne","level":"warn","message":"Document Not Found","model":"Note","requestId":"8b0e5a28-d330-4bee-ad3c-5313af3433d6","timestamp":"2025-04-17T00:15:29.201Z","type":"RESPONSE"}
{"class":"NoteService","customId":"undefined","function":"getNoteByIdAndStatus","level":"warn","message":"Note Not Found","requestId":"8b0e5a28-d330-4bee-ad3c-5313af3433d6","statusCode":404,"timestamp":"2025-04-17T00:15:29.201Z","type":"RESPONSE"}
{"class":"NotesController","customId":"undefined","errorMessage":"Note not found","funtion":"getNoteById","level":"warn","message":"Note Not Found or Deleted","requestId":"8b0e5a28-d330-4bee-ad3c-5313af3433d6","statusCode":404,"timestamp":"2025-04-17T00:15:29.201Z","type":"RESPONSE","user":"test@gmail.com"}
{"level":"info","message":"Outgoing Response","method":"GET","requestId":"8b0e5a28-d330-4bee-ad3c-5313af3433d6","statusCode":404,"timestamp":"2025-04-17T00:15:29.202Z","type":"RESPONSE","url":"/api/note/undefined"}
{"level":"info","message":"Incoming Request","method":"OPTIONS","requestId":"7b13edbc-3f56-4b63-a03b-44d82622ed32","timestamp":"2025-04-17T00:15:54.164Z","type":"REQUEST","url":"/api/note/undefined"}
{"level":"info","message":"Outgoing Response","method":"OPTIONS","requestId":"7b13edbc-3f56-4b63-a03b-44d82622ed32","statusCode":204,"timestamp":"2025-04-17T00:15:54.165Z","type":"RESPONSE","url":"/api/note/undefined"}
{"level":"info","message":"Incoming Request","method":"GET","requestId":"91b71140-3102-46be-9a60-5ebfa1d55d6d","timestamp":"2025-04-17T00:15:54.166Z","type":"REQUEST","url":"/api/note/undefined"}
{"endpoint":"/api/note/undefined","level":"info","message":"Authentication Request","place":"AuthMiddleware","requestId":"91b71140-3102-46be-9a60-5ebfa1d55d6d","timestamp":"2025-04-17T00:15:54.166Z","type":"REQUEST"}
{"level":"info","message":"Authentication Successful","place":"AuthMiddleware","requestId":"91b71140-3102-46be-9a60-5ebfa1d55d6d","statusCode":200,"timestamp":"2025-04-17T00:15:54.167Z","type":"RESPONSE","user":{"email":"test@gmail.com","id":"675732c53bd346493e3b9124"}}
{"class":"NotesController","customId":"undefined","funtion":"getNoteById","level":"info","message":"Get Note By ID Request","requestId":"91b71140-3102-46be-9a60-5ebfa1d55d6d","timestamp":"2025-04-17T00:15:54.167Z","type":"REQUEST","user":"test@gmail.com"}
{"class":"NoteService","customId":"undefined","function":"getNoteByIdAndStatus","level":"info","message":"Get Note By ID and Status Request","requestId":"91b71140-3102-46be-9a60-5ebfa1d55d6d","timestamp":"2025-04-17T00:15:54.167Z","type":"REQUEST"}
{"class":"GenericService","function":"findOne","level":"info","message":"Find Document Request","model":"Note","query":{"customId":"undefined"},"requestId":"91b71140-3102-46be-9a60-5ebfa1d55d6d","timestamp":"2025-04-17T00:15:54.167Z","type":"REQUEST"}
{"class":"GenericService","function":"findOne","level":"warn","message":"Document Not Found","model":"Note","requestId":"91b71140-3102-46be-9a60-5ebfa1d55d6d","timestamp":"2025-04-17T00:15:54.189Z","type":"RESPONSE"}
{"class":"NoteService","customId":"undefined","function":"getNoteByIdAndStatus","level":"warn","message":"Note Not Found","requestId":"91b71140-3102-46be-9a60-5ebfa1d55d6d","statusCode":404,"timestamp":"2025-04-17T00:15:54.189Z","type":"RESPONSE"}
{"class":"NotesController","customId":"undefined","errorMessage":"Note not found","funtion":"getNoteById","level":"warn","message":"Note Not Found or Deleted","requestId":"91b71140-3102-46be-9a60-5ebfa1d55d6d","statusCode":404,"timestamp":"2025-04-17T00:15:54.189Z","type":"RESPONSE","user":"test@gmail.com"}
{"level":"info","message":"Outgoing Response","method":"GET","requestId":"91b71140-3102-46be-9a60-5ebfa1d55d6d","statusCode":404,"timestamp":"2025-04-17T00:15:54.190Z","type":"RESPONSE","url":"/api/note/undefined"}
{"level":"info","message":"Incoming Request","method":"OPTIONS","requestId":"54a7860f-7ad9-4e5c-835e-b89a3b162b3a","timestamp":"2025-04-17T00:16:00.661Z","type":"REQUEST","url":"/api/note/undefined"}
{"level":"info","message":"Outgoing Response","method":"OPTIONS","requestId":"54a7860f-7ad9-4e5c-835e-b89a3b162b3a","statusCode":204,"timestamp":"2025-04-17T00:16:00.661Z","type":"RESPONSE","url":"/api/note/undefined"}
{"level":"info","message":"Incoming Request","method":"GET","requestId":"08aa2686-0623-4e39-af7c-ffd25f34e3f0","timestamp":"2025-04-17T00:16:00.662Z","type":"REQUEST","url":"/api/note/undefined"}
{"endpoint":"/api/note/undefined","level":"info","message":"Authentication Request","place":"AuthMiddleware","requestId":"08aa2686-0623-4e39-af7c-ffd25f34e3f0","timestamp":"2025-04-17T00:16:00.662Z","type":"REQUEST"}
{"level":"info","message":"Authentication Successful","place":"AuthMiddleware","requestId":"08aa2686-0623-4e39-af7c-ffd25f34e3f0","statusCode":200,"timestamp":"2025-04-17T00:16:00.663Z","type":"RESPONSE","user":{"email":"test@gmail.com","id":"675732c53bd346493e3b9124"}}
{"class":"NotesController","customId":"undefined","funtion":"getNoteById","level":"info","message":"Get Note By ID Request","requestId":"08aa2686-0623-4e39-af7c-ffd25f34e3f0","timestamp":"2025-04-17T00:16:00.663Z","type":"REQUEST","user":"test@gmail.com"}
{"class":"NoteService","customId":"undefined","function":"getNoteByIdAndStatus","level":"info","message":"Get Note By ID and Status Request","requestId":"08aa2686-0623-4e39-af7c-ffd25f34e3f0","timestamp":"2025-04-17T00:16:00.663Z","type":"REQUEST"}
{"class":"GenericService","function":"findOne","level":"info","message":"Find Document Request","model":"Note","query":{"customId":"undefined"},"requestId":"08aa2686-0623-4e39-af7c-ffd25f34e3f0","timestamp":"2025-04-17T00:16:00.663Z","type":"REQUEST"}
{"class":"GenericService","function":"findOne","level":"warn","message":"Document Not Found","model":"Note","requestId":"08aa2686-0623-4e39-af7c-ffd25f34e3f0","timestamp":"2025-04-17T00:16:00.686Z","type":"RESPONSE"}
{"class":"NoteService","customId":"undefined","function":"getNoteByIdAndStatus","level":"warn","message":"Note Not Found","requestId":"08aa2686-0623-4e39-af7c-ffd25f34e3f0","statusCode":404,"timestamp":"2025-04-17T00:16:00.686Z","type":"RESPONSE"}
{"class":"NotesController","customId":"undefined","errorMessage":"Note not found","funtion":"getNoteById","level":"warn","message":"Note Not Found or Deleted","requestId":"08aa2686-0623-4e39-af7c-ffd25f34e3f0","statusCode":404,"timestamp":"2025-04-17T00:16:00.686Z","type":"RESPONSE","user":"test@gmail.com"}
{"level":"info","message":"Outgoing Response","method":"GET","requestId":"08aa2686-0623-4e39-af7c-ffd25f34e3f0","statusCode":404,"timestamp":"2025-04-17T00:16:00.687Z","type":"RESPONSE","url":"/api/note/undefined"}
{"level":"info","message":"Incoming Request","method":"OPTIONS","requestId":"de09ca8b-de1d-4be2-8727-9af8b824c7df","timestamp":"2025-04-17T00:16:54.894Z","type":"REQUEST","url":"/api/note"}
{"level":"info","message":"Outgoing Response","method":"OPTIONS","requestId":"de09ca8b-de1d-4be2-8727-9af8b824c7df","statusCode":204,"timestamp":"2025-04-17T00:16:54.894Z","type":"RESPONSE","url":"/api/note"}
{"level":"info","message":"Incoming Request","method":"POST","requestId":"8c518180-4ece-4979-93cd-4b457122d1b6","timestamp":"2025-04-17T00:16:54.896Z","type":"REQUEST","url":"/api/note"}
{"endpoint":"/api/note","level":"info","message":"Authentication Request","place":"AuthMiddleware","requestId":"8c518180-4ece-4979-93cd-4b457122d1b6","timestamp":"2025-04-17T00:16:54.896Z","type":"REQUEST"}
{"level":"info","message":"Authentication Successful","place":"AuthMiddleware","requestId":"8c518180-4ece-4979-93cd-4b457122d1b6","statusCode":200,"timestamp":"2025-04-17T00:16:54.897Z","type":"RESPONSE","user":{"email":"test@gmail.com","id":"675732c53bd346493e3b9124"}}
{"class":"NotesController","funtion":"createNote","level":"info","message":"Create Note Request","payload":{"confirmBeforeDestruction":false,"email":"","noteText":"asdfa","password":"","referenceName":"","selfDestructTime":"After reading it"},"requestId":"8c518180-4ece-4979-93cd-4b457122d1b6","timestamp":"2025-04-17T00:16:54.897Z","type":"REQUEST","user":"test@gmail.com"}
{"class":"NoteService","function":"createNote","level":"info","message":"Create Note Request","payload":{"confirmBeforeDestruction":false,"email":"","noteText":"asdfa","password":"","referenceName":"","selfDestructTime":"After reading it"},"requestId":"MISSING","timestamp":"2025-04-17T00:16:54.897Z","type":"REQUEST"}
{"class":"NoteService","function":"createNote","level":"info","message":"Note Created Successfully","noteId":"cbe06d0640573b2f824ae91b6cd0c303","requestId":"MISSING","statusCode":201,"timestamp":"2025-04-17T00:16:54.935Z","type":"RESPONSE"}
{"class":"NotesController","funtion":"createNote","level":"info","message":"Note Created Successfully","requestId":"8c518180-4ece-4979-93cd-4b457122d1b6","response":{"message":"Note created","noteId":"cbe06d0640573b2f824ae91b6cd0c303"},"statusCode":200,"timestamp":"2025-04-17T00:16:54.936Z","type":"RESPONSE","user":"test@gmail.com"}
{"level":"info","message":"Outgoing Response","method":"POST","requestId":"8c518180-4ece-4979-93cd-4b457122d1b6","statusCode":200,"timestamp":"2025-04-17T00:16:54.936Z","type":"RESPONSE","url":"/api/note"}
{"level":"info","message":"Incoming Request","method":"OPTIONS","requestId":"22f0a4cc-934d-4974-b9e1-6ef1b2de017f","timestamp":"2025-04-17T00:16:58.437Z","type":"REQUEST","url":"/api/note/cbe06d0640573b2f824ae91b6cd0c303"}
{"level":"info","message":"Outgoing Response","method":"OPTIONS","requestId":"22f0a4cc-934d-4974-b9e1-6ef1b2de017f","statusCode":204,"timestamp":"2025-04-17T00:16:58.438Z","type":"RESPONSE","url":"/api/note/cbe06d0640573b2f824ae91b6cd0c303"}
{"level":"info","message":"Incoming Request","method":"OPTIONS","requestId":"d9ea1b30-ca16-457c-9eef-dcd958885857","timestamp":"2025-04-17T00:16:58.440Z","type":"REQUEST","url":"/api/note/cbe06d0640573b2f824ae91b6cd0c303"}
{"level":"info","message":"Outgoing Response","method":"OPTIONS","requestId":"d9ea1b30-ca16-457c-9eef-dcd958885857","statusCode":204,"timestamp":"2025-04-17T00:16:58.441Z","type":"RESPONSE","url":"/api/note/cbe06d0640573b2f824ae91b6cd0c303"}
{"level":"info","message":"Incoming Request","method":"GET","requestId":"36a76727-bced-442d-8d56-5d089182bdf6","timestamp":"2025-04-17T00:16:58.442Z","type":"REQUEST","url":"/api/note/cbe06d0640573b2f824ae91b6cd0c303"}
{"endpoint":"/api/note/cbe06d0640573b2f824ae91b6cd0c303","level":"info","message":"Authentication Request","place":"AuthMiddleware","requestId":"36a76727-bced-442d-8d56-5d089182bdf6","timestamp":"2025-04-17T00:16:58.442Z","type":"REQUEST"}
{"level":"info","message":"Authentication Successful","place":"AuthMiddleware","requestId":"36a76727-bced-442d-8d56-5d089182bdf6","statusCode":200,"timestamp":"2025-04-17T00:16:58.443Z","type":"RESPONSE","user":{"email":"test@gmail.com","id":"675732c53bd346493e3b9124"}}
{"class":"NotesController","customId":"cbe06d0640573b2f824ae91b6cd0c303","funtion":"getNoteById","level":"info","message":"Get Note By ID Request","requestId":"36a76727-bced-442d-8d56-5d089182bdf6","timestamp":"2025-04-17T00:16:58.443Z","type":"REQUEST","user":"test@gmail.com"}
{"class":"NoteService","customId":"cbe06d0640573b2f824ae91b6cd0c303","function":"getNoteByIdAndStatus","level":"info","message":"Get Note By ID and Status Request","requestId":"36a76727-bced-442d-8d56-5d089182bdf6","timestamp":"2025-04-17T00:16:58.444Z","type":"REQUEST"}
{"class":"GenericService","function":"findOne","level":"info","message":"Find Document Request","model":"Note","query":{"customId":"cbe06d0640573b2f824ae91b6cd0c303"},"requestId":"36a76727-bced-442d-8d56-5d089182bdf6","timestamp":"2025-04-17T00:16:58.444Z","type":"REQUEST"}
{"class":"GenericService","documentId":"6800487614401643f8caa953","function":"findOne","level":"info","message":"Document Found Successfully","model":"Note","requestId":"36a76727-bced-442d-8d56-5d089182bdf6","timestamp":"2025-04-17T00:16:58.466Z","type":"RESPONSE"}
{"class":"NoteService","customId":"cbe06d0640573b2f824ae91b6cd0c303","function":"getNoteByIdAndStatus","level":"info","message":"Note Retrieved Successfully","note":{"text":"asdfa"},"requestId":"36a76727-bced-442d-8d56-5d089182bdf6","statusCode":200,"timestamp":"2025-04-17T00:16:58.466Z","type":"RESPONSE"}
{"class":"NotesController","customId":"cbe06d0640573b2f824ae91b6cd0c303","funtion":"getNoteById","level":"info","message":"Note Retrieved Successfully","note":{"confirmBeforeDestruction":false,"text":"asdfa"},"requestId":"36a76727-bced-442d-8d56-5d089182bdf6","statusCode":200,"timestamp":"2025-04-17T00:16:58.467Z","type":"RESPONSE","user":"test@gmail.com"}
{"level":"info","message":"Outgoing Response","method":"GET","requestId":"36a76727-bced-442d-8d56-5d089182bdf6","statusCode":200,"timestamp":"2025-04-17T00:16:58.467Z","type":"RESPONSE","url":"/api/note/cbe06d0640573b2f824ae91b6cd0c303"}
{"level":"info","message":"Incoming Request","method":"GET","requestId":"34051962-275d-4d9f-b807-1a20efdfe043","timestamp":"2025-04-17T00:16:58.468Z","type":"REQUEST","url":"/api/note/cbe06d0640573b2f824ae91b6cd0c303"}
{"endpoint":"/api/note/cbe06d0640573b2f824ae91b6cd0c303","level":"info","message":"Authentication Request","place":"AuthMiddleware","requestId":"34051962-275d-4d9f-b807-1a20efdfe043","timestamp":"2025-04-17T00:16:58.469Z","type":"REQUEST"}
{"level":"info","message":"Authentication Successful","place":"AuthMiddleware","requestId":"34051962-275d-4d9f-b807-1a20efdfe043","statusCode":200,"timestamp":"2025-04-17T00:16:58.469Z","type":"RESPONSE","user":{"email":"test@gmail.com","id":"675732c53bd346493e3b9124"}}
{"class":"NotesController","customId":"cbe06d0640573b2f824ae91b6cd0c303","funtion":"getNoteById","level":"info","message":"Get Note By ID Request","requestId":"34051962-275d-4d9f-b807-1a20efdfe043","timestamp":"2025-04-17T00:16:58.470Z","type":"REQUEST","user":"test@gmail.com"}
{"class":"NoteService","customId":"cbe06d0640573b2f824ae91b6cd0c303","function":"getNoteByIdAndStatus","level":"info","message":"Get Note By ID and Status Request","requestId":"34051962-275d-4d9f-b807-1a20efdfe043","timestamp":"2025-04-17T00:16:58.470Z","type":"REQUEST"}
{"class":"GenericService","function":"findOne","level":"info","message":"Find Document Request","model":"Note","query":{"customId":"cbe06d0640573b2f824ae91b6cd0c303"},"requestId":"34051962-275d-4d9f-b807-1a20efdfe043","timestamp":"2025-04-17T00:16:58.470Z","type":"REQUEST"}
{"class":"GenericService","documentId":"6800487614401643f8caa953","function":"findOne","level":"info","message":"Document Found Successfully","model":"Note","requestId":"34051962-275d-4d9f-b807-1a20efdfe043","timestamp":"2025-04-17T00:16:58.492Z","type":"RESPONSE"}
{"class":"NoteService","customId":"cbe06d0640573b2f824ae91b6cd0c303","function":"getNoteByIdAndStatus","level":"info","message":"Note Retrieved Successfully","note":{"text":"asdfa"},"requestId":"34051962-275d-4d9f-b807-1a20efdfe043","statusCode":200,"timestamp":"2025-04-17T00:16:58.493Z","type":"RESPONSE"}
{"class":"NotesController","customId":"cbe06d0640573b2f824ae91b6cd0c303","funtion":"getNoteById","level":"info","message":"Note Retrieved Successfully","note":{"confirmBeforeDestruction":false,"text":"asdfa"},"requestId":"34051962-275d-4d9f-b807-1a20efdfe043","statusCode":200,"timestamp":"2025-04-17T00:16:58.493Z","type":"RESPONSE","user":"test@gmail.com"}
{"level":"info","message":"Outgoing Response","method":"GET","requestId":"34051962-275d-4d9f-b807-1a20efdfe043","statusCode":304,"timestamp":"2025-04-17T00:16:58.494Z","type":"RESPONSE","url":"/api/note/cbe06d0640573b2f824ae91b6cd0c303"}
{"level":"info","message":"Incoming Request","method":"OPTIONS","requestId":"2bf058e8-2682-4e38-996e-e780a20bc6e9","timestamp":"2025-04-17T00:16:59.876Z","type":"REQUEST","url":"/api/delete/cbe06d0640573b2f824ae91b6cd0c303"}
{"level":"info","message":"Outgoing Response","method":"OPTIONS","requestId":"2bf058e8-2682-4e38-996e-e780a20bc6e9","statusCode":204,"timestamp":"2025-04-17T00:16:59.877Z","type":"RESPONSE","url":"/api/delete/cbe06d0640573b2f824ae91b6cd0c303"}
{"level":"info","message":"Incoming Request","method":"DELETE","requestId":"72245655-516d-4caf-88dd-e3a002a00523","timestamp":"2025-04-17T00:16:59.878Z","type":"REQUEST","url":"/api/delete/cbe06d0640573b2f824ae91b6cd0c303"}
{"endpoint":"/api/delete/cbe06d0640573b2f824ae91b6cd0c303","level":"info","message":"Authentication Request","place":"AuthMiddleware","requestId":"72245655-516d-4caf-88dd-e3a002a00523","timestamp":"2025-04-17T00:16:59.878Z","type":"REQUEST"}
{"error":"jwt malformed","level":"error","message":"JWT Verification Failed","place":"AuthMiddleware","requestId":"72245655-516d-4caf-88dd-e3a002a00523","statusCode":400,"timestamp":"2025-04-17T00:16:59.878Z","type":"RESPONSE"}
{"level":"info","message":"Outgoing Response","method":"DELETE","requestId":"72245655-516d-4caf-88dd-e3a002a00523","statusCode":400,"timestamp":"2025-04-17T00:16:59.878Z","type":"RESPONSE","url":"/api/delete/cbe06d0640573b2f824ae91b6cd0c303"}
{"level":"info","message":"Incoming Request","method":"OPTIONS","requestId":"80bd0892-82f2-48b0-8b10-e92d32efc7ff","timestamp":"2025-04-17T00:18:23.353Z","type":"REQUEST","url":"/api/note/cbe06d0640573b2f824ae91b6cd0c303"}
{"level":"info","message":"Outgoing Response","method":"OPTIONS","requestId":"80bd0892-82f2-48b0-8b10-e92d32efc7ff","statusCode":204,"timestamp":"2025-04-17T00:18:23.354Z","type":"RESPONSE","url":"/api/note/cbe06d0640573b2f824ae91b6cd0c303"}
{"level":"info","message":"Incoming Request","method":"GET","requestId":"2269b8b5-2a31-41d4-a3bd-31da8ada4bf0","timestamp":"2025-04-17T00:18:23.355Z","type":"REQUEST","url":"/api/note/cbe06d0640573b2f824ae91b6cd0c303"}
{"endpoint":"/api/note/cbe06d0640573b2f824ae91b6cd0c303","level":"info","message":"Authentication Request","place":"AuthMiddleware","requestId":"2269b8b5-2a31-41d4-a3bd-31da8ada4bf0","timestamp":"2025-04-17T00:18:23.355Z","type":"REQUEST"}
{"level":"info","message":"Authentication Successful","place":"AuthMiddleware","requestId":"2269b8b5-2a31-41d4-a3bd-31da8ada4bf0","statusCode":200,"timestamp":"2025-04-17T00:18:23.356Z","type":"RESPONSE","user":{"email":"test@gmail.com","id":"675732c53bd346493e3b9124"}}
{"class":"NotesController","customId":"cbe06d0640573b2f824ae91b6cd0c303","funtion":"getNoteById","level":"info","message":"Get Note By ID Request","requestId":"2269b8b5-2a31-41d4-a3bd-31da8ada4bf0","timestamp":"2025-04-17T00:18:23.356Z","type":"REQUEST","user":"test@gmail.com"}
{"class":"NoteService","customId":"cbe06d0640573b2f824ae91b6cd0c303","function":"getNoteByIdAndStatus","level":"info","message":"Get Note By ID and Status Request","requestId":"2269b8b5-2a31-41d4-a3bd-31da8ada4bf0","timestamp":"2025-04-17T00:18:23.356Z","type":"REQUEST"}
{"class":"GenericService","function":"findOne","level":"info","message":"Find Document Request","model":"Note","query":{"customId":"cbe06d0640573b2f824ae91b6cd0c303"},"requestId":"2269b8b5-2a31-41d4-a3bd-31da8ada4bf0","timestamp":"2025-04-17T00:18:23.356Z","type":"REQUEST"}
{"class":"GenericService","documentId":"6800487614401643f8caa953","function":"findOne","level":"info","message":"Document Found Successfully","model":"Note","requestId":"2269b8b5-2a31-41d4-a3bd-31da8ada4bf0","timestamp":"2025-04-17T00:18:23.378Z","type":"RESPONSE"}
{"class":"NoteService","customId":"cbe06d0640573b2f824ae91b6cd0c303","function":"getNoteByIdAndStatus","level":"info","message":"Note Retrieved Successfully","note":{"text":"asdfa"},"requestId":"2269b8b5-2a31-41d4-a3bd-31da8ada4bf0","statusCode":200,"timestamp":"2025-04-17T00:18:23.378Z","type":"RESPONSE"}
{"class":"NotesController","customId":"cbe06d0640573b2f824ae91b6cd0c303","funtion":"getNoteById","level":"info","message":"Note Retrieved Successfully","note":{"confirmBeforeDestruction":false,"text":"asdfa"},"requestId":"2269b8b5-2a31-41d4-a3bd-31da8ada4bf0","statusCode":200,"timestamp":"2025-04-17T00:18:23.378Z","type":"RESPONSE","user":"test@gmail.com"}
{"level":"info","message":"Outgoing Response","method":"GET","requestId":"2269b8b5-2a31-41d4-a3bd-31da8ada4bf0","statusCode":304,"timestamp":"2025-04-17T00:18:23.379Z","type":"RESPONSE","url":"/api/note/cbe06d0640573b2f824ae91b6cd0c303"}
{"level":"info","message":"Incoming Request","method":"OPTIONS","requestId":"c33061f3-694a-4114-b82c-63d0ba4ad11d","timestamp":"2025-04-17T00:18:31.505Z","type":"REQUEST","url":"/api/note/cbe06d0640573b2f824ae91b6cd0c303"}
{"level":"info","message":"Outgoing Response","method":"OPTIONS","requestId":"c33061f3-694a-4114-b82c-63d0ba4ad11d","statusCode":204,"timestamp":"2025-04-17T00:18:31.505Z","type":"RESPONSE","url":"/api/note/cbe06d0640573b2f824ae91b6cd0c303"}
{"level":"info","message":"Incoming Request","method":"OPTIONS","requestId":"4bb3e0a6-49af-4e4c-8c44-2913db39ac80","timestamp":"2025-04-17T00:18:31.506Z","type":"REQUEST","url":"/api/note/cbe06d0640573b2f824ae91b6cd0c303"}
{"level":"info","message":"Outgoing Response","method":"OPTIONS","requestId":"4bb3e0a6-49af-4e4c-8c44-2913db39ac80","statusCode":204,"timestamp":"2025-04-17T00:18:31.506Z","type":"RESPONSE","url":"/api/note/cbe06d0640573b2f824ae91b6cd0c303"}
{"level":"info","message":"Incoming Request","method":"GET","requestId":"7ff5b03d-9409-45f2-b7d2-ab549670cc81","timestamp":"2025-04-17T00:18:31.507Z","type":"REQUEST","url":"/api/note/cbe06d0640573b2f824ae91b6cd0c303"}
{"endpoint":"/api/note/cbe06d0640573b2f824ae91b6cd0c303","level":"info","message":"Authentication Request","place":"AuthMiddleware","requestId":"7ff5b03d-9409-45f2-b7d2-ab549670cc81","timestamp":"2025-04-17T00:18:31.507Z","type":"REQUEST"}
{"level":"info","message":"Authentication Successful","place":"AuthMiddleware","requestId":"7ff5b03d-9409-45f2-b7d2-ab549670cc81","statusCode":200,"timestamp":"2025-04-17T00:18:31.508Z","type":"RESPONSE","user":{"email":"test@gmail.com","id":"675732c53bd346493e3b9124"}}
{"class":"NotesController","customId":"cbe06d0640573b2f824ae91b6cd0c303","funtion":"getNoteById","level":"info","message":"Get Note By ID Request","requestId":"7ff5b03d-9409-45f2-b7d2-ab549670cc81","timestamp":"2025-04-17T00:18:31.508Z","type":"REQUEST","user":"test@gmail.com"}
{"class":"NoteService","customId":"cbe06d0640573b2f824ae91b6cd0c303","function":"getNoteByIdAndStatus","level":"info","message":"Get Note By ID and Status Request","requestId":"7ff5b03d-9409-45f2-b7d2-ab549670cc81","timestamp":"2025-04-17T00:18:31.508Z","type":"REQUEST"}
{"class":"GenericService","function":"findOne","level":"info","message":"Find Document Request","model":"Note","query":{"customId":"cbe06d0640573b2f824ae91b6cd0c303"},"requestId":"7ff5b03d-9409-45f2-b7d2-ab549670cc81","timestamp":"2025-04-17T00:18:31.508Z","type":"REQUEST"}
{"class":"GenericService","documentId":"6800487614401643f8caa953","function":"findOne","level":"info","message":"Document Found Successfully","model":"Note","requestId":"7ff5b03d-9409-45f2-b7d2-ab549670cc81","timestamp":"2025-04-17T00:18:31.533Z","type":"RESPONSE"}
{"class":"NoteService","customId":"cbe06d0640573b2f824ae91b6cd0c303","function":"getNoteByIdAndStatus","level":"info","message":"Note Retrieved Successfully","note":{"text":"asdfa"},"requestId":"7ff5b03d-9409-45f2-b7d2-ab549670cc81","statusCode":200,"timestamp":"2025-04-17T00:18:31.533Z","type":"RESPONSE"}
{"class":"NotesController","customId":"cbe06d0640573b2f824ae91b6cd0c303","funtion":"getNoteById","level":"info","message":"Note Retrieved Successfully","note":{"confirmBeforeDestruction":false,"text":"asdfa"},"requestId":"7ff5b03d-9409-45f2-b7d2-ab549670cc81","statusCode":200,"timestamp":"2025-04-17T00:18:31.533Z","type":"RESPONSE","user":"test@gmail.com"}
{"level":"info","message":"Outgoing Response","method":"GET","requestId":"7ff5b03d-9409-45f2-b7d2-ab549670cc81","statusCode":304,"timestamp":"2025-04-17T00:18:31.534Z","type":"RESPONSE","url":"/api/note/cbe06d0640573b2f824ae91b6cd0c303"}
{"level":"info","message":"Incoming Request","method":"GET","requestId":"fc8feecd-6eca-463a-ad40-642cbcc1b03f","timestamp":"2025-04-17T00:18:31.535Z","type":"REQUEST","url":"/api/note/cbe06d0640573b2f824ae91b6cd0c303"}
{"endpoint":"/api/note/cbe06d0640573b2f824ae91b6cd0c303","level":"info","message":"Authentication Request","place":"AuthMiddleware","requestId":"fc8feecd-6eca-463a-ad40-642cbcc1b03f","timestamp":"2025-04-17T00:18:31.535Z","type":"REQUEST"}
{"level":"info","message":"Authentication Successful","place":"AuthMiddleware","requestId":"fc8feecd-6eca-463a-ad40-642cbcc1b03f","statusCode":200,"timestamp":"2025-04-17T00:18:31.535Z","type":"RESPONSE","user":{"email":"test@gmail.com","id":"675732c53bd346493e3b9124"}}
{"class":"NotesController","customId":"cbe06d0640573b2f824ae91b6cd0c303","funtion":"getNoteById","level":"info","message":"Get Note By ID Request","requestId":"fc8feecd-6eca-463a-ad40-642cbcc1b03f","timestamp":"2025-04-17T00:18:31.536Z","type":"REQUEST","user":"test@gmail.com"}
{"class":"NoteService","customId":"cbe06d0640573b2f824ae91b6cd0c303","function":"getNoteByIdAndStatus","level":"info","message":"Get Note By ID and Status Request","requestId":"fc8feecd-6eca-463a-ad40-642cbcc1b03f","timestamp":"2025-04-17T00:18:31.536Z","type":"REQUEST"}
{"class":"GenericService","function":"findOne","level":"info","message":"Find Document Request","model":"Note","query":{"customId":"cbe06d0640573b2f824ae91b6cd0c303"},"requestId":"fc8feecd-6eca-463a-ad40-642cbcc1b03f","timestamp":"2025-04-17T00:18:31.536Z","type":"REQUEST"}
{"class":"GenericService","documentId":"6800487614401643f8caa953","function":"findOne","level":"info","message":"Document Found Successfully","model":"Note","requestId":"fc8feecd-6eca-463a-ad40-642cbcc1b03f","timestamp":"2025-04-17T00:18:31.558Z","type":"RESPONSE"}
{"class":"NoteService","customId":"cbe06d0640573b2f824ae91b6cd0c303","function":"getNoteByIdAndStatus","level":"info","message":"Note Retrieved Successfully","note":{"text":"asdfa"},"requestId":"fc8feecd-6eca-463a-ad40-642cbcc1b03f","statusCode":200,"timestamp":"2025-04-17T00:18:31.558Z","type":"RESPONSE"}
{"class":"NotesController","customId":"cbe06d0640573b2f824ae91b6cd0c303","funtion":"getNoteById","level":"info","message":"Note Retrieved Successfully","note":{"confirmBeforeDestruction":false,"text":"asdfa"},"requestId":"fc8feecd-6eca-463a-ad40-642cbcc1b03f","statusCode":200,"timestamp":"2025-04-17T00:18:31.559Z","type":"RESPONSE","user":"test@gmail.com"}
{"level":"info","message":"Outgoing Response","method":"GET","requestId":"fc8feecd-6eca-463a-ad40-642cbcc1b03f","statusCode":304,"timestamp":"2025-04-17T00:18:31.559Z","type":"RESPONSE","url":"/api/note/cbe06d0640573b2f824ae91b6cd0c303"}
{"level":"info","message":"Incoming Request","method":"OPTIONS","requestId":"3a8019b4-1272-4b3c-b4c9-5697b5b49aae","timestamp":"2025-04-17T00:18:32.967Z","type":"REQUEST","url":"/api/delete/cbe06d0640573b2f824ae91b6cd0c303"}
{"level":"info","message":"Outgoing Response","method":"OPTIONS","requestId":"3a8019b4-1272-4b3c-b4c9-5697b5b49aae","statusCode":204,"timestamp":"2025-04-17T00:18:32.968Z","type":"RESPONSE","url":"/api/delete/cbe06d0640573b2f824ae91b6cd0c303"}
{"level":"info","message":"Incoming Request","method":"DELETE","requestId":"569c08fa-832a-4406-aef6-65b5e716e1d9","timestamp":"2025-04-17T00:18:32.969Z","type":"REQUEST","url":"/api/delete/cbe06d0640573b2f824ae91b6cd0c303"}
{"endpoint":"/api/delete/cbe06d0640573b2f824ae91b6cd0c303","level":"info","message":"Authentication Request","place":"AuthMiddleware","requestId":"569c08fa-832a-4406-aef6-65b5e716e1d9","timestamp":"2025-04-17T00:18:32.969Z","type":"REQUEST"}
{"level":"info","message":"Authentication Successful","place":"AuthMiddleware","requestId":"569c08fa-832a-4406-aef6-65b5e716e1d9","statusCode":200,"timestamp":"2025-04-17T00:18:32.970Z","type":"RESPONSE","user":{"email":"test@gmail.com","id":"675732c53bd346493e3b9124"}}
{"class":"NotesController","customId":"cbe06d0640573b2f824ae91b6cd0c303","funtion":"deleteNote","level":"info","message":"Delete Note Request","requestId":"569c08fa-832a-4406-aef6-65b5e716e1d9","timestamp":"2025-04-17T00:18:32.970Z","type":"REQUEST","user":"test@gmail.com"}
{"class":"NoteService","customId":"cbe06d0640573b2f824ae91b6cd0c303","function":"deleteNote","level":"info","message":"Delete Note Request","requestId":"569c08fa-832a-4406-aef6-65b5e716e1d9","timestamp":"2025-04-17T00:18:32.970Z","type":"REQUEST"}
{"class":"GenericService","function":"updateOne","level":"info","message":"Update Document Request","model":"Note","query":{"customId":"cbe06d0640573b2f824ae91b6cd0c303"},"requestId":"569c08fa-832a-4406-aef6-65b5e716e1d9","timestamp":"2025-04-17T00:18:32.970Z","type":"REQUEST","update":{"$set":{"isDeleted":true}}}
{"class":"GenericService","function":"updateOne","level":"info","matchedCount":1,"message":"Document Updated Successfully","model":"Note","requestId":"569c08fa-832a-4406-aef6-65b5e716e1d9","timestamp":"2025-04-17T00:18:32.993Z","type":"RESPONSE"}
{"class":"NoteService","customId":"cbe06d0640573b2f824ae91b6cd0c303","function":"deleteNote","level":"info","message":"Note Deleted Successfully","requestId":"569c08fa-832a-4406-aef6-65b5e716e1d9","statusCode":200,"timestamp":"2025-04-17T00:18:32.993Z","type":"RESPONSE"}
{"class":"NotesController","customId":"cbe06d0640573b2f824ae91b6cd0c303","funtion":"deleteNote","level":"info","message":"Note Deleted Successfully","requestId":"569c08fa-832a-4406-aef6-65b5e716e1d9","response":"Note has been deleted","statusCode":200,"timestamp":"2025-04-17T00:18:32.993Z","type":"RESPONSE","user":"test@gmail.com"}
{"level":"info","message":"Outgoing Response","method":"DELETE","requestId":"569c08fa-832a-4406-aef6-65b5e716e1d9","statusCode":200,"timestamp":"2025-04-17T00:18:32.994Z","type":"RESPONSE","url":"/api/delete/cbe06d0640573b2f824ae91b6cd0c303"}
{"level":"info","message":"Incoming Request","method":"OPTIONS","requestId":"abd921b4-e683-42cc-838c-d25e4db8f2e0","timestamp":"2025-04-17T00:18:53.692Z","type":"REQUEST","url":"/api/note/asda"}
{"level":"info","message":"Outgoing Response","method":"OPTIONS","requestId":"abd921b4-e683-42cc-838c-d25e4db8f2e0","statusCode":204,"timestamp":"2025-04-17T00:18:53.693Z","type":"RESPONSE","url":"/api/note/asda"}
{"level":"info","message":"Incoming Request","method":"OPTIONS","requestId":"7bfd9769-e707-4726-b111-ad6360900535","timestamp":"2025-04-17T00:18:53.693Z","type":"REQUEST","url":"/api/note/asda"}
{"level":"info","message":"Outgoing Response","method":"OPTIONS","requestId":"7bfd9769-e707-4726-b111-ad6360900535","statusCode":204,"timestamp":"2025-04-17T00:18:53.693Z","type":"RESPONSE","url":"/api/note/asda"}
{"level":"info","message":"Incoming Request","method":"GET","requestId":"e0a401c3-e323-44ac-89fd-43e9b3b7df95","timestamp":"2025-04-17T00:18:53.694Z","type":"REQUEST","url":"/api/note/asda"}
{"endpoint":"/api/note/asda","level":"info","message":"Authentication Request","place":"AuthMiddleware","requestId":"e0a401c3-e323-44ac-89fd-43e9b3b7df95","timestamp":"2025-04-17T00:18:53.694Z","type":"REQUEST"}
{"level":"info","message":"Authentication Successful","place":"AuthMiddleware","requestId":"e0a401c3-e323-44ac-89fd-43e9b3b7df95","statusCode":200,"timestamp":"2025-04-17T00:18:53.695Z","type":"RESPONSE","user":{"email":"test@gmail.com","id":"675732c53bd346493e3b9124"}}
{"class":"NotesController","customId":"asda","funtion":"getNoteById","level":"info","message":"Get Note By ID Request","requestId":"e0a401c3-e323-44ac-89fd-43e9b3b7df95","timestamp":"2025-04-17T00:18:53.695Z","type":"REQUEST","user":"test@gmail.com"}
{"class":"NoteService","customId":"asda","function":"getNoteByIdAndStatus","level":"info","message":"Get Note By ID and Status Request","requestId":"e0a401c3-e323-44ac-89fd-43e9b3b7df95","timestamp":"2025-04-17T00:18:53.695Z","type":"REQUEST"}
{"class":"GenericService","function":"findOne","level":"info","message":"Find Document Request","model":"Note","query":{"customId":"asda"},"requestId":"e0a401c3-e323-44ac-89fd-43e9b3b7df95","timestamp":"2025-04-17T00:18:53.695Z","type":"REQUEST"}
{"class":"GenericService","function":"findOne","level":"warn","message":"Document Not Found","model":"Note","requestId":"e0a401c3-e323-44ac-89fd-43e9b3b7df95","timestamp":"2025-04-17T00:18:53.723Z","type":"RESPONSE"}
{"class":"NoteService","customId":"asda","function":"getNoteByIdAndStatus","level":"warn","message":"Note Not Found","requestId":"e0a401c3-e323-44ac-89fd-43e9b3b7df95","statusCode":404,"timestamp":"2025-04-17T00:18:53.723Z","type":"RESPONSE"}
{"class":"NotesController","customId":"asda","errorMessage":"Note not found","funtion":"getNoteById","level":"warn","message":"Note Not Found or Deleted","requestId":"e0a401c3-e323-44ac-89fd-43e9b3b7df95","statusCode":404,"timestamp":"2025-04-17T00:18:53.723Z","type":"RESPONSE","user":"test@gmail.com"}
{"level":"info","message":"Outgoing Response","method":"GET","requestId":"e0a401c3-e323-44ac-89fd-43e9b3b7df95","statusCode":404,"timestamp":"2025-04-17T00:18:53.724Z","type":"RESPONSE","url":"/api/note/asda"}
{"level":"info","message":"Incoming Request","method":"GET","requestId":"c8f69a23-f479-4b10-94ef-ba008a695703","timestamp":"2025-04-17T00:18:53.725Z","type":"REQUEST","url":"/api/note/asda"}
{"endpoint":"/api/note/asda","level":"info","message":"Authentication Request","place":"AuthMiddleware","requestId":"c8f69a23-f479-4b10-94ef-ba008a695703","timestamp":"2025-04-17T00:18:53.725Z","type":"REQUEST"}
{"level":"info","message":"Authentication Successful","place":"AuthMiddleware","requestId":"c8f69a23-f479-4b10-94ef-ba008a695703","statusCode":200,"timestamp":"2025-04-17T00:18:53.726Z","type":"RESPONSE","user":{"email":"test@gmail.com","id":"675732c53bd346493e3b9124"}}
{"class":"NotesController","customId":"asda","funtion":"getNoteById","level":"info","message":"Get Note By ID Request","requestId":"c8f69a23-f479-4b10-94ef-ba008a695703","timestamp":"2025-04-17T00:18:53.726Z","type":"REQUEST","user":"test@gmail.com"}
{"class":"NoteService","customId":"asda","function":"getNoteByIdAndStatus","level":"info","message":"Get Note By ID and Status Request","requestId":"c8f69a23-f479-4b10-94ef-ba008a695703","timestamp":"2025-04-17T00:18:53.726Z","type":"REQUEST"}
{"class":"GenericService","function":"findOne","level":"info","message":"Find Document Request","model":"Note","query":{"customId":"asda"},"requestId":"c8f69a23-f479-4b10-94ef-ba008a695703","timestamp":"2025-04-17T00:18:53.726Z","type":"REQUEST"}
{"class":"GenericService","function":"findOne","level":"warn","message":"Document Not Found","model":"Note","requestId":"c8f69a23-f479-4b10-94ef-ba008a695703","timestamp":"2025-04-17T00:18:53.749Z","type":"RESPONSE"}
{"class":"NoteService","customId":"asda","function":"getNoteByIdAndStatus","level":"warn","message":"Note Not Found","requestId":"c8f69a23-f479-4b10-94ef-ba008a695703","statusCode":404,"timestamp":"2025-04-17T00:18:53.749Z","type":"RESPONSE"}
{"class":"NotesController","customId":"asda","errorMessage":"Note not found","funtion":"getNoteById","level":"warn","message":"Note Not Found or Deleted","requestId":"c8f69a23-f479-4b10-94ef-ba008a695703","statusCode":404,"timestamp":"2025-04-17T00:18:53.749Z","type":"RESPONSE","user":"test@gmail.com"}
{"level":"info","message":"Outgoing Response","method":"GET","requestId":"c8f69a23-f479-4b10-94ef-ba008a695703","statusCode":404,"timestamp":"2025-04-17T00:18:53.749Z","type":"RESPONSE","url":"/api/note/asda"}
{"level":"info","message":"Incoming Request","method":"OPTIONS","requestId":"b7f52e03-ba4f-48d9-872d-02ba9a4dd972","timestamp":"2025-04-17T00:18:55.572Z","type":"REQUEST","url":"/api/note/undefined"}
{"level":"info","message":"Outgoing Response","method":"OPTIONS","requestId":"b7f52e03-ba4f-48d9-872d-02ba9a4dd972","statusCode":204,"timestamp":"2025-04-17T00:18:55.573Z","type":"RESPONSE","url":"/api/note/undefined"}
{"level":"info","message":"Incoming Request","method":"GET","requestId":"fc09f8b0-4a0c-469b-ac8b-2649e963e873","timestamp":"2025-04-17T00:18:55.575Z","type":"REQUEST","url":"/api/note/undefined"}
{"endpoint":"/api/note/undefined","level":"info","message":"Authentication Request","place":"AuthMiddleware","requestId":"fc09f8b0-4a0c-469b-ac8b-2649e963e873","timestamp":"2025-04-17T00:18:55.575Z","type":"REQUEST"}
{"level":"info","message":"Authentication Successful","place":"AuthMiddleware","requestId":"fc09f8b0-4a0c-469b-ac8b-2649e963e873","statusCode":200,"timestamp":"2025-04-17T00:18:55.576Z","type":"RESPONSE","user":{"email":"test@gmail.com","id":"675732c53bd346493e3b9124"}}
{"class":"NotesController","customId":"undefined","funtion":"getNoteById","level":"info","message":"Get Note By ID Request","requestId":"fc09f8b0-4a0c-469b-ac8b-2649e963e873","timestamp":"2025-04-17T00:18:55.576Z","type":"REQUEST","user":"test@gmail.com"}
{"class":"NoteService","customId":"undefined","function":"getNoteByIdAndStatus","level":"info","message":"Get Note By ID and Status Request","requestId":"fc09f8b0-4a0c-469b-ac8b-2649e963e873","timestamp":"2025-04-17T00:18:55.576Z","type":"REQUEST"}
{"class":"GenericService","function":"findOne","level":"info","message":"Find Document Request","model":"Note","query":{"customId":"undefined"},"requestId":"fc09f8b0-4a0c-469b-ac8b-2649e963e873","timestamp":"2025-04-17T00:18:55.576Z","type":"REQUEST"}
{"class":"GenericService","function":"findOne","level":"warn","message":"Document Not Found","model":"Note","requestId":"fc09f8b0-4a0c-469b-ac8b-2649e963e873","timestamp":"2025-04-17T00:18:55.598Z","type":"RESPONSE"}
{"class":"NoteService","customId":"undefined","function":"getNoteByIdAndStatus","level":"warn","message":"Note Not Found","requestId":"fc09f8b0-4a0c-469b-ac8b-2649e963e873","statusCode":404,"timestamp":"2025-04-17T00:18:55.599Z","type":"RESPONSE"}
{"class":"NotesController","customId":"undefined","errorMessage":"Note not found","funtion":"getNoteById","level":"warn","message":"Note Not Found or Deleted","requestId":"fc09f8b0-4a0c-469b-ac8b-2649e963e873","statusCode":404,"timestamp":"2025-04-17T00:18:55.599Z","type":"RESPONSE","user":"test@gmail.com"}
{"level":"info","message":"Outgoing Response","method":"GET","requestId":"fc09f8b0-4a0c-469b-ac8b-2649e963e873","statusCode":404,"timestamp":"2025-04-17T00:18:55.599Z","type":"RESPONSE","url":"/api/note/undefined"}
{"level":"info","message":"Incoming Request","method":"OPTIONS","requestId":"21b46bab-4164-484d-a07c-67ce54fa7ebd","timestamp":"2025-04-17T00:19:22.636Z","type":"REQUEST","url":"/api/note/asd"}
{"level":"info","message":"Outgoing Response","method":"OPTIONS","requestId":"21b46bab-4164-484d-a07c-67ce54fa7ebd","statusCode":204,"timestamp":"2025-04-17T00:19:22.638Z","type":"RESPONSE","url":"/api/note/asd"}
{"level":"info","message":"Incoming Request","method":"GET","requestId":"fb465e1b-6fba-4554-82f3-081a6689e1b6","timestamp":"2025-04-17T00:19:22.639Z","type":"REQUEST","url":"/api/note/asd"}
{"endpoint":"/api/note/asd","level":"info","message":"Authentication Request","place":"AuthMiddleware","requestId":"fb465e1b-6fba-4554-82f3-081a6689e1b6","timestamp":"2025-04-17T00:19:22.639Z","type":"REQUEST"}
{"level":"info","message":"Authentication Successful","place":"AuthMiddleware","requestId":"fb465e1b-6fba-4554-82f3-081a6689e1b6","statusCode":200,"timestamp":"2025-04-17T00:19:22.642Z","type":"RESPONSE","user":{"email":"test@gmail.com","id":"675732c53bd346493e3b9124"}}
{"class":"NotesController","customId":"asd","funtion":"getNoteById","level":"info","message":"Get Note By ID Request","requestId":"fb465e1b-6fba-4554-82f3-081a6689e1b6","timestamp":"2025-04-17T00:19:22.642Z","type":"REQUEST","user":"test@gmail.com"}
{"class":"NoteService","customId":"asd","function":"getNoteByIdAndStatus","level":"info","message":"Get Note By ID and Status Request","requestId":"fb465e1b-6fba-4554-82f3-081a6689e1b6","timestamp":"2025-04-17T00:19:22.643Z","type":"REQUEST"}
{"class":"GenericService","function":"findOne","level":"info","message":"Find Document Request","model":"Note","query":{"customId":"asd"},"requestId":"fb465e1b-6fba-4554-82f3-081a6689e1b6","timestamp":"2025-04-17T00:19:22.643Z","type":"REQUEST"}
{"class":"GenericService","function":"findOne","level":"warn","message":"Document Not Found","model":"Note","requestId":"fb465e1b-6fba-4554-82f3-081a6689e1b6","timestamp":"2025-04-17T00:19:22.665Z","type":"RESPONSE"}
{"class":"NoteService","customId":"asd","function":"getNoteByIdAndStatus","level":"warn","message":"Note Not Found","requestId":"fb465e1b-6fba-4554-82f3-081a6689e1b6","statusCode":404,"timestamp":"2025-04-17T00:19:22.666Z","type":"RESPONSE"}
{"class":"NotesController","customId":"asd","errorMessage":"Note not found","funtion":"getNoteById","level":"warn","message":"Note Not Found or Deleted","requestId":"fb465e1b-6fba-4554-82f3-081a6689e1b6","statusCode":404,"timestamp":"2025-04-17T00:19:22.666Z","type":"RESPONSE","user":"test@gmail.com"}
{"level":"info","message":"Outgoing Response","method":"GET","requestId":"fb465e1b-6fba-4554-82f3-081a6689e1b6","statusCode":404,"timestamp":"2025-04-17T00:19:22.667Z","type":"RESPONSE","url":"/api/note/asd"}
{"level":"info","message":"Incoming Request","method":"OPTIONS","requestId":"c2042d4f-46c3-40e6-9b2a-37ed7c145d26","timestamp":"2025-04-17T00:19:28.083Z","type":"REQUEST","url":"/api/note"}
{"level":"info","message":"Outgoing Response","method":"OPTIONS","requestId":"c2042d4f-46c3-40e6-9b2a-37ed7c145d26","statusCode":204,"timestamp":"2025-04-17T00:19:28.084Z","type":"RESPONSE","url":"/api/note"}
{"level":"info","message":"Incoming Request","method":"POST","requestId":"33f4db07-698e-4355-af92-f5dde4257994","timestamp":"2025-04-17T00:19:28.085Z","type":"REQUEST","url":"/api/note"}
{"endpoint":"/api/note","level":"info","message":"Authentication Request","place":"AuthMiddleware","requestId":"33f4db07-698e-4355-af92-f5dde4257994","timestamp":"2025-04-17T00:19:28.086Z","type":"REQUEST"}
{"level":"info","message":"Authentication Successful","place":"AuthMiddleware","requestId":"33f4db07-698e-4355-af92-f5dde4257994","statusCode":200,"timestamp":"2025-04-17T00:19:28.086Z","type":"RESPONSE","user":{"email":"test@gmail.com","id":"675732c53bd346493e3b9124"}}
{"class":"NotesController","funtion":"createNote","level":"info","message":"Create Note Request","payload":{"confirmBeforeDestruction":false,"email":"","noteText":"adfa","password":"","referenceName":"","selfDestructTime":"After reading it"},"requestId":"33f4db07-698e-4355-af92-f5dde4257994","timestamp":"2025-04-17T00:19:28.086Z","type":"REQUEST","user":"test@gmail.com"}
{"class":"NoteService","function":"createNote","level":"info","message":"Create Note Request","payload":{"confirmBeforeDestruction":false,"email":"","noteText":"adfa","password":"","referenceName":"","selfDestructTime":"After reading it"},"requestId":"MISSING","timestamp":"2025-04-17T00:19:28.087Z","type":"REQUEST"}
{"class":"NoteService","function":"createNote","level":"info","message":"Note Created Successfully","noteId":"8c946f2a33f604e5fe99485926d2cf39","requestId":"MISSING","statusCode":201,"timestamp":"2025-04-17T00:19:28.121Z","type":"RESPONSE"}
{"class":"NotesController","funtion":"createNote","level":"info","message":"Note Created Successfully","requestId":"33f4db07-698e-4355-af92-f5dde4257994","response":{"message":"Note created","noteId":"8c946f2a33f604e5fe99485926d2cf39"},"statusCode":200,"timestamp":"2025-04-17T00:19:28.122Z","type":"RESPONSE","user":"test@gmail.com"}
{"level":"info","message":"Outgoing Response","method":"POST","requestId":"33f4db07-698e-4355-af92-f5dde4257994","statusCode":200,"timestamp":"2025-04-17T00:19:28.122Z","type":"RESPONSE","url":"/api/note"}
{"level":"info","message":"Incoming Request","method":"OPTIONS","requestId":"2c77dd1a-2d19-44a2-81c2-85a9a22b9b0b","timestamp":"2025-04-17T00:19:31.617Z","type":"REQUEST","url":"/api/note/8c946f2a33f604e5fe99485926d2cf39"}
{"level":"info","message":"Outgoing Response","method":"OPTIONS","requestId":"2c77dd1a-2d19-44a2-81c2-85a9a22b9b0b","statusCode":204,"timestamp":"2025-04-17T00:19:31.617Z","type":"RESPONSE","url":"/api/note/8c946f2a33f604e5fe99485926d2cf39"}
{"level":"info","message":"Incoming Request","method":"OPTIONS","requestId":"082127f7-8ba6-41b5-82e0-2bffa1307d84","timestamp":"2025-04-17T00:19:31.619Z","type":"REQUEST","url":"/api/note/8c946f2a33f604e5fe99485926d2cf39"}
{"level":"info","message":"Outgoing Response","method":"OPTIONS","requestId":"082127f7-8ba6-41b5-82e0-2bffa1307d84","statusCode":204,"timestamp":"2025-04-17T00:19:31.619Z","type":"RESPONSE","url":"/api/note/8c946f2a33f604e5fe99485926d2cf39"}
{"level":"info","message":"Incoming Request","method":"GET","requestId":"616171f8-9aaf-47ae-b435-8f3cb28a2904","timestamp":"2025-04-17T00:19:31.619Z","type":"REQUEST","url":"/api/note/8c946f2a33f604e5fe99485926d2cf39"}
{"endpoint":"/api/note/8c946f2a33f604e5fe99485926d2cf39","level":"info","message":"Authentication Request","place":"AuthMiddleware","requestId":"616171f8-9aaf-47ae-b435-8f3cb28a2904","timestamp":"2025-04-17T00:19:31.619Z","type":"REQUEST"}
{"level":"info","message":"Authentication Successful","place":"AuthMiddleware","requestId":"616171f8-9aaf-47ae-b435-8f3cb28a2904","statusCode":200,"timestamp":"2025-04-17T00:19:31.620Z","type":"RESPONSE","user":{"email":"test@gmail.com","id":"675732c53bd346493e3b9124"}}
{"class":"NotesController","customId":"8c946f2a33f604e5fe99485926d2cf39","funtion":"getNoteById","level":"info","message":"Get Note By ID Request","requestId":"616171f8-9aaf-47ae-b435-8f3cb28a2904","timestamp":"2025-04-17T00:19:31.620Z","type":"REQUEST","user":"test@gmail.com"}
{"class":"NoteService","customId":"8c946f2a33f604e5fe99485926d2cf39","function":"getNoteByIdAndStatus","level":"info","message":"Get Note By ID and Status Request","requestId":"616171f8-9aaf-47ae-b435-8f3cb28a2904","timestamp":"2025-04-17T00:19:31.620Z","type":"REQUEST"}
{"class":"GenericService","function":"findOne","level":"info","message":"Find Document Request","model":"Note","query":{"customId":"8c946f2a33f604e5fe99485926d2cf39"},"requestId":"616171f8-9aaf-47ae-b435-8f3cb28a2904","timestamp":"2025-04-17T00:19:31.620Z","type":"REQUEST"}
{"class":"GenericService","documentId":"6800491014401643f8caa95f","function":"findOne","level":"info","message":"Document Found Successfully","model":"Note","requestId":"616171f8-9aaf-47ae-b435-8f3cb28a2904","timestamp":"2025-04-17T00:19:31.642Z","type":"RESPONSE"}
{"class":"NoteService","customId":"8c946f2a33f604e5fe99485926d2cf39","function":"getNoteByIdAndStatus","level":"info","message":"Note Retrieved Successfully","note":{"text":"adfa"},"requestId":"616171f8-9aaf-47ae-b435-8f3cb28a2904","statusCode":200,"timestamp":"2025-04-17T00:19:31.642Z","type":"RESPONSE"}
{"class":"NotesController","customId":"8c946f2a33f604e5fe99485926d2cf39","funtion":"getNoteById","level":"info","message":"Note Retrieved Successfully","note":{"confirmBeforeDestruction":false,"text":"adfa"},"requestId":"616171f8-9aaf-47ae-b435-8f3cb28a2904","statusCode":200,"timestamp":"2025-04-17T00:19:31.643Z","type":"RESPONSE","user":"test@gmail.com"}
{"level":"info","message":"Outgoing Response","method":"GET","requestId":"616171f8-9aaf-47ae-b435-8f3cb28a2904","statusCode":200,"timestamp":"2025-04-17T00:19:31.643Z","type":"RESPONSE","url":"/api/note/8c946f2a33f604e5fe99485926d2cf39"}
{"level":"info","message":"Incoming Request","method":"GET","requestId":"1ae6eb23-af79-4de6-a66c-97d89a4fd234","timestamp":"2025-04-17T00:19:31.644Z","type":"REQUEST","url":"/api/note/8c946f2a33f604e5fe99485926d2cf39"}
{"endpoint":"/api/note/8c946f2a33f604e5fe99485926d2cf39","level":"info","message":"Authentication Request","place":"AuthMiddleware","requestId":"1ae6eb23-af79-4de6-a66c-97d89a4fd234","timestamp":"2025-04-17T00:19:31.644Z","type":"REQUEST"}
{"level":"info","message":"Authentication Successful","place":"AuthMiddleware","requestId":"1ae6eb23-af79-4de6-a66c-97d89a4fd234","statusCode":200,"timestamp":"2025-04-17T00:19:31.645Z","type":"RESPONSE","user":{"email":"test@gmail.com","id":"675732c53bd346493e3b9124"}}
{"class":"NotesController","customId":"8c946f2a33f604e5fe99485926d2cf39","funtion":"getNoteById","level":"info","message":"Get Note By ID Request","requestId":"1ae6eb23-af79-4de6-a66c-97d89a4fd234","timestamp":"2025-04-17T00:19:31.645Z","type":"REQUEST","user":"test@gmail.com"}
{"class":"NoteService","customId":"8c946f2a33f604e5fe99485926d2cf39","function":"getNoteByIdAndStatus","level":"info","message":"Get Note By ID and Status Request","requestId":"1ae6eb23-af79-4de6-a66c-97d89a4fd234","timestamp":"2025-04-17T00:19:31.645Z","type":"REQUEST"}
{"class":"GenericService","function":"findOne","level":"info","message":"Find Document Request","model":"Note","query":{"customId":"8c946f2a33f604e5fe99485926d2cf39"},"requestId":"1ae6eb23-af79-4de6-a66c-97d89a4fd234","timestamp":"2025-04-17T00:19:31.645Z","type":"REQUEST"}
{"class":"GenericService","documentId":"6800491014401643f8caa95f","function":"findOne","level":"info","message":"Document Found Successfully","model":"Note","requestId":"1ae6eb23-af79-4de6-a66c-97d89a4fd234","timestamp":"2025-04-17T00:19:31.678Z","type":"RESPONSE"}
{"class":"NoteService","customId":"8c946f2a33f604e5fe99485926d2cf39","function":"getNoteByIdAndStatus","level":"info","message":"Note Retrieved Successfully","note":{"text":"adfa"},"requestId":"1ae6eb23-af79-4de6-a66c-97d89a4fd234","statusCode":200,"timestamp":"2025-04-17T00:19:31.678Z","type":"RESPONSE"}
{"class":"NotesController","customId":"8c946f2a33f604e5fe99485926d2cf39","funtion":"getNoteById","level":"info","message":"Note Retrieved Successfully","note":{"confirmBeforeDestruction":false,"text":"adfa"},"requestId":"1ae6eb23-af79-4de6-a66c-97d89a4fd234","statusCode":200,"timestamp":"2025-04-17T00:19:31.679Z","type":"RESPONSE","user":"test@gmail.com"}
{"level":"info","message":"Outgoing Response","method":"GET","requestId":"1ae6eb23-af79-4de6-a66c-97d89a4fd234","statusCode":304,"timestamp":"2025-04-17T00:19:31.679Z","type":"RESPONSE","url":"/api/note/8c946f2a33f604e5fe99485926d2cf39"}
{"level":"info","message":"Incoming Request","method":"OPTIONS","requestId":"2df92af7-c735-4c5c-8d8d-e702bf64c20e","timestamp":"2025-04-17T00:19:32.948Z","type":"REQUEST","url":"/api/delete/8c946f2a33f604e5fe99485926d2cf39"}
{"level":"info","message":"Outgoing Response","method":"OPTIONS","requestId":"2df92af7-c735-4c5c-8d8d-e702bf64c20e","statusCode":204,"timestamp":"2025-04-17T00:19:32.949Z","type":"RESPONSE","url":"/api/delete/8c946f2a33f604e5fe99485926d2cf39"}
{"level":"info","message":"Incoming Request","method":"DELETE","requestId":"ae4a65d5-12e6-4484-81b1-6e609c549c95","timestamp":"2025-04-17T00:19:32.950Z","type":"REQUEST","url":"/api/delete/8c946f2a33f604e5fe99485926d2cf39"}
{"endpoint":"/api/delete/8c946f2a33f604e5fe99485926d2cf39","level":"info","message":"Authentication Request","place":"AuthMiddleware","requestId":"ae4a65d5-12e6-4484-81b1-6e609c549c95","timestamp":"2025-04-17T00:19:32.951Z","type":"REQUEST"}
{"level":"info","message":"Authentication Successful","place":"AuthMiddleware","requestId":"ae4a65d5-12e6-4484-81b1-6e609c549c95","statusCode":200,"timestamp":"2025-04-17T00:19:32.952Z","type":"RESPONSE","user":{"email":"test@gmail.com","id":"675732c53bd346493e3b9124"}}
{"class":"NotesController","customId":"8c946f2a33f604e5fe99485926d2cf39","funtion":"deleteNote","level":"info","message":"Delete Note Request","requestId":"ae4a65d5-12e6-4484-81b1-6e609c549c95","timestamp":"2025-04-17T00:19:32.952Z","type":"REQUEST","user":"test@gmail.com"}
{"class":"NoteService","customId":"8c946f2a33f604e5fe99485926d2cf39","function":"deleteNote","level":"info","message":"Delete Note Request","requestId":"ae4a65d5-12e6-4484-81b1-6e609c549c95","timestamp":"2025-04-17T00:19:32.952Z","type":"REQUEST"}
{"class":"GenericService","function":"updateOne","level":"info","message":"Update Document Request","model":"Note","query":{"customId":"8c946f2a33f604e5fe99485926d2cf39"},"requestId":"ae4a65d5-12e6-4484-81b1-6e609c549c95","timestamp":"2025-04-17T00:19:32.953Z","type":"REQUEST","update":{"$set":{"isDeleted":true}}}
{"class":"GenericService","function":"updateOne","level":"info","matchedCount":1,"message":"Document Updated Successfully","model":"Note","requestId":"ae4a65d5-12e6-4484-81b1-6e609c549c95","timestamp":"2025-04-17T00:19:32.977Z","type":"RESPONSE"}
{"class":"NoteService","customId":"8c946f2a33f604e5fe99485926d2cf39","function":"deleteNote","level":"info","message":"Note Deleted Successfully","requestId":"ae4a65d5-12e6-4484-81b1-6e609c549c95","statusCode":200,"timestamp":"2025-04-17T00:19:32.977Z","type":"RESPONSE"}
{"class":"NotesController","customId":"8c946f2a33f604e5fe99485926d2cf39","funtion":"deleteNote","level":"info","message":"Note Deleted Successfully","requestId":"ae4a65d5-12e6-4484-81b1-6e609c549c95","response":"Note has been deleted","statusCode":200,"timestamp":"2025-04-17T00:19:32.977Z","type":"RESPONSE","user":"test@gmail.com"}
{"level":"info","message":"Outgoing Response","method":"DELETE","requestId":"ae4a65d5-12e6-4484-81b1-6e609c549c95","statusCode":200,"timestamp":"2025-04-17T00:19:32.977Z","type":"RESPONSE","url":"/api/delete/8c946f2a33f604e5fe99485926d2cf39"}
{"level":"info","message":"Incoming Request","method":"OPTIONS","requestId":"cebbd73d-db5d-4e50-b48a-4748e6826c58","timestamp":"2025-04-17T00:21:10.368Z","type":"REQUEST","url":"/api/note/8c946f2a33f604e5fe99485926d2cf39"}
{"level":"info","message":"Outgoing Response","method":"OPTIONS","requestId":"cebbd73d-db5d-4e50-b48a-4748e6826c58","statusCode":204,"timestamp":"2025-04-17T00:21:10.368Z","type":"RESPONSE","url":"/api/note/8c946f2a33f604e5fe99485926d2cf39"}
{"level":"info","message":"Incoming Request","method":"OPTIONS","requestId":"5c32ae89-f589-462b-b618-4b9fb52ecb39","timestamp":"2025-04-17T00:21:10.369Z","type":"REQUEST","url":"/api/note/8c946f2a33f604e5fe99485926d2cf39"}
{"level":"info","message":"Outgoing Response","method":"OPTIONS","requestId":"5c32ae89-f589-462b-b618-4b9fb52ecb39","statusCode":204,"timestamp":"2025-04-17T00:21:10.369Z","type":"RESPONSE","url":"/api/note/8c946f2a33f604e5fe99485926d2cf39"}
{"level":"info","message":"Incoming Request","method":"GET","requestId":"51e8b7a3-dd2e-46e7-bf32-b133b2041b81","timestamp":"2025-04-17T00:21:10.370Z","type":"REQUEST","url":"/api/note/8c946f2a33f604e5fe99485926d2cf39"}
{"endpoint":"/api/note/8c946f2a33f604e5fe99485926d2cf39","level":"info","message":"Authentication Request","place":"AuthMiddleware","requestId":"51e8b7a3-dd2e-46e7-bf32-b133b2041b81","timestamp":"2025-04-17T00:21:10.370Z","type":"REQUEST"}
{"level":"info","message":"Authentication Successful","place":"AuthMiddleware","requestId":"51e8b7a3-dd2e-46e7-bf32-b133b2041b81","statusCode":200,"timestamp":"2025-04-17T00:21:10.371Z","type":"RESPONSE","user":{"email":"test@gmail.com","id":"675732c53bd346493e3b9124"}}
{"class":"NotesController","customId":"8c946f2a33f604e5fe99485926d2cf39","funtion":"getNoteById","level":"info","message":"Get Note By ID Request","requestId":"51e8b7a3-dd2e-46e7-bf32-b133b2041b81","timestamp":"2025-04-17T00:21:10.371Z","type":"REQUEST","user":"test@gmail.com"}
{"class":"NoteService","customId":"8c946f2a33f604e5fe99485926d2cf39","function":"getNoteByIdAndStatus","level":"info","message":"Get Note By ID and Status Request","requestId":"51e8b7a3-dd2e-46e7-bf32-b133b2041b81","timestamp":"2025-04-17T00:21:10.371Z","type":"REQUEST"}
{"class":"GenericService","function":"findOne","level":"info","message":"Find Document Request","model":"Note","query":{"customId":"8c946f2a33f604e5fe99485926d2cf39"},"requestId":"51e8b7a3-dd2e-46e7-bf32-b133b2041b81","timestamp":"2025-04-17T00:21:10.371Z","type":"REQUEST"}
{"class":"GenericService","documentId":"6800491014401643f8caa95f","function":"findOne","level":"info","message":"Document Found Successfully","model":"Note","requestId":"51e8b7a3-dd2e-46e7-bf32-b133b2041b81","timestamp":"2025-04-17T00:21:10.393Z","type":"RESPONSE"}
{"class":"NoteService","customId":"8c946f2a33f604e5fe99485926d2cf39","function":"getNoteByIdAndStatus","level":"warn","message":"Note Deleted or Expired","requestId":"51e8b7a3-dd2e-46e7-bf32-b133b2041b81","statusCode":403,"timestamp":"2025-04-17T00:21:10.394Z","type":"RESPONSE"}
{"class":"NotesController","customId":"8c946f2a33f604e5fe99485926d2cf39","errorMessage":"Note is deleted or expired","funtion":"getNoteById","level":"warn","message":"Note Not Found or Deleted","requestId":"51e8b7a3-dd2e-46e7-bf32-b133b2041b81","statusCode":403,"timestamp":"2025-04-17T00:21:10.394Z","type":"RESPONSE","user":"test@gmail.com"}
{"level":"info","message":"Outgoing Response","method":"GET","requestId":"51e8b7a3-dd2e-46e7-bf32-b133b2041b81","statusCode":403,"timestamp":"2025-04-17T00:21:10.394Z","type":"RESPONSE","url":"/api/note/8c946f2a33f604e5fe99485926d2cf39"}
{"level":"info","message":"Incoming Request","method":"GET","requestId":"5e5ec8cb-312a-4c15-aebf-648925474bdd","timestamp":"2025-04-17T00:21:10.395Z","type":"REQUEST","url":"/api/note/8c946f2a33f604e5fe99485926d2cf39"}
{"endpoint":"/api/note/8c946f2a33f604e5fe99485926d2cf39","level":"info","message":"Authentication Request","place":"AuthMiddleware","requestId":"5e5ec8cb-312a-4c15-aebf-648925474bdd","timestamp":"2025-04-17T00:21:10.395Z","type":"REQUEST"}
{"level":"info","message":"Authentication Successful","place":"AuthMiddleware","requestId":"5e5ec8cb-312a-4c15-aebf-648925474bdd","statusCode":200,"timestamp":"2025-04-17T00:21:10.396Z","type":"RESPONSE","user":{"email":"test@gmail.com","id":"675732c53bd346493e3b9124"}}
{"class":"NotesController","customId":"8c946f2a33f604e5fe99485926d2cf39","funtion":"getNoteById","level":"info","message":"Get Note By ID Request","requestId":"5e5ec8cb-312a-4c15-aebf-648925474bdd","timestamp":"2025-04-17T00:21:10.396Z","type":"REQUEST","user":"test@gmail.com"}
{"class":"NoteService","customId":"8c946f2a33f604e5fe99485926d2cf39","function":"getNoteByIdAndStatus","level":"info","message":"Get Note By ID and Status Request","requestId":"5e5ec8cb-312a-4c15-aebf-648925474bdd","timestamp":"2025-04-17T00:21:10.396Z","type":"REQUEST"}
{"class":"GenericService","function":"findOne","level":"info","message":"Find Document Request","model":"Note","query":{"customId":"8c946f2a33f604e5fe99485926d2cf39"},"requestId":"5e5ec8cb-312a-4c15-aebf-648925474bdd","timestamp":"2025-04-17T00:21:10.396Z","type":"REQUEST"}
{"class":"GenericService","documentId":"6800491014401643f8caa95f","function":"findOne","level":"info","message":"Document Found Successfully","model":"Note","requestId":"5e5ec8cb-312a-4c15-aebf-648925474bdd","timestamp":"2025-04-17T00:21:10.417Z","type":"RESPONSE"}
{"class":"NoteService","customId":"8c946f2a33f604e5fe99485926d2cf39","function":"getNoteByIdAndStatus","level":"warn","message":"Note Deleted or Expired","requestId":"5e5ec8cb-312a-4c15-aebf-648925474bdd","statusCode":403,"timestamp":"2025-04-17T00:21:10.417Z","type":"RESPONSE"}
{"class":"NotesController","customId":"8c946f2a33f604e5fe99485926d2cf39","errorMessage":"Note is deleted or expired","funtion":"getNoteById","level":"warn","message":"Note Not Found or Deleted","requestId":"5e5ec8cb-312a-4c15-aebf-648925474bdd","statusCode":403,"timestamp":"2025-04-17T00:21:10.417Z","type":"RESPONSE","user":"test@gmail.com"}
{"level":"info","message":"Outgoing Response","method":"GET","requestId":"5e5ec8cb-312a-4c15-aebf-648925474bdd","statusCode":403,"timestamp":"2025-04-17T00:21:10.418Z","type":"RESPONSE","url":"/api/note/8c946f2a33f604e5fe99485926d2cf39"}
{"level":"info","message":"Incoming Request","method":"OPTIONS","requestId":"12524b9b-6d18-4158-85ac-0f7b06e952a2","timestamp":"2025-04-17T00:21:21.098Z","type":"REQUEST","url":"/api/note"}
{"level":"info","message":"Outgoing Response","method":"OPTIONS","requestId":"12524b9b-6d18-4158-85ac-0f7b06e952a2","statusCode":204,"timestamp":"2025-04-17T00:21:21.099Z","type":"RESPONSE","url":"/api/note"}
{"level":"info","message":"Incoming Request","method":"POST","requestId":"94b60c21-8b75-451e-8417-f7694146f035","timestamp":"2025-04-17T00:21:21.100Z","type":"REQUEST","url":"/api/note"}
{"endpoint":"/api/note","level":"info","message":"Authentication Request","place":"AuthMiddleware","requestId":"94b60c21-8b75-451e-8417-f7694146f035","timestamp":"2025-04-17T00:21:21.101Z","type":"REQUEST"}
{"level":"info","message":"Authentication Successful","place":"AuthMiddleware","requestId":"94b60c21-8b75-451e-8417-f7694146f035","statusCode":200,"timestamp":"2025-04-17T00:21:21.101Z","type":"RESPONSE","user":{"email":"test@gmail.com","id":"675732c53bd346493e3b9124"}}
{"class":"NotesController","funtion":"createNote","level":"info","message":"Create Note Request","payload":{"confirmBeforeDestruction":false,"email":"","noteText":"asdfa","password":"","referenceName":"","selfDestructTime":"After reading it"},"requestId":"94b60c21-8b75-451e-8417-f7694146f035","timestamp":"2025-04-17T00:21:21.101Z","type":"REQUEST","user":"test@gmail.com"}
{"class":"NoteService","function":"createNote","level":"info","message":"Create Note Request","payload":{"confirmBeforeDestruction":false,"email":"","noteText":"asdfa","password":"","referenceName":"","selfDestructTime":"After reading it"},"requestId":"MISSING","timestamp":"2025-04-17T00:21:21.101Z","type":"REQUEST"}
{"class":"NoteService","function":"createNote","level":"info","message":"Note Created Successfully","noteId":"c095af9c14c508d9f4d1e38743de0364","requestId":"MISSING","statusCode":201,"timestamp":"2025-04-17T00:21:21.127Z","type":"RESPONSE"}
{"class":"NotesController","funtion":"createNote","level":"info","message":"Note Created Successfully","requestId":"94b60c21-8b75-451e-8417-f7694146f035","response":{"message":"Note created","noteId":"c095af9c14c508d9f4d1e38743de0364"},"statusCode":200,"timestamp":"2025-04-17T00:21:21.127Z","type":"RESPONSE","user":"test@gmail.com"}
{"level":"info","message":"Outgoing Response","method":"POST","requestId":"94b60c21-8b75-451e-8417-f7694146f035","statusCode":200,"timestamp":"2025-04-17T00:21:21.128Z","type":"RESPONSE","url":"/api/note"}
{"level":"info","message":"Incoming Request","method":"OPTIONS","requestId":"21d1594c-fd2a-4eba-9fcd-6c61f6a6aa7a","timestamp":"2025-04-17T00:21:28.316Z","type":"REQUEST","url":"/api/note/c095af9c14c508d9f4d1e38743de0364"}
{"level":"info","message":"Outgoing Response","method":"OPTIONS","requestId":"21d1594c-fd2a-4eba-9fcd-6c61f6a6aa7a","statusCode":204,"timestamp":"2025-04-17T00:21:28.316Z","type":"RESPONSE","url":"/api/note/c095af9c14c508d9f4d1e38743de0364"}
{"level":"info","message":"Incoming Request","method":"GET","requestId":"c368a580-5c47-4d35-a908-d617f62f30ee","timestamp":"2025-04-17T00:21:28.318Z","type":"REQUEST","url":"/api/note/c095af9c14c508d9f4d1e38743de0364"}
{"endpoint":"/api/note/c095af9c14c508d9f4d1e38743de0364","level":"info","message":"Authentication Request","place":"AuthMiddleware","requestId":"c368a580-5c47-4d35-a908-d617f62f30ee","timestamp":"2025-04-17T00:21:28.318Z","type":"REQUEST"}
{"level":"info","message":"Authentication Successful","place":"AuthMiddleware","requestId":"c368a580-5c47-4d35-a908-d617f62f30ee","statusCode":200,"timestamp":"2025-04-17T00:21:28.319Z","type":"RESPONSE","user":{"email":"test@gmail.com","id":"675732c53bd346493e3b9124"}}
{"class":"NotesController","customId":"c095af9c14c508d9f4d1e38743de0364","funtion":"getNoteById","level":"info","message":"Get Note By ID Request","requestId":"c368a580-5c47-4d35-a908-d617f62f30ee","timestamp":"2025-04-17T00:21:28.319Z","type":"REQUEST","user":"test@gmail.com"}
{"class":"NoteService","customId":"c095af9c14c508d9f4d1e38743de0364","function":"getNoteByIdAndStatus","level":"info","message":"Get Note By ID and Status Request","requestId":"c368a580-5c47-4d35-a908-d617f62f30ee","timestamp":"2025-04-17T00:21:28.319Z","type":"REQUEST"}
{"class":"GenericService","function":"findOne","level":"info","message":"Find Document Request","model":"Note","query":{"customId":"c095af9c14c508d9f4d1e38743de0364"},"requestId":"c368a580-5c47-4d35-a908-d617f62f30ee","timestamp":"2025-04-17T00:21:28.319Z","type":"REQUEST"}
{"class":"GenericService","documentId":"6800498114401643f8caa966","function":"findOne","level":"info","message":"Document Found Successfully","model":"Note","requestId":"c368a580-5c47-4d35-a908-d617f62f30ee","timestamp":"2025-04-17T00:21:28.345Z","type":"RESPONSE"}
{"class":"NoteService","customId":"c095af9c14c508d9f4d1e38743de0364","function":"getNoteByIdAndStatus","level":"info","message":"Note Retrieved Successfully","note":{"text":"asdfa"},"requestId":"c368a580-5c47-4d35-a908-d617f62f30ee","statusCode":200,"timestamp":"2025-04-17T00:21:28.346Z","type":"RESPONSE"}
{"class":"NotesController","customId":"c095af9c14c508d9f4d1e38743de0364","funtion":"getNoteById","level":"info","message":"Note Retrieved Successfully","note":{"confirmBeforeDestruction":false,"text":"asdfa"},"requestId":"c368a580-5c47-4d35-a908-d617f62f30ee","statusCode":200,"timestamp":"2025-04-17T00:21:28.346Z","type":"RESPONSE","user":"test@gmail.com"}
{"level":"info","message":"Outgoing Response","method":"GET","requestId":"c368a580-5c47-4d35-a908-d617f62f30ee","statusCode":200,"timestamp":"2025-04-17T00:21:28.346Z","type":"RESPONSE","url":"/api/note/c095af9c14c508d9f4d1e38743de0364"}
{"level":"info","message":"Incoming Request","method":"OPTIONS","requestId":"d6a5ed69-00f2-4983-a592-48d45b9e7fc5","timestamp":"2025-04-17T00:21:39.668Z","type":"REQUEST","url":"/api/note"}
{"level":"info","message":"Outgoing Response","method":"OPTIONS","requestId":"d6a5ed69-00f2-4983-a592-48d45b9e7fc5","statusCode":204,"timestamp":"2025-04-17T00:21:39.668Z","type":"RESPONSE","url":"/api/note"}
{"level":"info","message":"Incoming Request","method":"POST","requestId":"26a1d610-2b9f-4ade-9ced-5e109d32040f","timestamp":"2025-04-17T00:21:39.670Z","type":"REQUEST","url":"/api/note"}
{"endpoint":"/api/note","level":"info","message":"Authentication Request","place":"AuthMiddleware","requestId":"26a1d610-2b9f-4ade-9ced-5e109d32040f","timestamp":"2025-04-17T00:21:39.670Z","type":"REQUEST"}
{"level":"info","message":"Authentication Successful","place":"AuthMiddleware","requestId":"26a1d610-2b9f-4ade-9ced-5e109d32040f","statusCode":200,"timestamp":"2025-04-17T00:21:39.670Z","type":"RESPONSE","user":{"email":"test@gmail.com","id":"675732c53bd346493e3b9124"}}
{"class":"NotesController","funtion":"createNote","level":"info","message":"Create Note Request","payload":{"confirmBeforeDestruction":false,"email":"","noteText":"asd","password":"","referenceName":"","selfDestructTime":"After reading it"},"requestId":"26a1d610-2b9f-4ade-9ced-5e109d32040f","timestamp":"2025-04-17T00:21:39.671Z","type":"REQUEST","user":"test@gmail.com"}
{"class":"NoteService","function":"createNote","level":"info","message":"Create Note Request","payload":{"confirmBeforeDestruction":false,"email":"","noteText":"asd","password":"","referenceName":"","selfDestructTime":"After reading it"},"requestId":"MISSING","timestamp":"2025-04-17T00:21:39.671Z","type":"REQUEST"}
{"class":"NoteService","function":"createNote","level":"info","message":"Note Created Successfully","noteId":"3fb67e00de84142b7fd76be0fa8da1d7","requestId":"MISSING","statusCode":201,"timestamp":"2025-04-17T00:21:39.704Z","type":"RESPONSE"}
{"class":"NotesController","funtion":"createNote","level":"info","message":"Note Created Successfully","requestId":"26a1d610-2b9f-4ade-9ced-5e109d32040f","response":{"message":"Note created","noteId":"3fb67e00de84142b7fd76be0fa8da1d7"},"statusCode":200,"timestamp":"2025-04-17T00:21:39.704Z","type":"RESPONSE","user":"test@gmail.com"}
{"level":"info","message":"Outgoing Response","method":"POST","requestId":"26a1d610-2b9f-4ade-9ced-5e109d32040f","statusCode":200,"timestamp":"2025-04-17T00:21:39.705Z","type":"RESPONSE","url":"/api/note"}
{"level":"info","message":"Incoming Request","method":"OPTIONS","requestId":"0751df5b-0edc-413d-b688-9c353c7950be","timestamp":"2025-04-17T00:21:40.830Z","type":"REQUEST","url":"/api/delete/3fb67e00de84142b7fd76be0fa8da1d7"}
{"level":"info","message":"Outgoing Response","method":"OPTIONS","requestId":"0751df5b-0edc-413d-b688-9c353c7950be","statusCode":204,"timestamp":"2025-04-17T00:21:40.830Z","type":"RESPONSE","url":"/api/delete/3fb67e00de84142b7fd76be0fa8da1d7"}
{"level":"info","message":"Incoming Request","method":"DELETE","requestId":"5a9b1d6f-c71f-4f5f-a83f-d883b2cf8e3a","timestamp":"2025-04-17T00:21:40.833Z","type":"REQUEST","url":"/api/delete/3fb67e00de84142b7fd76be0fa8da1d7"}
{"endpoint":"/api/delete/3fb67e00de84142b7fd76be0fa8da1d7","level":"info","message":"Authentication Request","place":"AuthMiddleware","requestId":"5a9b1d6f-c71f-4f5f-a83f-d883b2cf8e3a","timestamp":"2025-04-17T00:21:40.833Z","type":"REQUEST"}
{"level":"info","message":"Authentication Successful","place":"AuthMiddleware","requestId":"5a9b1d6f-c71f-4f5f-a83f-d883b2cf8e3a","statusCode":200,"timestamp":"2025-04-17T00:21:40.833Z","type":"RESPONSE","user":{"email":"test@gmail.com","id":"675732c53bd346493e3b9124"}}
{"class":"NotesController","customId":"3fb67e00de84142b7fd76be0fa8da1d7","funtion":"deleteNote","level":"info","message":"Delete Note Request","requestId":"5a9b1d6f-c71f-4f5f-a83f-d883b2cf8e3a","timestamp":"2025-04-17T00:21:40.834Z","type":"REQUEST","user":"test@gmail.com"}
{"class":"NoteService","customId":"3fb67e00de84142b7fd76be0fa8da1d7","function":"deleteNote","level":"info","message":"Delete Note Request","requestId":"5a9b1d6f-c71f-4f5f-a83f-d883b2cf8e3a","timestamp":"2025-04-17T00:21:40.834Z","type":"REQUEST"}
{"class":"GenericService","function":"updateOne","level":"info","message":"Update Document Request","model":"Note","query":{"customId":"3fb67e00de84142b7fd76be0fa8da1d7"},"requestId":"5a9b1d6f-c71f-4f5f-a83f-d883b2cf8e3a","timestamp":"2025-04-17T00:21:40.834Z","type":"REQUEST","update":{"$set":{"isDeleted":true}}}
{"class":"GenericService","function":"updateOne","level":"info","matchedCount":1,"message":"Document Updated Successfully","model":"Note","requestId":"5a9b1d6f-c71f-4f5f-a83f-d883b2cf8e3a","timestamp":"2025-04-17T00:21:40.860Z","type":"RESPONSE"}
{"class":"NoteService","customId":"3fb67e00de84142b7fd76be0fa8da1d7","function":"deleteNote","level":"info","message":"Note Deleted Successfully","requestId":"5a9b1d6f-c71f-4f5f-a83f-d883b2cf8e3a","statusCode":200,"timestamp":"2025-04-17T00:21:40.860Z","type":"RESPONSE"}
{"class":"NotesController","customId":"3fb67e00de84142b7fd76be0fa8da1d7","funtion":"deleteNote","level":"info","message":"Note Deleted Successfully","requestId":"5a9b1d6f-c71f-4f5f-a83f-d883b2cf8e3a","response":"Note has been deleted","statusCode":200,"timestamp":"2025-04-17T00:21:40.860Z","type":"RESPONSE","user":"test@gmail.com"}
{"level":"info","message":"Outgoing Response","method":"DELETE","requestId":"5a9b1d6f-c71f-4f5f-a83f-d883b2cf8e3a","statusCode":200,"timestamp":"2025-04-17T00:21:40.861Z","type":"RESPONSE","url":"/api/delete/3fb67e00de84142b7fd76be0fa8da1d7"}
{"level":"info","message":"Incoming Request","method":"OPTIONS","requestId":"7a3d3f44-915f-4cc7-86fb-21625cbc7eff","timestamp":"2025-04-17T00:22:34.044Z","type":"REQUEST","url":"/api/note"}
{"level":"info","message":"Outgoing Response","method":"OPTIONS","requestId":"7a3d3f44-915f-4cc7-86fb-21625cbc7eff","statusCode":204,"timestamp":"2025-04-17T00:22:34.045Z","type":"RESPONSE","url":"/api/note"}
{"level":"info","message":"Incoming Request","method":"POST","requestId":"f2cb090a-0f26-46cb-a23d-4fdb37871399","timestamp":"2025-04-17T00:22:34.045Z","type":"REQUEST","url":"/api/note"}
{"endpoint":"/api/note","level":"info","message":"Authentication Request","place":"AuthMiddleware","requestId":"f2cb090a-0f26-46cb-a23d-4fdb37871399","timestamp":"2025-04-17T00:22:34.046Z","type":"REQUEST"}
{"level":"info","message":"Authentication Successful","place":"AuthMiddleware","requestId":"f2cb090a-0f26-46cb-a23d-4fdb37871399","statusCode":200,"timestamp":"2025-04-17T00:22:34.047Z","type":"RESPONSE","user":{"email":"test@gmail.com","id":"675732c53bd346493e3b9124"}}
{"class":"NotesController","funtion":"createNote","level":"info","message":"Create Note Request","payload":{"confirmBeforeDestruction":false,"email":"","noteText":"adsad","password":"","referenceName":"","selfDestructTime":"After reading it"},"requestId":"f2cb090a-0f26-46cb-a23d-4fdb37871399","timestamp":"2025-04-17T00:22:34.047Z","type":"REQUEST","user":"test@gmail.com"}
{"class":"NoteService","function":"createNote","level":"info","message":"Create Note Request","payload":{"confirmBeforeDestruction":false,"email":"","noteText":"adsad","password":"","referenceName":"","selfDestructTime":"After reading it"},"requestId":"MISSING","timestamp":"2025-04-17T00:22:34.048Z","type":"REQUEST"}
{"class":"NoteService","function":"createNote","level":"info","message":"Note Created Successfully","noteId":"39fe9758d7caecd8f56488d99c7f136f","requestId":"MISSING","statusCode":201,"timestamp":"2025-04-17T00:22:34.075Z","type":"RESPONSE"}
{"class":"NotesController","funtion":"createNote","level":"info","message":"Note Created Successfully","requestId":"f2cb090a-0f26-46cb-a23d-4fdb37871399","response":{"message":"Note created","noteId":"39fe9758d7caecd8f56488d99c7f136f"},"statusCode":200,"timestamp":"2025-04-17T00:22:34.076Z","type":"RESPONSE","user":"test@gmail.com"}
{"level":"info","message":"Outgoing Response","method":"POST","requestId":"f2cb090a-0f26-46cb-a23d-4fdb37871399","statusCode":200,"timestamp":"2025-04-17T00:22:34.076Z","type":"RESPONSE","url":"/api/note"}
{"level":"info","message":"Incoming Request","method":"OPTIONS","requestId":"b9adfb74-9eb8-461b-a38d-45b514d76b13","timestamp":"2025-04-17T00:22:40.945Z","type":"REQUEST","url":"/api/note/39fe9758d7caecd8f56488d99c7f136f"}
{"level":"info","message":"Outgoing Response","method":"OPTIONS","requestId":"b9adfb74-9eb8-461b-a38d-45b514d76b13","statusCode":204,"timestamp":"2025-04-17T00:22:40.946Z","type":"RESPONSE","url":"/api/note/39fe9758d7caecd8f56488d99c7f136f"}
{"level":"info","message":"Incoming Request","method":"GET","requestId":"c8ad4fde-2350-469d-9e71-472c65faaa22","timestamp":"2025-04-17T00:22:40.947Z","type":"REQUEST","url":"/api/note/39fe9758d7caecd8f56488d99c7f136f"}
{"endpoint":"/api/note/39fe9758d7caecd8f56488d99c7f136f","level":"info","message":"Authentication Request","place":"AuthMiddleware","requestId":"c8ad4fde-2350-469d-9e71-472c65faaa22","timestamp":"2025-04-17T00:22:40.948Z","type":"REQUEST"}
{"level":"info","message":"Authentication Successful","place":"AuthMiddleware","requestId":"c8ad4fde-2350-469d-9e71-472c65faaa22","statusCode":200,"timestamp":"2025-04-17T00:22:40.948Z","type":"RESPONSE","user":{"email":"test@gmail.com","id":"675732c53bd346493e3b9124"}}
{"class":"NotesController","customId":"39fe9758d7caecd8f56488d99c7f136f","funtion":"getNoteById","level":"info","message":"Get Note By ID Request","requestId":"c8ad4fde-2350-469d-9e71-472c65faaa22","timestamp":"2025-04-17T00:22:40.948Z","type":"REQUEST","user":"test@gmail.com"}
{"class":"NoteService","customId":"39fe9758d7caecd8f56488d99c7f136f","function":"getNoteByIdAndStatus","level":"info","message":"Get Note By ID and Status Request","requestId":"c8ad4fde-2350-469d-9e71-472c65faaa22","timestamp":"2025-04-17T00:22:40.948Z","type":"REQUEST"}
{"class":"GenericService","function":"findOne","level":"info","message":"Find Document Request","model":"Note","query":{"customId":"39fe9758d7caecd8f56488d99c7f136f"},"requestId":"c8ad4fde-2350-469d-9e71-472c65faaa22","timestamp":"2025-04-17T00:22:40.949Z","type":"REQUEST"}
{"class":"GenericService","documentId":"680049ca14401643f8caa96c","function":"findOne","level":"info","message":"Document Found Successfully","model":"Note","requestId":"c8ad4fde-2350-469d-9e71-472c65faaa22","timestamp":"2025-04-17T00:22:40.971Z","type":"RESPONSE"}
{"class":"NoteService","customId":"39fe9758d7caecd8f56488d99c7f136f","function":"getNoteByIdAndStatus","level":"info","message":"Note Retrieved Successfully","note":{"text":"adsad"},"requestId":"c8ad4fde-2350-469d-9e71-472c65faaa22","statusCode":200,"timestamp":"2025-04-17T00:22:40.971Z","type":"RESPONSE"}
{"class":"NotesController","customId":"39fe9758d7caecd8f56488d99c7f136f","funtion":"getNoteById","level":"info","message":"Note Retrieved Successfully","note":{"confirmBeforeDestruction":false,"text":"adsad"},"requestId":"c8ad4fde-2350-469d-9e71-472c65faaa22","statusCode":200,"timestamp":"2025-04-17T00:22:40.972Z","type":"RESPONSE","user":"test@gmail.com"}
{"level":"info","message":"Outgoing Response","method":"GET","requestId":"c8ad4fde-2350-469d-9e71-472c65faaa22","statusCode":200,"timestamp":"2025-04-17T00:22:40.972Z","type":"RESPONSE","url":"/api/note/39fe9758d7caecd8f56488d99c7f136f"}
{"level":"info","message":"Incoming Request","method":"OPTIONS","requestId":"aa246e04-a951-424d-9ae3-7df4f18b8a08","timestamp":"2025-04-17T00:23:29.724Z","type":"REQUEST","url":"/api/note"}
{"level":"info","message":"Outgoing Response","method":"OPTIONS","requestId":"aa246e04-a951-424d-9ae3-7df4f18b8a08","statusCode":204,"timestamp":"2025-04-17T00:23:29.725Z","type":"RESPONSE","url":"/api/note"}
{"level":"info","message":"Incoming Request","method":"POST","requestId":"43b61750-83b6-474d-9b4b-fb5666630408","timestamp":"2025-04-17T00:23:29.726Z","type":"REQUEST","url":"/api/note"}
{"endpoint":"/api/note","level":"info","message":"Authentication Request","place":"AuthMiddleware","requestId":"43b61750-83b6-474d-9b4b-fb5666630408","timestamp":"2025-04-17T00:23:29.727Z","type":"REQUEST"}
{"level":"info","message":"Authentication Successful","place":"AuthMiddleware","requestId":"43b61750-83b6-474d-9b4b-fb5666630408","statusCode":200,"timestamp":"2025-04-17T00:23:29.728Z","type":"RESPONSE","user":{"email":"test@gmail.com","id":"675732c53bd346493e3b9124"}}
{"class":"NotesController","funtion":"createNote","level":"info","message":"Create Note Request","payload":{"confirmBeforeDestruction":false,"email":"","noteText":"asda","password":"","referenceName":"","selfDestructTime":"After reading it"},"requestId":"43b61750-83b6-474d-9b4b-fb5666630408","timestamp":"2025-04-17T00:23:29.728Z","type":"REQUEST","user":"test@gmail.com"}
{"class":"NoteService","function":"createNote","level":"info","message":"Create Note Request","payload":{"confirmBeforeDestruction":false,"email":"","noteText":"asda","password":"","referenceName":"","selfDestructTime":"After reading it"},"requestId":"MISSING","timestamp":"2025-04-17T00:23:29.728Z","type":"REQUEST"}
{"class":"NoteService","function":"createNote","level":"info","message":"Note Created Successfully","noteId":"28eb4bc5d99d1017edecf7a55bb93c67","requestId":"MISSING","statusCode":201,"timestamp":"2025-04-17T00:23:29.752Z","type":"RESPONSE"}
{"class":"NotesController","funtion":"createNote","level":"info","message":"Note Created Successfully","requestId":"43b61750-83b6-474d-9b4b-fb5666630408","response":{"message":"Note created","noteId":"28eb4bc5d99d1017edecf7a55bb93c67"},"statusCode":200,"timestamp":"2025-04-17T00:23:29.753Z","type":"RESPONSE","user":"test@gmail.com"}
{"level":"info","message":"Outgoing Response","method":"POST","requestId":"43b61750-83b6-474d-9b4b-fb5666630408","statusCode":200,"timestamp":"2025-04-17T00:23:29.754Z","type":"RESPONSE","url":"/api/note"}
{"level":"info","message":"Incoming Request","method":"OPTIONS","requestId":"3fbe235c-139a-4fa2-a230-f734c72f74a3","timestamp":"2025-04-17T00:23:36.546Z","type":"REQUEST","url":"/api/note/28eb4bc5d99d1017edecf7a55bb93c67"}
{"level":"info","message":"Outgoing Response","method":"OPTIONS","requestId":"3fbe235c-139a-4fa2-a230-f734c72f74a3","statusCode":204,"timestamp":"2025-04-17T00:23:36.547Z","type":"RESPONSE","url":"/api/note/28eb4bc5d99d1017edecf7a55bb93c67"}
{"level":"info","message":"Incoming Request","method":"GET","requestId":"afc70d5c-928d-4d51-a888-41c842f057ad","timestamp":"2025-04-17T00:23:36.549Z","type":"REQUEST","url":"/api/note/28eb4bc5d99d1017edecf7a55bb93c67"}
{"endpoint":"/api/note/28eb4bc5d99d1017edecf7a55bb93c67","level":"info","message":"Authentication Request","place":"AuthMiddleware","requestId":"afc70d5c-928d-4d51-a888-41c842f057ad","timestamp":"2025-04-17T00:23:36.549Z","type":"REQUEST"}
{"level":"info","message":"Authentication Successful","place":"AuthMiddleware","requestId":"afc70d5c-928d-4d51-a888-41c842f057ad","statusCode":200,"timestamp":"2025-04-17T00:23:36.550Z","type":"RESPONSE","user":{"email":"test@gmail.com","id":"675732c53bd346493e3b9124"}}
{"class":"NotesController","customId":"28eb4bc5d99d1017edecf7a55bb93c67","funtion":"getNoteById","level":"info","message":"Get Note By ID Request","requestId":"afc70d5c-928d-4d51-a888-41c842f057ad","timestamp":"2025-04-17T00:23:36.550Z","type":"REQUEST","user":"test@gmail.com"}
{"class":"NoteService","customId":"28eb4bc5d99d1017edecf7a55bb93c67","function":"getNoteByIdAndStatus","level":"info","message":"Get Note By ID and Status Request","requestId":"afc70d5c-928d-4d51-a888-41c842f057ad","timestamp":"2025-04-17T00:23:36.550Z","type":"REQUEST"}
{"class":"GenericService","function":"findOne","level":"info","message":"Find Document Request","model":"Note","query":{"customId":"28eb4bc5d99d1017edecf7a55bb93c67"},"requestId":"afc70d5c-928d-4d51-a888-41c842f057ad","timestamp":"2025-04-17T00:23:36.550Z","type":"REQUEST"}
{"class":"GenericService","documentId":"68004a0114401643f8caa96f","function":"findOne","level":"info","message":"Document Found Successfully","model":"Note","requestId":"afc70d5c-928d-4d51-a888-41c842f057ad","timestamp":"2025-04-17T00:23:36.571Z","type":"RESPONSE"}
{"class":"NoteService","customId":"28eb4bc5d99d1017edecf7a55bb93c67","function":"getNoteByIdAndStatus","level":"info","message":"Note Retrieved Successfully","note":{"text":"asda"},"requestId":"afc70d5c-928d-4d51-a888-41c842f057ad","statusCode":200,"timestamp":"2025-04-17T00:23:36.571Z","type":"RESPONSE"}
{"class":"NotesController","customId":"28eb4bc5d99d1017edecf7a55bb93c67","funtion":"getNoteById","level":"info","message":"Note Retrieved Successfully","note":{"confirmBeforeDestruction":false,"text":"asda"},"requestId":"afc70d5c-928d-4d51-a888-41c842f057ad","statusCode":200,"timestamp":"2025-04-17T00:23:36.571Z","type":"RESPONSE","user":"test@gmail.com"}
{"level":"info","message":"Outgoing Response","method":"GET","requestId":"afc70d5c-928d-4d51-a888-41c842f057ad","statusCode":200,"timestamp":"2025-04-17T00:23:36.572Z","type":"RESPONSE","url":"/api/note/28eb4bc5d99d1017edecf7a55bb93c67"}
{"level":"info","message":"Incoming Request","method":"OPTIONS","requestId":"830e04c5-adcd-41f7-b581-0a2056a26f59","timestamp":"2025-04-17T00:24:55.194Z","type":"REQUEST","url":"/api/login"}
{"level":"info","message":"Outgoing Response","method":"OPTIONS","requestId":"830e04c5-adcd-41f7-b581-0a2056a26f59","statusCode":204,"timestamp":"2025-04-17T00:24:55.195Z","type":"RESPONSE","url":"/api/login"}
{"level":"info","message":"Incoming Request","method":"POST","requestId":"a0041ba7-1aff-42dd-a06b-1fa848f7ee67","timestamp":"2025-04-17T00:24:55.196Z","type":"REQUEST","url":"/api/login"}
{"class":"UserController","email":"test@gmail.com","funtion":"login","level":"info","message":"User login attempt","requestId":"a0041ba7-1aff-42dd-a06b-1fa848f7ee67","timestamp":"2025-04-17T00:24:55.196Z","type":"REQUEST"}
{"class":"UserController","email":"test@gmail.com","funtion":"login","level":"info","message":"User login successful","requestId":"a0041ba7-1aff-42dd-a06b-1fa848f7ee67","statusCode":200,"timestamp":"2025-04-17T00:24:55.268Z","type":"RESPONSE"}
{"level":"info","message":"Outgoing Response","method":"POST","requestId":"a0041ba7-1aff-42dd-a06b-1fa848f7ee67","statusCode":200,"timestamp":"2025-04-17T00:24:55.269Z","type":"RESPONSE","url":"/api/login"}
{"level":"info","message":"Incoming Request","method":"OPTIONS","requestId":"6a96a9b1-1668-468f-8207-056b504a8508","timestamp":"2025-04-17T00:25:37.462Z","type":"REQUEST","url":"/api/login"}
{"level":"info","message":"Outgoing Response","method":"OPTIONS","requestId":"6a96a9b1-1668-468f-8207-056b504a8508","statusCode":204,"timestamp":"2025-04-17T00:25:37.463Z","type":"RESPONSE","url":"/api/login"}
{"level":"info","message":"Incoming Request","method":"POST","requestId":"a51e12a2-fcde-436f-8be3-8afb938eb014","timestamp":"2025-04-17T00:25:37.464Z","type":"REQUEST","url":"/api/login"}
{"class":"UserController","email":"test@gmail.com","funtion":"login","level":"info","message":"User login attempt","requestId":"a51e12a2-fcde-436f-8be3-8afb938eb014","timestamp":"2025-04-17T00:25:37.465Z","type":"REQUEST"}
{"class":"UserController","email":"test@gmail.com","funtion":"login","level":"info","message":"User login successful","requestId":"a51e12a2-fcde-436f-8be3-8afb938eb014","statusCode":200,"timestamp":"2025-04-17T00:25:37.538Z","type":"RESPONSE"}
{"level":"info","message":"Outgoing Response","method":"POST","requestId":"a51e12a2-fcde-436f-8be3-8afb938eb014","statusCode":200,"timestamp":"2025-04-17T00:25:37.539Z","type":"RESPONSE","url":"/api/login"}
